solid OpenSCAD_Model
  facet normal -1 0 0
    outer loop
      vertex 2.99 2.09 2.6
      vertex 2.99 2.99 3
      vertex 2.99 2.99 2.6
    endloop
  endfacet
  facet normal -1 -0 0
    outer loop
      vertex 2.99 2.99 3
      vertex 2.99 2.09 2.6
      vertex 2.99 2.09 3
    endloop
  endfacet
  facet normal 1 -0 0
    outer loop
      vertex 2.09 2.09 3
      vertex 2.09 2.99 2.6
      vertex 2.09 2.99 3
    endloop
  endfacet
  facet normal 1 0 0
    outer loop
      vertex 2.09 2.99 2.6
      vertex 2.09 2.09 3
      vertex 2.09 2.09 2.6
    endloop
  endfacet
  facet normal 0 -1 0
    outer loop
      vertex 2.09 2.99 2.6
      vertex 2.99 2.99 3
      vertex 2.09 2.99 3
    endloop
  endfacet
  facet normal 0 -1 -0
    outer loop
      vertex 2.99 2.99 3
      vertex 2.09 2.99 2.6
      vertex 2.99 2.99 2.6
    endloop
  endfacet
  facet normal 0 1 -0
    outer loop
      vertex 2.99 2.09 2.6
      vertex 2.09 2.09 3
      vertex 2.99 2.09 3
    endloop
  endfacet
  facet normal 0 1 0
    outer loop
      vertex 2.09 2.09 3
      vertex 2.99 2.09 2.6
      vertex 2.09 2.09 2.6
    endloop
  endfacet
  facet normal -1 0 0
    outer loop
      vertex 5.53 2.09 2.6
      vertex 5.53 2.99 3
      vertex 5.53 2.99 2.6
    endloop
  endfacet
  facet normal -1 -0 0
    outer loop
      vertex 5.53 2.99 3
      vertex 5.53 2.09 2.6
      vertex 5.53 2.09 3
    endloop
  endfacet
  facet normal 1 -0 0
    outer loop
      vertex 4.63 2.09 3
      vertex 4.63 2.99 2.6
      vertex 4.63 2.99 3
    endloop
  endfacet
  facet normal 1 0 0
    outer loop
      vertex 4.63 2.99 2.6
      vertex 4.63 2.09 3
      vertex 4.63 2.09 2.6
    endloop
  endfacet
  facet normal 0 -1 0
    outer loop
      vertex 4.63 2.99 2.6
      vertex 5.53 2.99 3
      vertex 4.63 2.99 3
    endloop
  endfacet
  facet normal 0 -1 -0
    outer loop
      vertex 5.53 2.99 3
      vertex 4.63 2.99 2.6
      vertex 5.53 2.99 2.6
    endloop
  endfacet
  facet normal 0 1 -0
    outer loop
      vertex 5.53 2.09 2.6
      vertex 4.63 2.09 3
      vertex 5.53 2.09 3
    endloop
  endfacet
  facet normal 0 1 0
    outer loop
      vertex 4.63 2.09 3
      vertex 5.53 2.09 2.6
      vertex 4.63 2.09 2.6
    endloop
  endfacet
  facet normal -1 0 0
    outer loop
      vertex 8.07 2.09 2.6
      vertex 8.07 2.99 3
      vertex 8.07 2.99 2.6
    endloop
  endfacet
  facet normal -1 -0 0
    outer loop
      vertex 8.07 2.99 3
      vertex 8.07 2.09 2.6
      vertex 8.07 2.09 3
    endloop
  endfacet
  facet normal 1 -0 0
    outer loop
      vertex 7.17 2.09 3
      vertex 7.17 2.99 2.6
      vertex 7.17 2.99 3
    endloop
  endfacet
  facet normal 1 0 0
    outer loop
      vertex 7.17 2.99 2.6
      vertex 7.17 2.09 3
      vertex 7.17 2.09 2.6
    endloop
  endfacet
  facet normal 0 -1 0
    outer loop
      vertex 7.17 2.99 2.6
      vertex 8.07 2.99 3
      vertex 7.17 2.99 3
    endloop
  endfacet
  facet normal 0 -1 -0
    outer loop
      vertex 8.07 2.99 3
      vertex 7.17 2.99 2.6
      vertex 8.07 2.99 2.6
    endloop
  endfacet
  facet normal 0 1 -0
    outer loop
      vertex 8.07 2.09 2.6
      vertex 7.17 2.09 3
      vertex 8.07 2.09 3
    endloop
  endfacet
  facet normal 0 1 0
    outer loop
      vertex 7.17 2.09 3
      vertex 8.07 2.09 2.6
      vertex 7.17 2.09 2.6
    endloop
  endfacet
  facet normal -1 0 0
    outer loop
      vertex 10.61 2.09 2.6
      vertex 10.61 2.99 3
      vertex 10.61 2.99 2.6
    endloop
  endfacet
  facet normal -1 -0 0
    outer loop
      vertex 10.61 2.99 3
      vertex 10.61 2.09 2.6
      vertex 10.61 2.09 3
    endloop
  endfacet
  facet normal 1 -0 0
    outer loop
      vertex 9.71 2.09 3
      vertex 9.71 2.99 2.6
      vertex 9.71 2.99 3
    endloop
  endfacet
  facet normal 1 0 0
    outer loop
      vertex 9.71 2.99 2.6
      vertex 9.71 2.09 3
      vertex 9.71 2.09 2.6
    endloop
  endfacet
  facet normal 0 -1 0
    outer loop
      vertex 9.71 2.99 2.6
      vertex 10.61 2.99 3
      vertex 9.71 2.99 3
    endloop
  endfacet
  facet normal 0 -1 -0
    outer loop
      vertex 10.61 2.99 3
      vertex 9.71 2.99 2.6
      vertex 10.61 2.99 2.6
    endloop
  endfacet
  facet normal 0 1 -0
    outer loop
      vertex 10.61 2.09 2.6
      vertex 9.71 2.09 3
      vertex 10.61 2.09 3
    endloop
  endfacet
  facet normal 0 1 0
    outer loop
      vertex 9.71 2.09 3
      vertex 10.61 2.09 2.6
      vertex 9.71 2.09 2.6
    endloop
  endfacet
  facet normal -1 0 0
    outer loop
      vertex 13.15 2.09 2.6
      vertex 13.15 2.99 3
      vertex 13.15 2.99 2.6
    endloop
  endfacet
  facet normal -1 -0 0
    outer loop
      vertex 13.15 2.99 3
      vertex 13.15 2.09 2.6
      vertex 13.15 2.09 3
    endloop
  endfacet
  facet normal 1 -0 0
    outer loop
      vertex 12.25 2.09 3
      vertex 12.25 2.99 2.6
      vertex 12.25 2.99 3
    endloop
  endfacet
  facet normal 1 0 0
    outer loop
      vertex 12.25 2.99 2.6
      vertex 12.25 2.09 3
      vertex 12.25 2.09 2.6
    endloop
  endfacet
  facet normal 0 -1 0
    outer loop
      vertex 12.25 2.99 2.6
      vertex 13.15 2.99 3
      vertex 12.25 2.99 3
    endloop
  endfacet
  facet normal 0 -1 -0
    outer loop
      vertex 13.15 2.99 3
      vertex 12.25 2.99 2.6
      vertex 13.15 2.99 2.6
    endloop
  endfacet
  facet normal 0 1 -0
    outer loop
      vertex 13.15 2.09 2.6
      vertex 12.25 2.09 3
      vertex 13.15 2.09 3
    endloop
  endfacet
  facet normal 0 1 0
    outer loop
      vertex 12.25 2.09 3
      vertex 13.15 2.09 2.6
      vertex 12.25 2.09 2.6
    endloop
  endfacet
  facet normal -1 0 0
    outer loop
      vertex 15.69 2.09 2.6
      vertex 15.69 2.99 3
      vertex 15.69 2.99 2.6
    endloop
  endfacet
  facet normal -1 -0 0
    outer loop
      vertex 15.69 2.99 3
      vertex 15.69 2.09 2.6
      vertex 15.69 2.09 3
    endloop
  endfacet
  facet normal 1 -0 0
    outer loop
      vertex 14.79 2.09 3
      vertex 14.79 2.99 2.6
      vertex 14.79 2.99 3
    endloop
  endfacet
  facet normal 1 0 0
    outer loop
      vertex 14.79 2.99 2.6
      vertex 14.79 2.09 3
      vertex 14.79 2.09 2.6
    endloop
  endfacet
  facet normal 0 -1 0
    outer loop
      vertex 14.79 2.99 2.6
      vertex 15.69 2.99 3
      vertex 14.79 2.99 3
    endloop
  endfacet
  facet normal 0 -1 -0
    outer loop
      vertex 15.69 2.99 3
      vertex 14.79 2.99 2.6
      vertex 15.69 2.99 2.6
    endloop
  endfacet
  facet normal 0 1 -0
    outer loop
      vertex 15.69 2.09 2.6
      vertex 14.79 2.09 3
      vertex 15.69 2.09 3
    endloop
  endfacet
  facet normal 0 1 0
    outer loop
      vertex 14.79 2.09 3
      vertex 15.69 2.09 2.6
      vertex 14.79 2.09 2.6
    endloop
  endfacet
  facet normal -1 0 0
    outer loop
      vertex 18.23 2.09 2.6
      vertex 18.23 2.99 3
      vertex 18.23 2.99 2.6
    endloop
  endfacet
  facet normal -1 -0 0
    outer loop
      vertex 18.23 2.99 3
      vertex 18.23 2.09 2.6
      vertex 18.23 2.09 3
    endloop
  endfacet
  facet normal 1 -0 0
    outer loop
      vertex 17.33 2.09 3
      vertex 17.33 2.99 2.6
      vertex 17.33 2.99 3
    endloop
  endfacet
  facet normal 1 0 0
    outer loop
      vertex 17.33 2.99 2.6
      vertex 17.33 2.09 3
      vertex 17.33 2.09 2.6
    endloop
  endfacet
  facet normal 0 -1 0
    outer loop
      vertex 17.33 2.99 2.6
      vertex 18.23 2.99 3
      vertex 17.33 2.99 3
    endloop
  endfacet
  facet normal 0 -1 -0
    outer loop
      vertex 18.23 2.99 3
      vertex 17.33 2.99 2.6
      vertex 18.23 2.99 2.6
    endloop
  endfacet
  facet normal 0 1 -0
    outer loop
      vertex 18.23 2.09 2.6
      vertex 17.33 2.09 3
      vertex 18.23 2.09 3
    endloop
  endfacet
  facet normal 0 1 0
    outer loop
      vertex 17.33 2.09 3
      vertex 18.23 2.09 2.6
      vertex 17.33 2.09 2.6
    endloop
  endfacet
  facet normal -1 0 0
    outer loop
      vertex 20.77 2.09 2.6
      vertex 20.77 2.99 3
      vertex 20.77 2.99 2.6
    endloop
  endfacet
  facet normal -1 -0 0
    outer loop
      vertex 20.77 2.99 3
      vertex 20.77 2.09 2.6
      vertex 20.77 2.09 3
    endloop
  endfacet
  facet normal 1 -0 0
    outer loop
      vertex 19.87 2.09 3
      vertex 19.87 2.99 2.6
      vertex 19.87 2.99 3
    endloop
  endfacet
  facet normal 1 0 0
    outer loop
      vertex 19.87 2.99 2.6
      vertex 19.87 2.09 3
      vertex 19.87 2.09 2.6
    endloop
  endfacet
  facet normal 0 -1 0
    outer loop
      vertex 19.87 2.99 2.6
      vertex 20.77 2.99 3
      vertex 19.87 2.99 3
    endloop
  endfacet
  facet normal 0 -1 -0
    outer loop
      vertex 20.77 2.99 3
      vertex 19.87 2.99 2.6
      vertex 20.77 2.99 2.6
    endloop
  endfacet
  facet normal 0 1 -0
    outer loop
      vertex 20.77 2.09 2.6
      vertex 19.87 2.09 3
      vertex 20.77 2.09 3
    endloop
  endfacet
  facet normal 0 1 0
    outer loop
      vertex 19.87 2.09 3
      vertex 20.77 2.09 2.6
      vertex 19.87 2.09 2.6
    endloop
  endfacet
  facet normal -1 0 0
    outer loop
      vertex 21.71 1.15 0
      vertex 21.71 3.93 2.6
      vertex 21.71 3.93 0
    endloop
  endfacet
  facet normal -1 -0 0
    outer loop
      vertex 21.71 3.93 2.6
      vertex 21.71 1.15 0
      vertex 21.71 1.15 2.6
    endloop
  endfacet
  facet normal 0 0 -1
    outer loop
      vertex 21.71 1.15 2.6
      vertex 20.77 2.09 2.6
      vertex 21.71 3.93 2.6
    endloop
  endfacet
  facet normal 0 0 -1
    outer loop
      vertex 21.71 1.15 2.6
      vertex 19.87 2.09 2.6
      vertex 20.77 2.09 2.6
    endloop
  endfacet
  facet normal 0 0 -1
    outer loop
      vertex 19.87 2.09 2.6
      vertex 18.23 2.09 2.6
      vertex 19.87 2.99 2.6
    endloop
  endfacet
  facet normal 0 0 -1
    outer loop
      vertex 21.71 1.15 2.6
      vertex 18.23 2.09 2.6
      vertex 19.87 2.09 2.6
    endloop
  endfacet
  facet normal 0 0 -1
    outer loop
      vertex 21.71 1.15 2.6
      vertex 17.33 2.09 2.6
      vertex 18.23 2.09 2.6
    endloop
  endfacet
  facet normal 0 0 -1
    outer loop
      vertex 17.33 2.09 2.6
      vertex 15.69 2.09 2.6
      vertex 17.33 2.99 2.6
    endloop
  endfacet
  facet normal 0 0 -1
    outer loop
      vertex 21.71 1.15 2.6
      vertex 15.69 2.09 2.6
      vertex 17.33 2.09 2.6
    endloop
  endfacet
  facet normal 0 0 -1
    outer loop
      vertex 21.71 1.15 2.6
      vertex 14.79 2.09 2.6
      vertex 15.69 2.09 2.6
    endloop
  endfacet
  facet normal 0 0 -1
    outer loop
      vertex 14.79 2.09 2.6
      vertex 13.15 2.09 2.6
      vertex 14.79 2.99 2.6
    endloop
  endfacet
  facet normal 0 0 -1
    outer loop
      vertex 21.71 1.15 2.6
      vertex 13.15 2.09 2.6
      vertex 14.79 2.09 2.6
    endloop
  endfacet
  facet normal 0 0 -1
    outer loop
      vertex 21.71 1.15 2.6
      vertex 12.25 2.09 2.6
      vertex 13.15 2.09 2.6
    endloop
  endfacet
  facet normal 0 0 -1
    outer loop
      vertex 12.25 2.09 2.6
      vertex 10.61 2.09 2.6
      vertex 12.25 2.99 2.6
    endloop
  endfacet
  facet normal 0 0 -1
    outer loop
      vertex 21.71 1.15 2.6
      vertex 10.61 2.09 2.6
      vertex 12.25 2.09 2.6
    endloop
  endfacet
  facet normal 0 0 -1
    outer loop
      vertex 1.15 1.15 2.6
      vertex 10.61 2.09 2.6
      vertex 21.71 1.15 2.6
    endloop
  endfacet
  facet normal 0 0 -1
    outer loop
      vertex 9.71 2.09 2.6
      vertex 8.07 2.09 2.6
      vertex 9.71 2.99 2.6
    endloop
  endfacet
  facet normal -0 0 -1
    outer loop
      vertex 10.61 2.09 2.6
      vertex 1.15 1.15 2.6
      vertex 9.71 2.09 2.6
    endloop
  endfacet
  facet normal -0 0 -1
    outer loop
      vertex 9.71 2.09 2.6
      vertex 1.15 1.15 2.6
      vertex 8.07 2.09 2.6
    endloop
  endfacet
  facet normal 0 0 -1
    outer loop
      vertex 7.17 2.09 2.6
      vertex 5.53 2.09 2.6
      vertex 7.17 2.99 2.6
    endloop
  endfacet
  facet normal -0 0 -1
    outer loop
      vertex 8.07 2.09 2.6
      vertex 1.15 1.15 2.6
      vertex 7.17 2.09 2.6
    endloop
  endfacet
  facet normal -0 0 -1
    outer loop
      vertex 7.17 2.09 2.6
      vertex 1.15 1.15 2.6
      vertex 5.53 2.09 2.6
    endloop
  endfacet
  facet normal 0 0 -1
    outer loop
      vertex 4.63 2.09 2.6
      vertex 2.99 2.09 2.6
      vertex 4.63 2.99 2.6
    endloop
  endfacet
  facet normal -0 0 -1
    outer loop
      vertex 5.53 2.09 2.6
      vertex 1.15 1.15 2.6
      vertex 4.63 2.09 2.6
    endloop
  endfacet
  facet normal -0 0 -1
    outer loop
      vertex 4.63 2.09 2.6
      vertex 1.15 1.15 2.6
      vertex 2.99 2.09 2.6
    endloop
  endfacet
  facet normal -0 0 -1
    outer loop
      vertex 2.09 2.09 2.6
      vertex 1.15 1.15 2.6
      vertex 2.09 2.99 2.6
    endloop
  endfacet
  facet normal -0 0 -1
    outer loop
      vertex 2.99 2.09 2.6
      vertex 1.15 1.15 2.6
      vertex 2.09 2.09 2.6
    endloop
  endfacet
  facet normal 0 0 -1
    outer loop
      vertex 20.77 2.99 2.6
      vertex 21.71 3.93 2.6
      vertex 20.77 2.09 2.6
    endloop
  endfacet
  facet normal 0 0 -1
    outer loop
      vertex 19.87 2.99 2.6
      vertex 21.71 3.93 2.6
      vertex 20.77 2.99 2.6
    endloop
  endfacet
  facet normal 0 0 -1
    outer loop
      vertex 18.23 2.99 2.6
      vertex 19.87 2.99 2.6
      vertex 18.23 2.09 2.6
    endloop
  endfacet
  facet normal 0 0 -1
    outer loop
      vertex 18.23 2.99 2.6
      vertex 21.71 3.93 2.6
      vertex 19.87 2.99 2.6
    endloop
  endfacet
  facet normal 0 0 -1
    outer loop
      vertex 17.33 2.99 2.6
      vertex 21.71 3.93 2.6
      vertex 18.23 2.99 2.6
    endloop
  endfacet
  facet normal 0 0 -1
    outer loop
      vertex 15.69 2.99 2.6
      vertex 17.33 2.99 2.6
      vertex 15.69 2.09 2.6
    endloop
  endfacet
  facet normal 0 0 -1
    outer loop
      vertex 15.69 2.99 2.6
      vertex 21.71 3.93 2.6
      vertex 17.33 2.99 2.6
    endloop
  endfacet
  facet normal 0 0 -1
    outer loop
      vertex 14.79 2.99 2.6
      vertex 21.71 3.93 2.6
      vertex 15.69 2.99 2.6
    endloop
  endfacet
  facet normal 0 0 -1
    outer loop
      vertex 13.15 2.99 2.6
      vertex 14.79 2.99 2.6
      vertex 13.15 2.09 2.6
    endloop
  endfacet
  facet normal 0 0 -1
    outer loop
      vertex 13.15 2.99 2.6
      vertex 21.71 3.93 2.6
      vertex 14.79 2.99 2.6
    endloop
  endfacet
  facet normal 0 0 -1
    outer loop
      vertex 12.25 2.99 2.6
      vertex 21.71 3.93 2.6
      vertex 13.15 2.99 2.6
    endloop
  endfacet
  facet normal 0 0 -1
    outer loop
      vertex 10.61 2.99 2.6
      vertex 12.25 2.99 2.6
      vertex 10.61 2.09 2.6
    endloop
  endfacet
  facet normal 0 0 -1
    outer loop
      vertex 10.61 2.99 2.6
      vertex 21.71 3.93 2.6
      vertex 12.25 2.99 2.6
    endloop
  endfacet
  facet normal 0 0 -1
    outer loop
      vertex 1.15 3.93 2.6
      vertex 10.61 2.99 2.6
      vertex 9.71 2.99 2.6
    endloop
  endfacet
  facet normal 0 0 -1
    outer loop
      vertex 8.07 2.99 2.6
      vertex 9.71 2.99 2.6
      vertex 8.07 2.09 2.6
    endloop
  endfacet
  facet normal 0 0 -1
    outer loop
      vertex 1.15 3.93 2.6
      vertex 9.71 2.99 2.6
      vertex 8.07 2.99 2.6
    endloop
  endfacet
  facet normal 0 0 -1
    outer loop
      vertex 1.15 3.93 2.6
      vertex 8.07 2.99 2.6
      vertex 7.17 2.99 2.6
    endloop
  endfacet
  facet normal 0 0 -1
    outer loop
      vertex 5.53 2.99 2.6
      vertex 7.17 2.99 2.6
      vertex 5.53 2.09 2.6
    endloop
  endfacet
  facet normal 0 0 -1
    outer loop
      vertex 1.15 3.93 2.6
      vertex 7.17 2.99 2.6
      vertex 5.53 2.99 2.6
    endloop
  endfacet
  facet normal 0 0 -1
    outer loop
      vertex 1.15 3.93 2.6
      vertex 5.53 2.99 2.6
      vertex 4.63 2.99 2.6
    endloop
  endfacet
  facet normal 0 0 -1
    outer loop
      vertex 2.99 2.99 2.6
      vertex 4.63 2.99 2.6
      vertex 2.99 2.09 2.6
    endloop
  endfacet
  facet normal 0 0 -1
    outer loop
      vertex 1.15 3.93 2.6
      vertex 4.63 2.99 2.6
      vertex 2.99 2.99 2.6
    endloop
  endfacet
  facet normal 0 0 -1
    outer loop
      vertex 1.15 3.93 2.6
      vertex 2.99 2.99 2.6
      vertex 2.09 2.99 2.6
    endloop
  endfacet
  facet normal 0 0 -1
    outer loop
      vertex 10.61 2.99 2.6
      vertex 1.15 3.93 2.6
      vertex 21.71 3.93 2.6
    endloop
  endfacet
  facet normal 0 0 -1
    outer loop
      vertex 1.15 3.93 2.6
      vertex 2.09 2.99 2.6
      vertex 1.15 1.15 2.6
    endloop
  endfacet
  facet normal 1 -0 0
    outer loop
      vertex 1.15 1.15 2.6
      vertex 1.15 3.93 0
      vertex 1.15 3.93 2.6
    endloop
  endfacet
  facet normal 1 0 0
    outer loop
      vertex 1.15 3.93 0
      vertex 1.15 1.15 2.6
      vertex 1.15 1.15 0
    endloop
  endfacet
  facet normal 0 -1 0
    outer loop
      vertex 1.15 3.93 0
      vertex 21.71 3.93 2.6
      vertex 1.15 3.93 2.6
    endloop
  endfacet
  facet normal 0 -1 -0
    outer loop
      vertex 21.71 3.93 2.6
      vertex 1.15 3.93 0
      vertex 21.71 3.93 0
    endloop
  endfacet
  facet normal 0 1 -0
    outer loop
      vertex 21.71 1.15 0
      vertex 1.15 1.15 2.6
      vertex 21.71 1.15 2.6
    endloop
  endfacet
  facet normal 0 1 0
    outer loop
      vertex 1.15 1.15 2.6
      vertex 21.71 1.15 0
      vertex 1.15 1.15 0
    endloop
  endfacet
  facet normal -1 0 0
    outer loop
      vertex 24.83 2.09 2.6
      vertex 24.83 2.99 3
      vertex 24.83 2.99 2.6
    endloop
  endfacet
  facet normal -1 -0 0
    outer loop
      vertex 24.83 2.99 3
      vertex 24.83 2.09 2.6
      vertex 24.83 2.09 3
    endloop
  endfacet
  facet normal 1 -0 0
    outer loop
      vertex 23.93 2.09 3
      vertex 23.93 2.99 2.6
      vertex 23.93 2.99 3
    endloop
  endfacet
  facet normal 1 0 0
    outer loop
      vertex 23.93 2.99 2.6
      vertex 23.93 2.09 3
      vertex 23.93 2.09 2.6
    endloop
  endfacet
  facet normal 0 -1 0
    outer loop
      vertex 23.93 2.99 2.6
      vertex 24.83 2.99 3
      vertex 23.93 2.99 3
    endloop
  endfacet
  facet normal 0 -1 -0
    outer loop
      vertex 24.83 2.99 3
      vertex 23.93 2.99 2.6
      vertex 24.83 2.99 2.6
    endloop
  endfacet
  facet normal 0 1 -0
    outer loop
      vertex 24.83 2.09 2.6
      vertex 23.93 2.09 3
      vertex 24.83 2.09 3
    endloop
  endfacet
  facet normal 0 1 0
    outer loop
      vertex 23.93 2.09 3
      vertex 24.83 2.09 2.6
      vertex 23.93 2.09 2.6
    endloop
  endfacet
  facet normal -1 0 0
    outer loop
      vertex 27.37 2.09 2.6
      vertex 27.37 2.99 3
      vertex 27.37 2.99 2.6
    endloop
  endfacet
  facet normal -1 -0 0
    outer loop
      vertex 27.37 2.99 3
      vertex 27.37 2.09 2.6
      vertex 27.37 2.09 3
    endloop
  endfacet
  facet normal 1 -0 0
    outer loop
      vertex 26.47 2.09 3
      vertex 26.47 2.99 2.6
      vertex 26.47 2.99 3
    endloop
  endfacet
  facet normal 1 0 0
    outer loop
      vertex 26.47 2.99 2.6
      vertex 26.47 2.09 3
      vertex 26.47 2.09 2.6
    endloop
  endfacet
  facet normal 0 -1 0
    outer loop
      vertex 26.47 2.99 2.6
      vertex 27.37 2.99 3
      vertex 26.47 2.99 3
    endloop
  endfacet
  facet normal 0 -1 -0
    outer loop
      vertex 27.37 2.99 3
      vertex 26.47 2.99 2.6
      vertex 27.37 2.99 2.6
    endloop
  endfacet
  facet normal 0 1 -0
    outer loop
      vertex 27.37 2.09 2.6
      vertex 26.47 2.09 3
      vertex 27.37 2.09 3
    endloop
  endfacet
  facet normal 0 1 0
    outer loop
      vertex 26.47 2.09 3
      vertex 27.37 2.09 2.6
      vertex 26.47 2.09 2.6
    endloop
  endfacet
  facet normal -1 0 0
    outer loop
      vertex 29.91 2.09 2.6
      vertex 29.91 2.99 3
      vertex 29.91 2.99 2.6
    endloop
  endfacet
  facet normal -1 -0 0
    outer loop
      vertex 29.91 2.99 3
      vertex 29.91 2.09 2.6
      vertex 29.91 2.09 3
    endloop
  endfacet
  facet normal 1 -0 0
    outer loop
      vertex 29.01 2.09 3
      vertex 29.01 2.99 2.6
      vertex 29.01 2.99 3
    endloop
  endfacet
  facet normal 1 0 0
    outer loop
      vertex 29.01 2.99 2.6
      vertex 29.01 2.09 3
      vertex 29.01 2.09 2.6
    endloop
  endfacet
  facet normal 0 -1 0
    outer loop
      vertex 29.01 2.99 2.6
      vertex 29.91 2.99 3
      vertex 29.01 2.99 3
    endloop
  endfacet
  facet normal 0 -1 -0
    outer loop
      vertex 29.91 2.99 3
      vertex 29.01 2.99 2.6
      vertex 29.91 2.99 2.6
    endloop
  endfacet
  facet normal 0 1 -0
    outer loop
      vertex 29.91 2.09 2.6
      vertex 29.01 2.09 3
      vertex 29.91 2.09 3
    endloop
  endfacet
  facet normal 0 1 0
    outer loop
      vertex 29.01 2.09 3
      vertex 29.91 2.09 2.6
      vertex 29.01 2.09 2.6
    endloop
  endfacet
  facet normal -1 0 0
    outer loop
      vertex 32.45 2.09 2.6
      vertex 32.45 2.99 3
      vertex 32.45 2.99 2.6
    endloop
  endfacet
  facet normal -1 -0 0
    outer loop
      vertex 32.45 2.99 3
      vertex 32.45 2.09 2.6
      vertex 32.45 2.09 3
    endloop
  endfacet
  facet normal 1 -0 0
    outer loop
      vertex 31.55 2.09 3
      vertex 31.55 2.99 2.6
      vertex 31.55 2.99 3
    endloop
  endfacet
  facet normal 1 0 0
    outer loop
      vertex 31.55 2.99 2.6
      vertex 31.55 2.09 3
      vertex 31.55 2.09 2.6
    endloop
  endfacet
  facet normal 0 -1 0
    outer loop
      vertex 31.55 2.99 2.6
      vertex 32.45 2.99 3
      vertex 31.55 2.99 3
    endloop
  endfacet
  facet normal 0 -1 -0
    outer loop
      vertex 32.45 2.99 3
      vertex 31.55 2.99 2.6
      vertex 32.45 2.99 2.6
    endloop
  endfacet
  facet normal 0 1 -0
    outer loop
      vertex 32.45 2.09 2.6
      vertex 31.55 2.09 3
      vertex 32.45 2.09 3
    endloop
  endfacet
  facet normal 0 1 0
    outer loop
      vertex 31.55 2.09 3
      vertex 32.45 2.09 2.6
      vertex 31.55 2.09 2.6
    endloop
  endfacet
  facet normal -1 0 0
    outer loop
      vertex 34.99 2.09 2.6
      vertex 34.99 2.99 3
      vertex 34.99 2.99 2.6
    endloop
  endfacet
  facet normal -1 -0 0
    outer loop
      vertex 34.99 2.99 3
      vertex 34.99 2.09 2.6
      vertex 34.99 2.09 3
    endloop
  endfacet
  facet normal 1 -0 0
    outer loop
      vertex 34.09 2.09 3
      vertex 34.09 2.99 2.6
      vertex 34.09 2.99 3
    endloop
  endfacet
  facet normal 1 0 0
    outer loop
      vertex 34.09 2.99 2.6
      vertex 34.09 2.09 3
      vertex 34.09 2.09 2.6
    endloop
  endfacet
  facet normal 0 -1 0
    outer loop
      vertex 34.09 2.99 2.6
      vertex 34.99 2.99 3
      vertex 34.09 2.99 3
    endloop
  endfacet
  facet normal 0 -1 -0
    outer loop
      vertex 34.99 2.99 3
      vertex 34.09 2.99 2.6
      vertex 34.99 2.99 2.6
    endloop
  endfacet
  facet normal 0 1 -0
    outer loop
      vertex 34.99 2.09 2.6
      vertex 34.09 2.09 3
      vertex 34.99 2.09 3
    endloop
  endfacet
  facet normal 0 1 0
    outer loop
      vertex 34.09 2.09 3
      vertex 34.99 2.09 2.6
      vertex 34.09 2.09 2.6
    endloop
  endfacet
  facet normal -1 0 0
    outer loop
      vertex 37.53 2.09 2.6
      vertex 37.53 2.99 3
      vertex 37.53 2.99 2.6
    endloop
  endfacet
  facet normal -1 -0 0
    outer loop
      vertex 37.53 2.99 3
      vertex 37.53 2.09 2.6
      vertex 37.53 2.09 3
    endloop
  endfacet
  facet normal 1 -0 0
    outer loop
      vertex 36.63 2.09 3
      vertex 36.63 2.99 2.6
      vertex 36.63 2.99 3
    endloop
  endfacet
  facet normal 1 0 0
    outer loop
      vertex 36.63 2.99 2.6
      vertex 36.63 2.09 3
      vertex 36.63 2.09 2.6
    endloop
  endfacet
  facet normal 0 -1 0
    outer loop
      vertex 36.63 2.99 2.6
      vertex 37.53 2.99 3
      vertex 36.63 2.99 3
    endloop
  endfacet
  facet normal 0 -1 -0
    outer loop
      vertex 37.53 2.99 3
      vertex 36.63 2.99 2.6
      vertex 37.53 2.99 2.6
    endloop
  endfacet
  facet normal 0 1 -0
    outer loop
      vertex 37.53 2.09 2.6
      vertex 36.63 2.09 3
      vertex 37.53 2.09 3
    endloop
  endfacet
  facet normal 0 1 0
    outer loop
      vertex 36.63 2.09 3
      vertex 37.53 2.09 2.6
      vertex 36.63 2.09 2.6
    endloop
  endfacet
  facet normal -1 0 0
    outer loop
      vertex 40.07 2.09 2.6
      vertex 40.07 2.99 3
      vertex 40.07 2.99 2.6
    endloop
  endfacet
  facet normal -1 -0 0
    outer loop
      vertex 40.07 2.99 3
      vertex 40.07 2.09 2.6
      vertex 40.07 2.09 3
    endloop
  endfacet
  facet normal 1 -0 0
    outer loop
      vertex 39.17 2.09 3
      vertex 39.17 2.99 2.6
      vertex 39.17 2.99 3
    endloop
  endfacet
  facet normal 1 0 0
    outer loop
      vertex 39.17 2.99 2.6
      vertex 39.17 2.09 3
      vertex 39.17 2.09 2.6
    endloop
  endfacet
  facet normal 0 -1 0
    outer loop
      vertex 39.17 2.99 2.6
      vertex 40.07 2.99 3
      vertex 39.17 2.99 3
    endloop
  endfacet
  facet normal 0 -1 -0
    outer loop
      vertex 40.07 2.99 3
      vertex 39.17 2.99 2.6
      vertex 40.07 2.99 2.6
    endloop
  endfacet
  facet normal 0 1 -0
    outer loop
      vertex 40.07 2.09 2.6
      vertex 39.17 2.09 3
      vertex 40.07 2.09 3
    endloop
  endfacet
  facet normal 0 1 0
    outer loop
      vertex 39.17 2.09 3
      vertex 40.07 2.09 2.6
      vertex 39.17 2.09 2.6
    endloop
  endfacet
  facet normal -1 0 0
    outer loop
      vertex 42.61 2.09 2.6
      vertex 42.61 2.99 3
      vertex 42.61 2.99 2.6
    endloop
  endfacet
  facet normal -1 -0 0
    outer loop
      vertex 42.61 2.99 3
      vertex 42.61 2.09 2.6
      vertex 42.61 2.09 3
    endloop
  endfacet
  facet normal 1 -0 0
    outer loop
      vertex 41.71 2.09 3
      vertex 41.71 2.99 2.6
      vertex 41.71 2.99 3
    endloop
  endfacet
  facet normal 1 0 0
    outer loop
      vertex 41.71 2.99 2.6
      vertex 41.71 2.09 3
      vertex 41.71 2.09 2.6
    endloop
  endfacet
  facet normal 0 -1 0
    outer loop
      vertex 41.71 2.99 2.6
      vertex 42.61 2.99 3
      vertex 41.71 2.99 3
    endloop
  endfacet
  facet normal 0 -1 -0
    outer loop
      vertex 42.61 2.99 3
      vertex 41.71 2.99 2.6
      vertex 42.61 2.99 2.6
    endloop
  endfacet
  facet normal 0 1 -0
    outer loop
      vertex 42.61 2.09 2.6
      vertex 41.71 2.09 3
      vertex 42.61 2.09 3
    endloop
  endfacet
  facet normal 0 1 0
    outer loop
      vertex 41.71 2.09 3
      vertex 42.61 2.09 2.6
      vertex 41.71 2.09 2.6
    endloop
  endfacet
  facet normal -1 0 0
    outer loop
      vertex 45.15 2.09 2.6
      vertex 45.15 2.99 3
      vertex 45.15 2.99 2.6
    endloop
  endfacet
  facet normal -1 -0 0
    outer loop
      vertex 45.15 2.99 3
      vertex 45.15 2.09 2.6
      vertex 45.15 2.09 3
    endloop
  endfacet
  facet normal 1 -0 0
    outer loop
      vertex 44.25 2.09 3
      vertex 44.25 2.99 2.6
      vertex 44.25 2.99 3
    endloop
  endfacet
  facet normal 1 0 0
    outer loop
      vertex 44.25 2.99 2.6
      vertex 44.25 2.09 3
      vertex 44.25 2.09 2.6
    endloop
  endfacet
  facet normal 0 -1 0
    outer loop
      vertex 44.25 2.99 2.6
      vertex 45.15 2.99 3
      vertex 44.25 2.99 3
    endloop
  endfacet
  facet normal 0 -1 -0
    outer loop
      vertex 45.15 2.99 3
      vertex 44.25 2.99 2.6
      vertex 45.15 2.99 2.6
    endloop
  endfacet
  facet normal 0 1 -0
    outer loop
      vertex 45.15 2.09 2.6
      vertex 44.25 2.09 3
      vertex 45.15 2.09 3
    endloop
  endfacet
  facet normal 0 1 0
    outer loop
      vertex 44.25 2.09 3
      vertex 45.15 2.09 2.6
      vertex 44.25 2.09 2.6
    endloop
  endfacet
  facet normal -1 0 0
    outer loop
      vertex 47.69 2.09 2.6
      vertex 47.69 2.99 3
      vertex 47.69 2.99 2.6
    endloop
  endfacet
  facet normal -1 -0 0
    outer loop
      vertex 47.69 2.99 3
      vertex 47.69 2.09 2.6
      vertex 47.69 2.09 3
    endloop
  endfacet
  facet normal 1 -0 0
    outer loop
      vertex 46.79 2.09 3
      vertex 46.79 2.99 2.6
      vertex 46.79 2.99 3
    endloop
  endfacet
  facet normal 1 0 0
    outer loop
      vertex 46.79 2.99 2.6
      vertex 46.79 2.09 3
      vertex 46.79 2.09 2.6
    endloop
  endfacet
  facet normal 0 -1 0
    outer loop
      vertex 46.79 2.99 2.6
      vertex 47.69 2.99 3
      vertex 46.79 2.99 3
    endloop
  endfacet
  facet normal 0 -1 -0
    outer loop
      vertex 47.69 2.99 3
      vertex 46.79 2.99 2.6
      vertex 47.69 2.99 2.6
    endloop
  endfacet
  facet normal 0 1 -0
    outer loop
      vertex 47.69 2.09 2.6
      vertex 46.79 2.09 3
      vertex 47.69 2.09 3
    endloop
  endfacet
  facet normal 0 1 0
    outer loop
      vertex 46.79 2.09 3
      vertex 47.69 2.09 2.6
      vertex 46.79 2.09 2.6
    endloop
  endfacet
  facet normal -1 0 0
    outer loop
      vertex 48.63 1.15 0
      vertex 48.63 3.93 2.6
      vertex 48.63 3.93 0
    endloop
  endfacet
  facet normal -1 -0 0
    outer loop
      vertex 48.63 3.93 2.6
      vertex 48.63 1.15 0
      vertex 48.63 1.15 2.6
    endloop
  endfacet
  facet normal 0 0 -1
    outer loop
      vertex 48.63 1.15 2.6
      vertex 47.69 2.09 2.6
      vertex 48.63 3.93 2.6
    endloop
  endfacet
  facet normal 0 0 -1
    outer loop
      vertex 48.63 1.15 2.6
      vertex 46.79 2.09 2.6
      vertex 47.69 2.09 2.6
    endloop
  endfacet
  facet normal 0 0 -1
    outer loop
      vertex 46.79 2.09 2.6
      vertex 45.15 2.09 2.6
      vertex 46.79 2.99 2.6
    endloop
  endfacet
  facet normal 0 0 -1
    outer loop
      vertex 48.63 1.15 2.6
      vertex 45.15 2.09 2.6
      vertex 46.79 2.09 2.6
    endloop
  endfacet
  facet normal 0 0 -1
    outer loop
      vertex 48.63 1.15 2.6
      vertex 44.25 2.09 2.6
      vertex 45.15 2.09 2.6
    endloop
  endfacet
  facet normal 0 0 -1
    outer loop
      vertex 44.25 2.09 2.6
      vertex 42.61 2.09 2.6
      vertex 44.25 2.99 2.6
    endloop
  endfacet
  facet normal 0 0 -1
    outer loop
      vertex 48.63 1.15 2.6
      vertex 42.61 2.09 2.6
      vertex 44.25 2.09 2.6
    endloop
  endfacet
  facet normal 0 0 -1
    outer loop
      vertex 48.63 1.15 2.6
      vertex 41.71 2.09 2.6
      vertex 42.61 2.09 2.6
    endloop
  endfacet
  facet normal 0 0 -1
    outer loop
      vertex 41.71 2.09 2.6
      vertex 40.07 2.09 2.6
      vertex 41.71 2.99 2.6
    endloop
  endfacet
  facet normal 0 0 -1
    outer loop
      vertex 48.63 1.15 2.6
      vertex 40.07 2.09 2.6
      vertex 41.71 2.09 2.6
    endloop
  endfacet
  facet normal 0 0 -1
    outer loop
      vertex 48.63 1.15 2.6
      vertex 39.17 2.09 2.6
      vertex 40.07 2.09 2.6
    endloop
  endfacet
  facet normal 0 0 -1
    outer loop
      vertex 39.17 2.09 2.6
      vertex 37.53 2.09 2.6
      vertex 39.17 2.99 2.6
    endloop
  endfacet
  facet normal 0 0 -1
    outer loop
      vertex 48.63 1.15 2.6
      vertex 37.53 2.09 2.6
      vertex 39.17 2.09 2.6
    endloop
  endfacet
  facet normal 0 0 -1
    outer loop
      vertex 48.63 1.15 2.6
      vertex 36.63 2.09 2.6
      vertex 37.53 2.09 2.6
    endloop
  endfacet
  facet normal 0 0 -1
    outer loop
      vertex 36.63 2.09 2.6
      vertex 34.99 2.09 2.6
      vertex 36.63 2.99 2.6
    endloop
  endfacet
  facet normal 0 0 -1
    outer loop
      vertex 48.63 1.15 2.6
      vertex 34.99 2.09 2.6
      vertex 36.63 2.09 2.6
    endloop
  endfacet
  facet normal 0 0 -1
    outer loop
      vertex 22.99 1.15 2.6
      vertex 34.99 2.09 2.6
      vertex 48.63 1.15 2.6
    endloop
  endfacet
  facet normal 0 0 -1
    outer loop
      vertex 34.09 2.09 2.6
      vertex 32.45 2.09 2.6
      vertex 34.09 2.99 2.6
    endloop
  endfacet
  facet normal -0 0 -1
    outer loop
      vertex 34.99 2.09 2.6
      vertex 22.99 1.15 2.6
      vertex 34.09 2.09 2.6
    endloop
  endfacet
  facet normal -0 0 -1
    outer loop
      vertex 34.09 2.09 2.6
      vertex 22.99 1.15 2.6
      vertex 32.45 2.09 2.6
    endloop
  endfacet
  facet normal 0 0 -1
    outer loop
      vertex 31.55 2.09 2.6
      vertex 29.91 2.09 2.6
      vertex 31.55 2.99 2.6
    endloop
  endfacet
  facet normal -0 0 -1
    outer loop
      vertex 32.45 2.09 2.6
      vertex 22.99 1.15 2.6
      vertex 31.55 2.09 2.6
    endloop
  endfacet
  facet normal -0 0 -1
    outer loop
      vertex 31.55 2.09 2.6
      vertex 22.99 1.15 2.6
      vertex 29.91 2.09 2.6
    endloop
  endfacet
  facet normal 0 0 -1
    outer loop
      vertex 29.01 2.09 2.6
      vertex 27.37 2.09 2.6
      vertex 29.01 2.99 2.6
    endloop
  endfacet
  facet normal -0 0 -1
    outer loop
      vertex 29.91 2.09 2.6
      vertex 22.99 1.15 2.6
      vertex 29.01 2.09 2.6
    endloop
  endfacet
  facet normal -0 0 -1
    outer loop
      vertex 29.01 2.09 2.6
      vertex 22.99 1.15 2.6
      vertex 27.37 2.09 2.6
    endloop
  endfacet
  facet normal 0 0 -1
    outer loop
      vertex 26.47 2.09 2.6
      vertex 24.83 2.09 2.6
      vertex 26.47 2.99 2.6
    endloop
  endfacet
  facet normal -0 0 -1
    outer loop
      vertex 27.37 2.09 2.6
      vertex 22.99 1.15 2.6
      vertex 26.47 2.09 2.6
    endloop
  endfacet
  facet normal -0 0 -1
    outer loop
      vertex 26.47 2.09 2.6
      vertex 22.99 1.15 2.6
      vertex 24.83 2.09 2.6
    endloop
  endfacet
  facet normal -0 0 -1
    outer loop
      vertex 23.93 2.09 2.6
      vertex 22.99 1.15 2.6
      vertex 23.93 2.99 2.6
    endloop
  endfacet
  facet normal -0 0 -1
    outer loop
      vertex 24.83 2.09 2.6
      vertex 22.99 1.15 2.6
      vertex 23.93 2.09 2.6
    endloop
  endfacet
  facet normal 0 0 -1
    outer loop
      vertex 47.69 2.99 2.6
      vertex 48.63 3.93 2.6
      vertex 47.69 2.09 2.6
    endloop
  endfacet
  facet normal 0 0 -1
    outer loop
      vertex 46.79 2.99 2.6
      vertex 48.63 3.93 2.6
      vertex 47.69 2.99 2.6
    endloop
  endfacet
  facet normal 0 0 -1
    outer loop
      vertex 45.15 2.99 2.6
      vertex 46.79 2.99 2.6
      vertex 45.15 2.09 2.6
    endloop
  endfacet
  facet normal 0 0 -1
    outer loop
      vertex 45.15 2.99 2.6
      vertex 48.63 3.93 2.6
      vertex 46.79 2.99 2.6
    endloop
  endfacet
  facet normal 0 0 -1
    outer loop
      vertex 44.25 2.99 2.6
      vertex 48.63 3.93 2.6
      vertex 45.15 2.99 2.6
    endloop
  endfacet
  facet normal 0 0 -1
    outer loop
      vertex 42.61 2.99 2.6
      vertex 44.25 2.99 2.6
      vertex 42.61 2.09 2.6
    endloop
  endfacet
  facet normal 0 0 -1
    outer loop
      vertex 42.61 2.99 2.6
      vertex 48.63 3.93 2.6
      vertex 44.25 2.99 2.6
    endloop
  endfacet
  facet normal 0 0 -1
    outer loop
      vertex 41.71 2.99 2.6
      vertex 48.63 3.93 2.6
      vertex 42.61 2.99 2.6
    endloop
  endfacet
  facet normal 0 0 -1
    outer loop
      vertex 40.07 2.99 2.6
      vertex 41.71 2.99 2.6
      vertex 40.07 2.09 2.6
    endloop
  endfacet
  facet normal 0 0 -1
    outer loop
      vertex 40.07 2.99 2.6
      vertex 48.63 3.93 2.6
      vertex 41.71 2.99 2.6
    endloop
  endfacet
  facet normal 0 0 -1
    outer loop
      vertex 39.17 2.99 2.6
      vertex 48.63 3.93 2.6
      vertex 40.07 2.99 2.6
    endloop
  endfacet
  facet normal 0 0 -1
    outer loop
      vertex 37.53 2.99 2.6
      vertex 39.17 2.99 2.6
      vertex 37.53 2.09 2.6
    endloop
  endfacet
  facet normal 0 0 -1
    outer loop
      vertex 37.53 2.99 2.6
      vertex 48.63 3.93 2.6
      vertex 39.17 2.99 2.6
    endloop
  endfacet
  facet normal 0 0 -1
    outer loop
      vertex 36.63 2.99 2.6
      vertex 48.63 3.93 2.6
      vertex 37.53 2.99 2.6
    endloop
  endfacet
  facet normal 0 0 -1
    outer loop
      vertex 34.99 2.99 2.6
      vertex 36.63 2.99 2.6
      vertex 34.99 2.09 2.6
    endloop
  endfacet
  facet normal 0 0 -1
    outer loop
      vertex 34.99 2.99 2.6
      vertex 48.63 3.93 2.6
      vertex 36.63 2.99 2.6
    endloop
  endfacet
  facet normal 0 0 -1
    outer loop
      vertex 22.99 3.93 2.6
      vertex 34.99 2.99 2.6
      vertex 34.09 2.99 2.6
    endloop
  endfacet
  facet normal 0 0 -1
    outer loop
      vertex 32.45 2.99 2.6
      vertex 34.09 2.99 2.6
      vertex 32.45 2.09 2.6
    endloop
  endfacet
  facet normal 0 0 -1
    outer loop
      vertex 22.99 3.93 2.6
      vertex 34.09 2.99 2.6
      vertex 32.45 2.99 2.6
    endloop
  endfacet
  facet normal 0 0 -1
    outer loop
      vertex 22.99 3.93 2.6
      vertex 32.45 2.99 2.6
      vertex 31.55 2.99 2.6
    endloop
  endfacet
  facet normal 0 0 -1
    outer loop
      vertex 29.91 2.99 2.6
      vertex 31.55 2.99 2.6
      vertex 29.91 2.09 2.6
    endloop
  endfacet
  facet normal 0 0 -1
    outer loop
      vertex 22.99 3.93 2.6
      vertex 31.55 2.99 2.6
      vertex 29.91 2.99 2.6
    endloop
  endfacet
  facet normal 0 0 -1
    outer loop
      vertex 22.99 3.93 2.6
      vertex 29.91 2.99 2.6
      vertex 29.01 2.99 2.6
    endloop
  endfacet
  facet normal 0 0 -1
    outer loop
      vertex 27.37 2.99 2.6
      vertex 29.01 2.99 2.6
      vertex 27.37 2.09 2.6
    endloop
  endfacet
  facet normal 0 0 -1
    outer loop
      vertex 22.99 3.93 2.6
      vertex 29.01 2.99 2.6
      vertex 27.37 2.99 2.6
    endloop
  endfacet
  facet normal 0 0 -1
    outer loop
      vertex 22.99 3.93 2.6
      vertex 27.37 2.99 2.6
      vertex 26.47 2.99 2.6
    endloop
  endfacet
  facet normal 0 0 -1
    outer loop
      vertex 24.83 2.99 2.6
      vertex 26.47 2.99 2.6
      vertex 24.83 2.09 2.6
    endloop
  endfacet
  facet normal 0 0 -1
    outer loop
      vertex 22.99 3.93 2.6
      vertex 26.47 2.99 2.6
      vertex 24.83 2.99 2.6
    endloop
  endfacet
  facet normal 0 0 -1
    outer loop
      vertex 22.99 3.93 2.6
      vertex 24.83 2.99 2.6
      vertex 23.93 2.99 2.6
    endloop
  endfacet
  facet normal 0 0 -1
    outer loop
      vertex 34.99 2.99 2.6
      vertex 22.99 3.93 2.6
      vertex 48.63 3.93 2.6
    endloop
  endfacet
  facet normal 0 0 -1
    outer loop
      vertex 22.99 3.93 2.6
      vertex 23.93 2.99 2.6
      vertex 22.99 1.15 2.6
    endloop
  endfacet
  facet normal 1 -0 0
    outer loop
      vertex 22.99 1.15 2.6
      vertex 22.99 3.93 0
      vertex 22.99 3.93 2.6
    endloop
  endfacet
  facet normal 1 0 0
    outer loop
      vertex 22.99 3.93 0
      vertex 22.99 1.15 2.6
      vertex 22.99 1.15 0
    endloop
  endfacet
  facet normal 0 -1 0
    outer loop
      vertex 22.99 3.93 0
      vertex 48.63 3.93 2.6
      vertex 22.99 3.93 2.6
    endloop
  endfacet
  facet normal 0 -1 -0
    outer loop
      vertex 48.63 3.93 2.6
      vertex 22.99 3.93 0
      vertex 48.63 3.93 0
    endloop
  endfacet
  facet normal 0 1 -0
    outer loop
      vertex 48.63 1.15 0
      vertex 22.99 1.15 2.6
      vertex 48.63 1.15 2.6
    endloop
  endfacet
  facet normal 0 1 0
    outer loop
      vertex 22.99 1.15 2.6
      vertex 48.63 1.15 0
      vertex 22.99 1.15 0
    endloop
  endfacet
  facet normal -0.989147 -0.146927 0
    outer loop
      vertex 11.0851 -7.69615 17
      vertex 11.0404 -7.39522 19.5
      vertex 11.0404 -7.39522 17
    endloop
  endfacet
  facet normal -0.989147 -0.146927 0
    outer loop
      vertex 11.0404 -7.39522 19.5
      vertex 11.0851 -7.69615 17
      vertex 11.0851 -7.69615 19.5
    endloop
  endfacet
  facet normal -0.9988 -0.0489785 0
    outer loop
      vertex 11.1 -8 17
      vertex 11.0851 -7.69615 19.5
      vertex 11.0851 -7.69615 17
    endloop
  endfacet
  facet normal -0.9988 -0.0489785 0
    outer loop
      vertex 11.0851 -7.69615 19.5
      vertex 11.1 -8 17
      vertex 11.1 -8 19.5
    endloop
  endfacet
  facet normal -0.970046 -0.242922 0
    outer loop
      vertex 11.0404 -7.39522 17
      vertex 10.9665 -7.10012 19.5
      vertex 10.9665 -7.10012 17
    endloop
  endfacet
  facet normal -0.970046 -0.242922 0
    outer loop
      vertex 10.9665 -7.10012 19.5
      vertex 11.0404 -7.39522 17
      vertex 11.0404 -7.39522 19.5
    endloop
  endfacet
  facet normal -0.803085 0.595864 0
    outer loop
      vertex 10.3963 -9.96662 17
      vertex 10.5776 -9.72227 19.5
      vertex 10.5776 -9.72227 17
    endloop
  endfacet
  facet normal -0.803085 0.595864 0
    outer loop
      vertex 10.5776 -9.72227 19.5
      vertex 10.3963 -9.96662 17
      vertex 10.3963 -9.96662 19.5
    endloop
  endfacet
  facet normal 0.740906 0.671609 0
    outer loop
      vertex 5.80797 -10.192 19.5
      vertex 5.60367 -9.96662 17
      vertex 5.60367 -9.96662 19.5
    endloop
  endfacet
  facet normal 0.740906 0.671609 0
    outer loop
      vertex 5.60367 -9.96662 17
      vertex 5.80797 -10.192 19.5
      vertex 5.80797 -10.192 17
    endloop
  endfacet
  facet normal 0.903989 -0.427555 0
    outer loop
      vertex 5.13597 -6.81368 19.5
      vertex 5.26604 -6.53867 17
      vertex 5.26604 -6.53867 19.5
    endloop
  endfacet
  facet normal 0.903989 -0.427555 0
    outer loop
      vertex 5.26604 -6.53867 17
      vertex 5.13597 -6.81368 19.5
      vertex 5.13597 -6.81368 17
    endloop
  endfacet
  facet normal -0.514099 -0.857731 0
    outer loop
      vertex 9.46133 -5.26604 17
      vertex 9.72227 -5.42244 19.5
      vertex 9.46133 -5.26604 19.5
    endloop
  endfacet
  facet normal -0.514099 -0.857731 -0
    outer loop
      vertex 9.72227 -5.42244 19.5
      vertex 9.46133 -5.26604 17
      vertex 9.72227 -5.42244 17
    endloop
  endfacet
  facet normal -0.0490769 -0.998795 0
    outer loop
      vertex 8 -4.9 17
      vertex 8.30385 -4.91493 19.5
      vertex 8 -4.9 19.5
    endloop
  endfacet
  facet normal -0.0490769 -0.998795 -0
    outer loop
      vertex 8.30385 -4.91493 19.5
      vertex 8 -4.9 17
      vertex 8.30385 -4.91493 17
    endloop
  endfacet
  facet normal 0.989176 0.146734 0
    outer loop
      vertex 4.95957 -8.60478 19.5
      vertex 4.91493 -8.30385 17
      vertex 4.91493 -8.30385 19.5
    endloop
  endfacet
  facet normal 0.989176 0.146734 0
    outer loop
      vertex 4.91493 -8.30385 17
      vertex 4.95957 -8.60478 19.5
      vertex 4.95957 -8.60478 17
    endloop
  endfacet
  facet normal -0.941534 -0.336919 0
    outer loop
      vertex 10.9665 -7.10012 17
      vertex 10.864 -6.81368 19.5
      vertex 10.864 -6.81368 17
    endloop
  endfacet
  facet normal -0.941534 -0.336919 0
    outer loop
      vertex 10.864 -6.81368 19.5
      vertex 10.9665 -7.10012 17
      vertex 10.9665 -7.10012 19.5
    endloop
  endfacet
  facet normal -0.9988 0.0489785 0
    outer loop
      vertex 11.0851 -8.30385 17
      vertex 11.1 -8 19.5
      vertex 11.1 -8 17
    endloop
  endfacet
  facet normal -0.9988 0.0489785 0
    outer loop
      vertex 11.1 -8 19.5
      vertex 11.0851 -8.30385 17
      vertex 11.0851 -8.30385 19.5
    endloop
  endfacet
  facet normal -0.941534 0.336919 0
    outer loop
      vertex 10.864 -9.18632 17
      vertex 10.9665 -8.89988 19.5
      vertex 10.9665 -8.89988 17
    endloop
  endfacet
  facet normal -0.941534 0.336919 0
    outer loop
      vertex 10.9665 -8.89988 19.5
      vertex 10.864 -9.18632 17
      vertex 10.864 -9.18632 19.5
    endloop
  endfacet
  facet normal -0.146927 0.989147 0
    outer loop
      vertex 8.60478 -11.0404 17
      vertex 8.30385 -11.0851 19.5
      vertex 8.60478 -11.0404 19.5
    endloop
  endfacet
  facet normal -0.146927 0.989147 0
    outer loop
      vertex 8.30385 -11.0851 19.5
      vertex 8.60478 -11.0404 17
      vertex 8.30385 -11.0851 17
    endloop
  endfacet
  facet normal 0.595716 -0.803195 0
    outer loop
      vertex 6.03338 -5.60367 17
      vertex 6.27773 -5.42244 19.5
      vertex 6.03338 -5.60367 19.5
    endloop
  endfacet
  facet normal 0.595716 -0.803195 0
    outer loop
      vertex 6.27773 -5.42244 19.5
      vertex 6.03338 -5.60367 17
      vertex 6.27773 -5.42244 17
    endloop
  endfacet
  facet normal -0.595716 -0.803195 0
    outer loop
      vertex 9.72227 -5.42244 17
      vertex 9.96662 -5.60367 19.5
      vertex 9.72227 -5.42244 19.5
    endloop
  endfacet
  facet normal -0.595716 -0.803195 -0
    outer loop
      vertex 9.96662 -5.60367 19.5
      vertex 9.72227 -5.42244 17
      vertex 9.96662 -5.60367 17
    endloop
  endfacet
  facet normal 0.427555 -0.903989 0
    outer loop
      vertex 6.53867 -5.26604 17
      vertex 6.81368 -5.13597 19.5
      vertex 6.53867 -5.26604 19.5
    endloop
  endfacet
  facet normal 0.427555 -0.903989 0
    outer loop
      vertex 6.81368 -5.13597 19.5
      vertex 6.53867 -5.26604 17
      vertex 6.81368 -5.13597 17
    endloop
  endfacet
  facet normal 0.427367 0.904078 -0
    outer loop
      vertex 6.81368 -10.864 17
      vertex 6.53867 -10.734 19.5
      vertex 6.81368 -10.864 19.5
    endloop
  endfacet
  facet normal 0.427367 0.904078 0
    outer loop
      vertex 6.53867 -10.734 19.5
      vertex 6.81368 -10.864 17
      vertex 6.53867 -10.734 17
    endloop
  endfacet
  facet normal 0.0490769 -0.998795 0
    outer loop
      vertex 7.69615 -4.91493 17
      vertex 8 -4.9 19.5
      vertex 7.69615 -4.91493 19.5
    endloop
  endfacet
  facet normal 0.0490769 -0.998795 0
    outer loop
      vertex 8 -4.9 19.5
      vertex 7.69615 -4.91493 17
      vertex 8 -4.9 17
    endloop
  endfacet
  facet normal 0.514099 -0.857731 0
    outer loop
      vertex 6.27773 -5.42244 17
      vertex 6.53867 -5.26604 19.5
      vertex 6.27773 -5.42244 19.5
    endloop
  endfacet
  facet normal 0.514099 -0.857731 0
    outer loop
      vertex 6.53867 -5.26604 19.5
      vertex 6.27773 -5.42244 17
      vertex 6.53867 -5.26604 17
    endloop
  endfacet
  facet normal -0.857731 -0.514099 0
    outer loop
      vertex 10.734 -6.53867 17
      vertex 10.5776 -6.27773 19.5
      vertex 10.5776 -6.27773 17
    endloop
  endfacet
  facet normal -0.857731 -0.514099 0
    outer loop
      vertex 10.5776 -6.27773 19.5
      vertex 10.734 -6.53867 17
      vertex 10.734 -6.53867 19.5
    endloop
  endfacet
  facet normal -0.970046 0.242922 0
    outer loop
      vertex 10.9665 -8.89988 17
      vertex 11.0404 -8.60478 19.5
      vertex 11.0404 -8.60478 17
    endloop
  endfacet
  facet normal -0.970046 0.242922 0
    outer loop
      vertex 11.0404 -8.60478 19.5
      vertex 10.9665 -8.89988 17
      vertex 10.9665 -8.89988 19.5
    endloop
  endfacet
  facet normal -0.427367 0.904078 0
    outer loop
      vertex 9.46133 -10.734 17
      vertex 9.18632 -10.864 19.5
      vertex 9.46133 -10.734 19.5
    endloop
  endfacet
  facet normal -0.427367 0.904078 0
    outer loop
      vertex 9.18632 -10.864 19.5
      vertex 9.46133 -10.734 17
      vertex 9.18632 -10.864 17
    endloop
  endfacet
  facet normal -0.740906 0.671609 0
    outer loop
      vertex 10.192 -10.192 17
      vertex 10.3963 -9.96662 19.5
      vertex 10.3963 -9.96662 17
    endloop
  endfacet
  facet normal -0.740906 0.671609 0
    outer loop
      vertex 10.3963 -9.96662 19.5
      vertex 10.192 -10.192 17
      vertex 10.192 -10.192 19.5
    endloop
  endfacet
  facet normal 0.33689 -0.941544 0
    outer loop
      vertex 6.81368 -5.13597 17
      vertex 7.10012 -5.03348 19.5
      vertex 6.81368 -5.13597 19.5
    endloop
  endfacet
  facet normal 0.33689 -0.941544 0
    outer loop
      vertex 7.10012 -5.03348 19.5
      vertex 6.81368 -5.13597 17
      vertex 7.10012 -5.03348 17
    endloop
  endfacet
  facet normal 0.740951 -0.671559 0
    outer loop
      vertex 5.60367 -6.03338 19.5
      vertex 5.80797 -5.80797 17
      vertex 5.80797 -5.80797 19.5
    endloop
  endfacet
  facet normal 0.740951 -0.671559 0
    outer loop
      vertex 5.80797 -5.80797 17
      vertex 5.60367 -6.03338 19.5
      vertex 5.60367 -6.03338 17
    endloop
  endfacet
  facet normal 0.998795 0.0490769 0
    outer loop
      vertex 4.91493 -8.30385 19.5
      vertex 4.9 -8 17
      vertex 4.9 -8 19.5
    endloop
  endfacet
  facet normal 0.998795 0.0490769 0
    outer loop
      vertex 4.9 -8 17
      vertex 4.91493 -8.30385 19.5
      vertex 4.91493 -8.30385 17
    endloop
  endfacet
  facet normal -0.427555 -0.903989 0
    outer loop
      vertex 9.18632 -5.13597 17
      vertex 9.46133 -5.26604 19.5
      vertex 9.18632 -5.13597 19.5
    endloop
  endfacet
  facet normal -0.427555 -0.903989 -0
    outer loop
      vertex 9.46133 -5.26604 19.5
      vertex 9.18632 -5.13597 17
      vertex 9.46133 -5.26604 17
    endloop
  endfacet
  facet normal -0.740951 -0.671559 0
    outer loop
      vertex 10.3963 -6.03338 17
      vertex 10.192 -5.80797 19.5
      vertex 10.192 -5.80797 17
    endloop
  endfacet
  facet normal -0.740951 -0.671559 0
    outer loop
      vertex 10.192 -5.80797 19.5
      vertex 10.3963 -6.03338 17
      vertex 10.3963 -6.03338 19.5
    endloop
  endfacet
  facet normal -0.989147 0.146927 0
    outer loop
      vertex 11.0404 -8.60478 17
      vertex 11.0851 -8.30385 19.5
      vertex 11.0851 -8.30385 17
    endloop
  endfacet
  facet normal -0.989147 0.146927 0
    outer loop
      vertex 11.0851 -8.30385 19.5
      vertex 11.0404 -8.60478 17
      vertex 11.0404 -8.60478 19.5
    endloop
  endfacet
  facet normal -0.803085 -0.595864 0
    outer loop
      vertex 10.5776 -6.27773 17
      vertex 10.3963 -6.03338 19.5
      vertex 10.3963 -6.03338 17
    endloop
  endfacet
  facet normal -0.803085 -0.595864 0
    outer loop
      vertex 10.3963 -6.03338 19.5
      vertex 10.5776 -6.27773 17
      vertex 10.5776 -6.27773 19.5
    endloop
  endfacet
  facet normal 0.671559 -0.740951 0
    outer loop
      vertex 5.80797 -5.80797 17
      vertex 6.03338 -5.60367 19.5
      vertex 5.80797 -5.80797 19.5
    endloop
  endfacet
  facet normal 0.671559 -0.740951 0
    outer loop
      vertex 6.03338 -5.60367 19.5
      vertex 5.80797 -5.80797 17
      vertex 6.03338 -5.60367 17
    endloop
  endfacet
  facet normal -0.336919 0.941534 0
    outer loop
      vertex 9.18632 -10.864 17
      vertex 8.89988 -10.9665 19.5
      vertex 9.18632 -10.864 19.5
    endloop
  endfacet
  facet normal -0.336919 0.941534 0
    outer loop
      vertex 8.89988 -10.9665 19.5
      vertex 9.18632 -10.864 17
      vertex 8.89988 -10.9665 17
    endloop
  endfacet
  facet normal -0.904078 0.427367 0
    outer loop
      vertex 10.734 -9.46133 17
      vertex 10.864 -9.18632 19.5
      vertex 10.864 -9.18632 17
    endloop
  endfacet
  facet normal -0.904078 0.427367 0
    outer loop
      vertex 10.864 -9.18632 19.5
      vertex 10.734 -9.46133 17
      vertex 10.734 -9.46133 19.5
    endloop
  endfacet
  facet normal 0.903989 0.427555 0
    outer loop
      vertex 5.26604 -9.46133 19.5
      vertex 5.13597 -9.18632 17
      vertex 5.13597 -9.18632 19.5
    endloop
  endfacet
  facet normal 0.903989 0.427555 0
    outer loop
      vertex 5.13597 -9.18632 17
      vertex 5.26604 -9.46133 19.5
      vertex 5.26604 -9.46133 17
    endloop
  endfacet
  facet normal -0.904078 -0.427367 0
    outer loop
      vertex 10.864 -6.81368 17
      vertex 10.734 -6.53867 19.5
      vertex 10.734 -6.53867 17
    endloop
  endfacet
  facet normal -0.904078 -0.427367 0
    outer loop
      vertex 10.734 -6.53867 19.5
      vertex 10.864 -6.81368 17
      vertex 10.864 -6.81368 19.5
    endloop
  endfacet
  facet normal -0.857731 0.514099 0
    outer loop
      vertex 10.5776 -9.72227 17
      vertex 10.734 -9.46133 19.5
      vertex 10.734 -9.46133 17
    endloop
  endfacet
  facet normal -0.857731 0.514099 0
    outer loop
      vertex 10.734 -9.46133 19.5
      vertex 10.5776 -9.72227 17
      vertex 10.5776 -9.72227 19.5
    endloop
  endfacet
  facet normal -0.33689 -0.941544 0
    outer loop
      vertex 8.89988 -5.03348 17
      vertex 9.18632 -5.13597 19.5
      vertex 8.89988 -5.03348 19.5
    endloop
  endfacet
  facet normal -0.33689 -0.941544 -0
    outer loop
      vertex 9.18632 -5.13597 19.5
      vertex 8.89988 -5.03348 17
      vertex 9.18632 -5.13597 17
    endloop
  endfacet
  facet normal 0.242953 -0.970038 0
    outer loop
      vertex 7.10012 -5.03348 17
      vertex 7.39522 -4.95957 19.5
      vertex 7.10012 -5.03348 19.5
    endloop
  endfacet
  facet normal 0.242953 -0.970038 0
    outer loop
      vertex 7.39522 -4.95957 19.5
      vertex 7.10012 -5.03348 17
      vertex 7.39522 -4.95957 17
    endloop
  endfacet
  facet normal 0.671559 0.740951 -0
    outer loop
      vertex 6.03338 -10.3963 17
      vertex 5.80797 -10.192 19.5
      vertex 6.03338 -10.3963 19.5
    endloop
  endfacet
  facet normal 0.671559 0.740951 0
    outer loop
      vertex 5.80797 -10.192 19.5
      vertex 6.03338 -10.3963 17
      vertex 5.80797 -10.192 17
    endloop
  endfacet
  facet normal 0.146927 0.989147 -0
    outer loop
      vertex 7.69615 -11.0851 17
      vertex 7.39522 -11.0404 19.5
      vertex 7.69615 -11.0851 19.5
    endloop
  endfacet
  facet normal 0.146927 0.989147 0
    outer loop
      vertex 7.39522 -11.0404 19.5
      vertex 7.69615 -11.0851 17
      vertex 7.39522 -11.0404 17
    endloop
  endfacet
  facet normal 0.595864 0.803085 -0
    outer loop
      vertex 6.27773 -10.5776 17
      vertex 6.03338 -10.3963 19.5
      vertex 6.27773 -10.5776 19.5
    endloop
  endfacet
  facet normal 0.595864 0.803085 0
    outer loop
      vertex 6.03338 -10.3963 19.5
      vertex 6.27773 -10.5776 17
      vertex 6.03338 -10.3963 17
    endloop
  endfacet
  facet normal 0.803195 0.595716 0
    outer loop
      vertex 5.60367 -9.96662 19.5
      vertex 5.42244 -9.72227 17
      vertex 5.42244 -9.72227 19.5
    endloop
  endfacet
  facet normal 0.803195 0.595716 0
    outer loop
      vertex 5.42244 -9.72227 17
      vertex 5.60367 -9.96662 19.5
      vertex 5.60367 -9.96662 17
    endloop
  endfacet
  facet normal 0.336919 0.941534 -0
    outer loop
      vertex 7.10012 -10.9665 17
      vertex 6.81368 -10.864 19.5
      vertex 7.10012 -10.9665 19.5
    endloop
  endfacet
  facet normal 0.336919 0.941534 0
    outer loop
      vertex 6.81368 -10.864 19.5
      vertex 7.10012 -10.9665 17
      vertex 6.81368 -10.864 17
    endloop
  endfacet
  facet normal 0.857731 0.514099 0
    outer loop
      vertex 5.42244 -9.72227 19.5
      vertex 5.26604 -9.46133 17
      vertex 5.26604 -9.46133 19.5
    endloop
  endfacet
  facet normal 0.857731 0.514099 0
    outer loop
      vertex 5.26604 -9.46133 17
      vertex 5.42244 -9.72227 19.5
      vertex 5.42244 -9.72227 17
    endloop
  endfacet
  facet normal 0.941544 0.33689 0
    outer loop
      vertex 5.13597 -9.18632 19.5
      vertex 5.03348 -8.89988 17
      vertex 5.03348 -8.89988 19.5
    endloop
  endfacet
  facet normal 0.941544 0.33689 0
    outer loop
      vertex 5.03348 -8.89988 17
      vertex 5.13597 -9.18632 19.5
      vertex 5.13597 -9.18632 17
    endloop
  endfacet
  facet normal 0.970038 0.242953 0
    outer loop
      vertex 5.03348 -8.89988 19.5
      vertex 4.95957 -8.60478 17
      vertex 4.95957 -8.60478 19.5
    endloop
  endfacet
  facet normal 0.970038 0.242953 0
    outer loop
      vertex 4.95957 -8.60478 17
      vertex 5.03348 -8.89988 19.5
      vertex 5.03348 -8.89988 17
    endloop
  endfacet
  facet normal 0.146734 -0.989176 0
    outer loop
      vertex 7.39522 -4.95957 17
      vertex 7.69615 -4.91493 19.5
      vertex 7.39522 -4.95957 19.5
    endloop
  endfacet
  facet normal 0.146734 -0.989176 0
    outer loop
      vertex 7.69615 -4.91493 19.5
      vertex 7.39522 -4.95957 17
      vertex 7.69615 -4.91493 17
    endloop
  endfacet
  facet normal 0.242922 0.970046 -0
    outer loop
      vertex 7.39522 -11.0404 17
      vertex 7.10012 -10.9665 19.5
      vertex 7.39522 -11.0404 19.5
    endloop
  endfacet
  facet normal 0.242922 0.970046 0
    outer loop
      vertex 7.10012 -10.9665 19.5
      vertex 7.39522 -11.0404 17
      vertex 7.10012 -10.9665 17
    endloop
  endfacet
  facet normal -0.0489785 0.9988 0
    outer loop
      vertex 8.30385 -11.0851 17
      vertex 8 -11.1 19.5
      vertex 8.30385 -11.0851 19.5
    endloop
  endfacet
  facet normal -0.0489785 0.9988 0
    outer loop
      vertex 8 -11.1 19.5
      vertex 8.30385 -11.0851 17
      vertex 8 -11.1 17
    endloop
  endfacet
  facet normal -0.146734 -0.989176 0
    outer loop
      vertex 8.30385 -4.91493 17
      vertex 8.60478 -4.95957 19.5
      vertex 8.30385 -4.91493 19.5
    endloop
  endfacet
  facet normal -0.146734 -0.989176 -0
    outer loop
      vertex 8.60478 -4.95957 19.5
      vertex 8.30385 -4.91493 17
      vertex 8.60478 -4.95957 17
    endloop
  endfacet
  facet normal -0.514099 0.857731 0
    outer loop
      vertex 9.72227 -10.5776 17
      vertex 9.46133 -10.734 19.5
      vertex 9.72227 -10.5776 19.5
    endloop
  endfacet
  facet normal -0.514099 0.857731 0
    outer loop
      vertex 9.46133 -10.734 19.5
      vertex 9.72227 -10.5776 17
      vertex 9.46133 -10.734 17
    endloop
  endfacet
  facet normal -0.671609 -0.740906 0
    outer loop
      vertex 9.96662 -5.60367 17
      vertex 10.192 -5.80797 19.5
      vertex 9.96662 -5.60367 19.5
    endloop
  endfacet
  facet normal -0.671609 -0.740906 -0
    outer loop
      vertex 10.192 -5.80797 19.5
      vertex 9.96662 -5.60367 17
      vertex 10.192 -5.80797 17
    endloop
  endfacet
  facet normal 0.970038 -0.242953 0
    outer loop
      vertex 4.95957 -7.39522 19.5
      vertex 5.03348 -7.10012 17
      vertex 5.03348 -7.10012 19.5
    endloop
  endfacet
  facet normal 0.970038 -0.242953 0
    outer loop
      vertex 5.03348 -7.10012 17
      vertex 4.95957 -7.39522 19.5
      vertex 4.95957 -7.39522 17
    endloop
  endfacet
  facet normal -0.242922 0.970046 0
    outer loop
      vertex 8.89988 -10.9665 17
      vertex 8.60478 -11.0404 19.5
      vertex 8.89988 -10.9665 19.5
    endloop
  endfacet
  facet normal -0.242922 0.970046 0
    outer loop
      vertex 8.60478 -11.0404 19.5
      vertex 8.89988 -10.9665 17
      vertex 8.60478 -11.0404 17
    endloop
  endfacet
  facet normal 0.941544 -0.33689 0
    outer loop
      vertex 5.03348 -7.10012 19.5
      vertex 5.13597 -6.81368 17
      vertex 5.13597 -6.81368 19.5
    endloop
  endfacet
  facet normal 0.941544 -0.33689 0
    outer loop
      vertex 5.13597 -6.81368 17
      vertex 5.03348 -7.10012 19.5
      vertex 5.03348 -7.10012 17
    endloop
  endfacet
  facet normal -0.595864 0.803085 0
    outer loop
      vertex 9.96662 -10.3963 17
      vertex 9.72227 -10.5776 19.5
      vertex 9.96662 -10.3963 19.5
    endloop
  endfacet
  facet normal -0.595864 0.803085 0
    outer loop
      vertex 9.72227 -10.5776 19.5
      vertex 9.96662 -10.3963 17
      vertex 9.72227 -10.5776 17
    endloop
  endfacet
  facet normal 0.803195 -0.595716 0
    outer loop
      vertex 5.42244 -6.27773 19.5
      vertex 5.60367 -6.03338 17
      vertex 5.60367 -6.03338 19.5
    endloop
  endfacet
  facet normal 0.803195 -0.595716 0
    outer loop
      vertex 5.60367 -6.03338 17
      vertex 5.42244 -6.27773 19.5
      vertex 5.42244 -6.27773 17
    endloop
  endfacet
  facet normal 0.989176 -0.146734 0
    outer loop
      vertex 4.91493 -7.69615 19.5
      vertex 4.95957 -7.39522 17
      vertex 4.95957 -7.39522 19.5
    endloop
  endfacet
  facet normal 0.989176 -0.146734 0
    outer loop
      vertex 4.95957 -7.39522 17
      vertex 4.91493 -7.69615 19.5
      vertex 4.91493 -7.69615 17
    endloop
  endfacet
  facet normal 0.998795 -0.0490769 0
    outer loop
      vertex 4.9 -8 19.5
      vertex 4.91493 -7.69615 17
      vertex 4.91493 -7.69615 19.5
    endloop
  endfacet
  facet normal 0.998795 -0.0490769 0
    outer loop
      vertex 4.91493 -7.69615 17
      vertex 4.9 -8 19.5
      vertex 4.9 -8 17
    endloop
  endfacet
  facet normal 0.857731 -0.514099 0
    outer loop
      vertex 5.26604 -6.53867 19.5
      vertex 5.42244 -6.27773 17
      vertex 5.42244 -6.27773 19.5
    endloop
  endfacet
  facet normal 0.857731 -0.514099 0
    outer loop
      vertex 5.42244 -6.27773 17
      vertex 5.26604 -6.53867 19.5
      vertex 5.26604 -6.53867 17
    endloop
  endfacet
  facet normal -0.671609 0.740906 0
    outer loop
      vertex 10.192 -10.192 17
      vertex 9.96662 -10.3963 19.5
      vertex 10.192 -10.192 19.5
    endloop
  endfacet
  facet normal -0.671609 0.740906 0
    outer loop
      vertex 9.96662 -10.3963 19.5
      vertex 10.192 -10.192 17
      vertex 9.96662 -10.3963 17
    endloop
  endfacet
  facet normal 0.0489785 0.9988 -0
    outer loop
      vertex 8 -11.1 17
      vertex 7.69615 -11.0851 19.5
      vertex 8 -11.1 19.5
    endloop
  endfacet
  facet normal 0.0489785 0.9988 0
    outer loop
      vertex 7.69615 -11.0851 19.5
      vertex 8 -11.1 17
      vertex 7.69615 -11.0851 17
    endloop
  endfacet
  facet normal -0.242953 -0.970038 0
    outer loop
      vertex 8.60478 -4.95957 17
      vertex 8.89988 -5.03348 19.5
      vertex 8.60478 -4.95957 19.5
    endloop
  endfacet
  facet normal -0.242953 -0.970038 -0
    outer loop
      vertex 8.89988 -5.03348 19.5
      vertex 8.60478 -4.95957 17
      vertex 8.89988 -5.03348 17
    endloop
  endfacet
  facet normal 0.514099 0.857731 -0
    outer loop
      vertex 6.53867 -10.734 17
      vertex 6.27773 -10.5776 19.5
      vertex 6.53867 -10.734 19.5
    endloop
  endfacet
  facet normal 0.514099 0.857731 0
    outer loop
      vertex 6.27773 -10.5776 19.5
      vertex 6.53867 -10.734 17
      vertex 6.27773 -10.5776 17
    endloop
  endfacet
  facet normal 0 0 1
    outer loop
      vertex 6.62984 -1.55014 19.1
      vertex 7.00723 -1.41631 19.1
      vertex 6.98122 -1.3575 19.1
    endloop
  endfacet
  facet normal 0 0 1
    outer loop
      vertex 6.61539 -1.51741 19.1
      vertex 6.98122 -1.3575 19.1
      vertex 6.95175 -1.30212 19.1
    endloop
  endfacet
  facet normal 0 0 1
    outer loop
      vertex 6.5986 -1.48627 19.1
      vertex 6.95175 -1.30212 19.1
      vertex 6.91887 -1.25018 19.1
    endloop
  endfacet
  facet normal 0 0 1
    outer loop
      vertex 6.57947 -1.45674 19.1
      vertex 6.91887 -1.25018 19.1
      vertex 6.88257 -1.20171 19.1
    endloop
  endfacet
  facet normal 0 0 1
    outer loop
      vertex 6.55801 -1.4288 19.1
      vertex 6.88257 -1.20171 19.1
      vertex 6.84283 -1.15666 19.1
    endloop
  endfacet
  facet normal 0 0 1
    outer loop
      vertex 6.53421 -1.40248 19.1
      vertex 6.84283 -1.15666 19.1
      vertex 6.79968 -1.11507 19.1
    endloop
  endfacet
  facet normal 0 0 1
    outer loop
      vertex 6.50806 -1.37775 19.1
      vertex 6.79968 -1.11507 19.1
      vertex 6.7531 -1.07692 19.1
    endloop
  endfacet
  facet normal 0 0 1
    outer loop
      vertex 6.50806 -1.37775 19.1
      vertex 6.7531 -1.07692 19.1
      vertex 6.70309 -1.04221 19.1
    endloop
  endfacet
  facet normal 0 0 1
    outer loop
      vertex 6.47958 -1.35463 19.1
      vertex 6.70309 -1.04221 19.1
      vertex 6.64969 -1.01105 19.1
    endloop
  endfacet
  facet normal 0 0 1
    outer loop
      vertex 6.91887 -1.25018 19.1
      vertex 6.57947 -1.45674 19.1
      vertex 6.5986 -1.48627 19.1
    endloop
  endfacet
  facet normal 0 0 1
    outer loop
      vertex 7.00723 -1.41631 19.1
      vertex 6.64194 -1.58449 19.1
      vertex 7.02985 -1.47858 19.1
    endloop
  endfacet
  facet normal 0 -0 1
    outer loop
      vertex 6.64194 -1.58449 19.1
      vertex 7.00723 -1.41631 19.1
      vertex 6.62984 -1.55014 19.1
    endloop
  endfacet
  facet normal 0 0 1
    outer loop
      vertex 6.98122 -1.3575 19.1
      vertex 6.61539 -1.51741 19.1
      vertex 6.62984 -1.55014 19.1
    endloop
  endfacet
  facet normal 0 0 1
    outer loop
      vertex 6.44876 -1.33311 19.1
      vertex 6.64969 -1.01105 19.1
      vertex 6.5929 -0.983551 19.1
    endloop
  endfacet
  facet normal 0 0 1
    outer loop
      vertex 6.95175 -1.30212 19.1
      vertex 6.5986 -1.48627 19.1
      vertex 6.61539 -1.51741 19.1
    endloop
  endfacet
  facet normal 0 0 1
    outer loop
      vertex 6.88257 -1.20171 19.1
      vertex 6.55801 -1.4288 19.1
      vertex 6.57947 -1.45674 19.1
    endloop
  endfacet
  facet normal 0 0 1
    outer loop
      vertex 6.84283 -1.15666 19.1
      vertex 6.53421 -1.40248 19.1
      vertex 6.55801 -1.4288 19.1
    endloop
  endfacet
  facet normal 0 0 1
    outer loop
      vertex 6.41612 -1.31354 19.1
      vertex 6.5929 -0.983551 19.1
      vertex 6.5327 -0.959732 19.1
    endloop
  endfacet
  facet normal 0 0 1
    outer loop
      vertex 6.79968 -1.11507 19.1
      vertex 6.50806 -1.37775 19.1
      vertex 6.53421 -1.40248 19.1
    endloop
  endfacet
  facet normal 0 0 1
    outer loop
      vertex 6.70309 -1.04221 19.1
      vertex 6.47958 -1.35463 19.1
      vertex 6.50806 -1.37775 19.1
    endloop
  endfacet
  facet normal 0 0 1
    outer loop
      vertex 6.38223 -1.29628 19.1
      vertex 6.5327 -0.959732 19.1
      vertex 6.46912 -0.939575 19.1
    endloop
  endfacet
  facet normal 0 0 1
    outer loop
      vertex 6.64969 -1.01105 19.1
      vertex 6.44876 -1.33311 19.1
      vertex 6.47958 -1.35463 19.1
    endloop
  endfacet
  facet normal 0 0 1
    outer loop
      vertex 6.5929 -0.983551 19.1
      vertex 6.41612 -1.31354 19.1
      vertex 6.44876 -1.33311 19.1
    endloop
  endfacet
  facet normal 0 0 1
    outer loop
      vertex 6.34706 -1.28131 19.1
      vertex 6.46912 -0.939575 19.1
      vertex 6.40216 -0.92308 19.1
    endloop
  endfacet
  facet normal 0 0 1
    outer loop
      vertex 6.5327 -0.959732 19.1
      vertex 6.38223 -1.29628 19.1
      vertex 6.41612 -1.31354 19.1
    endloop
  endfacet
  facet normal 0 0 1
    outer loop
      vertex 6.46912 -0.939575 19.1
      vertex 6.34706 -1.28131 19.1
      vertex 6.38223 -1.29628 19.1
    endloop
  endfacet
  facet normal 0 0 1
    outer loop
      vertex 6.2729 -1.25829 19.1
      vertex 6.40216 -0.92308 19.1
      vertex 6.3318 -0.910248 19.1
    endloop
  endfacet
  facet normal 0 0 1
    outer loop
      vertex 6.40216 -0.92308 19.1
      vertex 6.31061 -1.26865 19.1
      vertex 6.34706 -1.28131 19.1
    endloop
  endfacet
  facet normal 0 0 1
    outer loop
      vertex 6.40216 -0.92308 19.1
      vertex 6.2729 -1.25829 19.1
      vertex 6.31061 -1.26865 19.1
    endloop
  endfacet
  facet normal 0 0 1
    outer loop
      vertex 6.23392 -1.25023 19.1
      vertex 6.3318 -0.910248 19.1
      vertex 6.25804 -0.901077 19.1
    endloop
  endfacet
  facet normal 0 0 1
    outer loop
      vertex 6.3318 -0.910248 19.1
      vertex 6.23392 -1.25023 19.1
      vertex 6.2729 -1.25829 19.1
    endloop
  endfacet
  facet normal 0 0 1
    outer loop
      vertex 6.25804 -0.901077 19.1
      vertex 6.19366 -1.24448 19.1
      vertex 6.23392 -1.25023 19.1
    endloop
  endfacet
  facet normal 0 0 1
    outer loop
      vertex 6.18091 -0.895584 19.1
      vertex 6.19366 -1.24448 19.1
      vertex 6.25804 -0.901077 19.1
    endloop
  endfacet
  facet normal 0 0 1
    outer loop
      vertex 6.18091 -0.895584 19.1
      vertex 6.15213 -1.24103 19.1
      vertex 6.19366 -1.24448 19.1
    endloop
  endfacet
  facet normal 0 0 1
    outer loop
      vertex 6.18091 -0.895584 19.1
      vertex 6.10934 -1.23987 19.1
      vertex 6.15213 -1.24103 19.1
    endloop
  endfacet
  facet normal 0 0 1
    outer loop
      vertex 6.10039 -0.893753 19.1
      vertex 6.10934 -1.23987 19.1
      vertex 6.18091 -0.895584 19.1
    endloop
  endfacet
  facet normal 0 0 1
    outer loop
      vertex 6.10039 -0.893753 19.1
      vertex 6.04482 -1.24216 19.1
      vertex 6.10934 -1.23987 19.1
    endloop
  endfacet
  facet normal -0 0 1
    outer loop
      vertex 5.99063 -0.897171 19.1
      vertex 6.04482 -1.24216 19.1
      vertex 6.10039 -0.893753 19.1
    endloop
  endfacet
  facet normal 0 0 1
    outer loop
      vertex 5.99063 -0.897171 19.1
      vertex 5.98384 -1.24901 19.1
      vertex 6.04482 -1.24216 19.1
    endloop
  endfacet
  facet normal -0 0 1
    outer loop
      vertex 5.88681 -0.907455 19.1
      vertex 5.98384 -1.24901 19.1
      vertex 5.99063 -0.897171 19.1
    endloop
  endfacet
  facet normal 0 0 1
    outer loop
      vertex 5.98384 -1.24901 19.1
      vertex 5.88681 -0.907455 19.1
      vertex 5.92642 -1.26044 19.1
    endloop
  endfacet
  facet normal -0 0 1
    outer loop
      vertex 5.78891 -0.924576 19.1
      vertex 5.92642 -1.26044 19.1
      vertex 5.88681 -0.907455 19.1
    endloop
  endfacet
  facet normal 0 0 1
    outer loop
      vertex 5.92642 -1.26044 19.1
      vertex 5.78891 -0.924576 19.1
      vertex 5.87256 -1.27641 19.1
    endloop
  endfacet
  facet normal -0 0 1
    outer loop
      vertex 5.69696 -0.948563 19.1
      vertex 5.87256 -1.27641 19.1
      vertex 5.78891 -0.924576 19.1
    endloop
  endfacet
  facet normal 0 0 1
    outer loop
      vertex 5.87256 -1.27641 19.1
      vertex 5.69696 -0.948563 19.1
      vertex 5.82225 -1.29697 19.1
    endloop
  endfacet
  facet normal -0 0 1
    outer loop
      vertex 5.61092 -0.979385 19.1
      vertex 5.82225 -1.29697 19.1
      vertex 5.69696 -0.948563 19.1
    endloop
  endfacet
  facet normal 0 0 1
    outer loop
      vertex 5.82225 -1.29697 19.1
      vertex 5.61092 -0.979385 19.1
      vertex 5.7755 -1.3221 19.1
    endloop
  endfacet
  facet normal -0 0 1
    outer loop
      vertex 5.53082 -1.01707 19.1
      vertex 5.7755 -1.3221 19.1
      vertex 5.61092 -0.979385 19.1
    endloop
  endfacet
  facet normal 0 0 1
    outer loop
      vertex 5.7755 -1.3221 19.1
      vertex 5.53082 -1.01707 19.1
      vertex 5.7323 -1.35179 19.1
    endloop
  endfacet
  facet normal -0 0 1
    outer loop
      vertex 5.45665 -1.06161 19.1
      vertex 5.7323 -1.35179 19.1
      vertex 5.53082 -1.01707 19.1
    endloop
  endfacet
  facet normal 0 0 1
    outer loop
      vertex 5.7323 -1.35179 19.1
      vertex 5.45665 -1.06161 19.1
      vertex 5.69264 -1.38605 19.1
    endloop
  endfacet
  facet normal -0 0 1
    outer loop
      vertex 5.38841 -1.11299 19.1
      vertex 5.69264 -1.38605 19.1
      vertex 5.45665 -1.06161 19.1
    endloop
  endfacet
  facet normal 0 0 1
    outer loop
      vertex 5.69264 -1.38605 19.1
      vertex 5.38841 -1.11299 19.1
      vertex 5.65656 -1.42487 19.1
    endloop
  endfacet
  facet normal -0 0 1
    outer loop
      vertex 5.3261 -1.17123 19.1
      vertex 5.65656 -1.42487 19.1
      vertex 5.38841 -1.11299 19.1
    endloop
  endfacet
  facet normal 0 0 1
    outer loop
      vertex 5.65656 -1.42487 19.1
      vertex 5.3261 -1.17123 19.1
      vertex 5.62415 -1.46809 19.1
    endloop
  endfacet
  facet normal -0 0 1
    outer loop
      vertex 5.27005 -1.23587 19.1
      vertex 5.62415 -1.46809 19.1
      vertex 5.3261 -1.17123 19.1
    endloop
  endfacet
  facet normal 0 0 1
    outer loop
      vertex 5.62415 -1.46809 19.1
      vertex 5.27005 -1.23587 19.1
      vertex 5.59557 -1.51556 19.1
    endloop
  endfacet
  facet normal -0 0 1
    outer loop
      vertex 5.2206 -1.30643 19.1
      vertex 5.59557 -1.51556 19.1
      vertex 5.27005 -1.23587 19.1
    endloop
  endfacet
  facet normal 0 0 1
    outer loop
      vertex 5.59557 -1.51556 19.1
      vertex 5.2206 -1.30643 19.1
      vertex 5.57079 -1.56726 19.1
    endloop
  endfacet
  facet normal 0 0 1
    outer loop
      vertex 5.05905 -1.9664 19.1
      vertex 5.50217 -1.9664 19.1
      vertex 5.50407 -1.88928 19.1
    endloop
  endfacet
  facet normal -0 0 1
    outer loop
      vertex 5.17773 -1.38292 19.1
      vertex 5.57079 -1.56726 19.1
      vertex 5.2206 -1.30643 19.1
    endloop
  endfacet
  facet normal -0 0 1
    outer loop
      vertex 5.14148 -1.46533 19.1
      vertex 5.57079 -1.56726 19.1
      vertex 5.17773 -1.38292 19.1
    endloop
  endfacet
  facet normal 0 0 1
    outer loop
      vertex 5.50217 -1.9664 19.1
      vertex 5.05905 -1.9664 19.1
      vertex 5.06247 -2.07826 19.1
    endloop
  endfacet
  facet normal 0 0 1
    outer loop
      vertex 5.57079 -1.56726 19.1
      vertex 5.14148 -1.46533 19.1
      vertex 5.54982 -1.62318 19.1
    endloop
  endfacet
  facet normal 0 0 1
    outer loop
      vertex 5.50217 -1.9664 19.1
      vertex 5.06247 -2.07826 19.1
      vertex 5.07272 -2.18449 19.1
    endloop
  endfacet
  facet normal -0 0 1
    outer loop
      vertex 5.1118 -1.55368 19.1
      vertex 5.54982 -1.62318 19.1
      vertex 5.14148 -1.46533 19.1
    endloop
  endfacet
  facet normal 0 0 1
    outer loop
      vertex 5.50217 -1.9664 19.1
      vertex 5.07272 -2.18449 19.1
      vertex 5.08981 -2.28506 19.1
    endloop
  endfacet
  facet normal 0 0 1
    outer loop
      vertex 5.54982 -1.62318 19.1
      vertex 5.1118 -1.55368 19.1
      vertex 5.53265 -1.68336 19.1
    endloop
  endfacet
  facet normal 0 0 1
    outer loop
      vertex 5.50217 -1.9664 19.1
      vertex 5.08981 -2.28506 19.1
      vertex 5.11372 -2.37999 19.1
    endloop
  endfacet
  facet normal -0 0 1
    outer loop
      vertex 5.08873 -1.64796 19.1
      vertex 5.53265 -1.68336 19.1
      vertex 5.1118 -1.55368 19.1
    endloop
  endfacet
  facet normal 0 0 1
    outer loop
      vertex 5.50217 -1.9664 19.1
      vertex 5.11372 -2.37999 19.1
      vertex 5.14447 -2.46925 19.1
    endloop
  endfacet
  facet normal 0 0 1
    outer loop
      vertex 5.53265 -1.68336 19.1
      vertex 5.08873 -1.64796 19.1
      vertex 5.51932 -1.74776 19.1
    endloop
  endfacet
  facet normal 0 0 1
    outer loop
      vertex 5.50217 -1.9664 19.1
      vertex 5.40015 -2.83003 19.1
      vertex 5.47018 -2.88322 19.1
    endloop
  endfacet
  facet normal 0 0 1
    outer loop
      vertex 5.07225 -1.74818 19.1
      vertex 5.51932 -1.74776 19.1
      vertex 5.08873 -1.64796 19.1
    endloop
  endfacet
  facet normal 0 0 1
    outer loop
      vertex 5.50217 -1.9664 19.1
      vertex 5.3358 -2.76976 19.1
      vertex 5.40015 -2.83003 19.1
    endloop
  endfacet
  facet normal 0 0 1
    outer loop
      vertex 5.51932 -1.74776 19.1
      vertex 5.07225 -1.74818 19.1
      vertex 5.50978 -1.81641 19.1
    endloop
  endfacet
  facet normal 0 0 1
    outer loop
      vertex 5.50217 -1.9664 19.1
      vertex 5.18205 -2.55286 19.1
      vertex 5.22647 -2.63081 19.1
    endloop
  endfacet
  facet normal 0 0 1
    outer loop
      vertex 5.06236 -1.85432 19.1
      vertex 5.50978 -1.81641 19.1
      vertex 5.07225 -1.74818 19.1
    endloop
  endfacet
  facet normal 0 0 1
    outer loop
      vertex 5.50217 -1.9664 19.1
      vertex 5.22647 -2.63081 19.1
      vertex 5.27771 -2.70311 19.1
    endloop
  endfacet
  facet normal 0 0 1
    outer loop
      vertex 5.50978 -1.81641 19.1
      vertex 5.06236 -1.85432 19.1
      vertex 5.50407 -1.88928 19.1
    endloop
  endfacet
  facet normal 0 0 1
    outer loop
      vertex 5.50217 -1.9664 19.1
      vertex 5.14447 -2.46925 19.1
      vertex 5.18205 -2.55286 19.1
    endloop
  endfacet
  facet normal 0 0 1
    outer loop
      vertex 5.50407 -1.88928 19.1
      vertex 5.06236 -1.85432 19.1
      vertex 5.05905 -1.9664 19.1
    endloop
  endfacet
  facet normal 0 0 1
    outer loop
      vertex 5.50217 -1.9664 19.1
      vertex 5.27771 -2.70311 19.1
      vertex 5.3358 -2.76976 19.1
    endloop
  endfacet
  facet normal 0 0 1
    outer loop
      vertex 6.67326 -2.31102 19.1
      vertex 7.02774 -2.52144 19.1
      vertex 7.05669 -2.45573 19.1
    endloop
  endfacet
  facet normal -0 0 1
    outer loop
      vertex 6.63579 -2.39493 19.1
      vertex 7.02774 -2.52144 19.1
      vertex 6.67326 -2.31102 19.1
    endloop
  endfacet
  facet normal 0 0 1
    outer loop
      vertex 6.99594 -2.5833 19.1
      vertex 6.63579 -2.39493 19.1
      vertex 6.96129 -2.64131 19.1
    endloop
  endfacet
  facet normal -0 0 1
    outer loop
      vertex 6.5923 -2.46898 19.1
      vertex 6.96129 -2.64131 19.1
      vertex 6.63579 -2.39493 19.1
    endloop
  endfacet
  facet normal 0 0 1
    outer loop
      vertex 6.96129 -2.64131 19.1
      vertex 6.5923 -2.46898 19.1
      vertex 6.92378 -2.69547 19.1
    endloop
  endfacet
  facet normal 0 0 1
    outer loop
      vertex 6.92378 -2.69547 19.1
      vertex 6.5923 -2.46898 19.1
      vertex 6.88342 -2.74577 19.1
    endloop
  endfacet
  facet normal 0 0 1
    outer loop
      vertex 6.88342 -2.74577 19.1
      vertex 6.54282 -2.53314 19.1
      vertex 6.84019 -2.79224 19.1
    endloop
  endfacet
  facet normal 0 0 1
    outer loop
      vertex 6.84019 -2.79224 19.1
      vertex 6.54282 -2.53314 19.1
      vertex 6.79413 -2.83484 19.1
    endloop
  endfacet
  facet normal 0 0 1
    outer loop
      vertex 7.02774 -2.52144 19.1
      vertex 6.63579 -2.39493 19.1
      vertex 6.99594 -2.5833 19.1
    endloop
  endfacet
  facet normal -0 0 1
    outer loop
      vertex 6.54282 -2.53314 19.1
      vertex 6.88342 -2.74577 19.1
      vertex 6.5923 -2.46898 19.1
    endloop
  endfacet
  facet normal -0 0 1
    outer loop
      vertex 6.48732 -2.58745 19.1
      vertex 6.79413 -2.83484 19.1
      vertex 6.54282 -2.53314 19.1
    endloop
  endfacet
  facet normal 0 0 1
    outer loop
      vertex 6.79413 -2.83484 19.1
      vertex 6.48732 -2.58745 19.1
      vertex 6.74519 -2.87361 19.1
    endloop
  endfacet
  facet normal 0 0 1
    outer loop
      vertex 6.74519 -2.87361 19.1
      vertex 6.48732 -2.58745 19.1
      vertex 6.69342 -2.90851 19.1
    endloop
  endfacet
  facet normal 0 0 1
    outer loop
      vertex 6.69342 -2.90851 19.1
      vertex 6.48732 -2.58745 19.1
      vertex 6.63904 -2.93967 19.1
    endloop
  endfacet
  facet normal -0 0 1
    outer loop
      vertex 6.42583 -2.63187 19.1
      vertex 6.63904 -2.93967 19.1
      vertex 6.48732 -2.58745 19.1
    endloop
  endfacet
  facet normal 0 0 1
    outer loop
      vertex 6.63904 -2.93967 19.1
      vertex 6.42583 -2.63187 19.1
      vertex 6.58232 -2.96716 19.1
    endloop
  endfacet
  facet normal 0 0 1
    outer loop
      vertex 6.58232 -2.96716 19.1
      vertex 6.42583 -2.63187 19.1
      vertex 6.52325 -2.99098 19.1
    endloop
  endfacet
  facet normal -0 0 1
    outer loop
      vertex 6.35832 -2.66643 19.1
      vertex 6.52325 -2.99098 19.1
      vertex 6.42583 -2.63187 19.1
    endloop
  endfacet
  facet normal 0 0 1
    outer loop
      vertex 6.52325 -2.99098 19.1
      vertex 6.35832 -2.66643 19.1
      vertex 6.46187 -3.01114 19.1
    endloop
  endfacet
  facet normal 0 0 1
    outer loop
      vertex 6.46187 -3.01114 19.1
      vertex 6.35832 -2.66643 19.1
      vertex 6.39813 -3.02763 19.1
    endloop
  endfacet
  facet normal -0 0 1
    outer loop
      vertex 6.28482 -2.6911 19.1
      vertex 6.39813 -3.02763 19.1
      vertex 6.35832 -2.66643 19.1
    endloop
  endfacet
  facet normal 0 0 1
    outer loop
      vertex 6.39813 -3.02763 19.1
      vertex 6.28482 -2.6911 19.1
      vertex 6.33205 -3.04045 19.1
    endloop
  endfacet
  facet normal -0 0 1
    outer loop
      vertex 6.20531 -2.7059 19.1
      vertex 6.33205 -3.04045 19.1
      vertex 6.28482 -2.6911 19.1
    endloop
  endfacet
  facet normal 0 0 1
    outer loop
      vertex 6.33205 -3.04045 19.1
      vertex 6.20531 -2.7059 19.1
      vertex 6.26364 -3.04962 19.1
    endloop
  endfacet
  facet normal 0 0 1
    outer loop
      vertex 6.20531 -2.7059 19.1
      vertex 6.19289 -3.05511 19.1
      vertex 6.26364 -3.04962 19.1
    endloop
  endfacet
  facet normal -0 0 1
    outer loop
      vertex 6.11978 -2.71085 19.1
      vertex 6.19289 -3.05511 19.1
      vertex 6.20531 -2.7059 19.1
    endloop
  endfacet
  facet normal 0 0 1
    outer loop
      vertex 6.11978 -2.71085 19.1
      vertex 6.11978 -3.05695 19.1
      vertex 6.19289 -3.05511 19.1
    endloop
  endfacet
  facet normal 0 0 1
    outer loop
      vertex 6.0549 -2.70848 19.1
      vertex 6.11978 -3.05695 19.1
      vertex 6.11978 -2.71085 19.1
    endloop
  endfacet
  facet normal 0 0 1
    outer loop
      vertex 6.0549 -2.70848 19.1
      vertex 6.00992 -3.05341 19.1
      vertex 6.11978 -3.05695 19.1
    endloop
  endfacet
  facet normal 0 0 1
    outer loop
      vertex 5.99348 -2.70142 19.1
      vertex 6.00992 -3.05341 19.1
      vertex 6.0549 -2.70848 19.1
    endloop
  endfacet
  facet normal 0 0 1
    outer loop
      vertex 5.90573 -3.04277 19.1
      vertex 5.99348 -2.70142 19.1
      vertex 5.93555 -2.68962 19.1
    endloop
  endfacet
  facet normal 0 0 1
    outer loop
      vertex 5.99348 -2.70142 19.1
      vertex 5.90573 -3.04277 19.1
      vertex 6.00992 -3.05341 19.1
    endloop
  endfacet
  facet normal 0 0 1
    outer loop
      vertex 5.80724 -3.02504 19.1
      vertex 5.93555 -2.68962 19.1
      vertex 5.88109 -2.67313 19.1
    endloop
  endfacet
  facet normal 0 0 1
    outer loop
      vertex 5.71445 -3.00021 19.1
      vertex 5.88109 -2.67313 19.1
      vertex 5.83012 -2.6519 19.1
    endloop
  endfacet
  facet normal 0 0 1
    outer loop
      vertex 5.93555 -2.68962 19.1
      vertex 5.80724 -3.02504 19.1
      vertex 5.90573 -3.04277 19.1
    endloop
  endfacet
  facet normal 0 0 1
    outer loop
      vertex 5.62733 -2.96831 19.1
      vertex 5.83012 -2.6519 19.1
      vertex 5.78264 -2.62598 19.1
    endloop
  endfacet
  facet normal 0 0 1
    outer loop
      vertex 5.54591 -2.92931 19.1
      vertex 5.78264 -2.62598 19.1
      vertex 5.73862 -2.59532 19.1
    endloop
  endfacet
  facet normal 0 0 1
    outer loop
      vertex 5.88109 -2.67313 19.1
      vertex 5.71445 -3.00021 19.1
      vertex 5.80724 -3.02504 19.1
    endloop
  endfacet
  facet normal 0 0 1
    outer loop
      vertex 5.47018 -2.88322 19.1
      vertex 5.73862 -2.59532 19.1
      vertex 5.69809 -2.55997 19.1
    endloop
  endfacet
  facet normal 0 0 1
    outer loop
      vertex 5.47018 -2.88322 19.1
      vertex 5.69809 -2.55997 19.1
      vertex 5.66104 -2.51988 19.1
    endloop
  endfacet
  facet normal 0 0 1
    outer loop
      vertex 5.47018 -2.88322 19.1
      vertex 5.66104 -2.51988 19.1
      vertex 5.6277 -2.47533 19.1
    endloop
  endfacet
  facet normal 0 0 1
    outer loop
      vertex 5.83012 -2.6519 19.1
      vertex 5.62733 -2.96831 19.1
      vertex 5.71445 -3.00021 19.1
    endloop
  endfacet
  facet normal 0 0 1
    outer loop
      vertex 5.47018 -2.88322 19.1
      vertex 5.6277 -2.47533 19.1
      vertex 5.59828 -2.42654 19.1
    endloop
  endfacet
  facet normal 0 0 1
    outer loop
      vertex 5.47018 -2.88322 19.1
      vertex 5.59828 -2.42654 19.1
      vertex 5.57277 -2.37352 19.1
    endloop
  endfacet
  facet normal 0 0 1
    outer loop
      vertex 5.47018 -2.88322 19.1
      vertex 5.57277 -2.37352 19.1
      vertex 5.55119 -2.31625 19.1
    endloop
  endfacet
  facet normal 0 0 1
    outer loop
      vertex 5.78264 -2.62598 19.1
      vertex 5.54591 -2.92931 19.1
      vertex 5.62733 -2.96831 19.1
    endloop
  endfacet
  facet normal 0 0 1
    outer loop
      vertex 5.47018 -2.88322 19.1
      vertex 5.55119 -2.31625 19.1
      vertex 5.53354 -2.25475 19.1
    endloop
  endfacet
  facet normal 0 0 1
    outer loop
      vertex 5.47018 -2.88322 19.1
      vertex 5.53354 -2.25475 19.1
      vertex 5.51982 -2.18901 19.1
    endloop
  endfacet
  facet normal 0 0 1
    outer loop
      vertex 5.47018 -2.88322 19.1
      vertex 5.51982 -2.18901 19.1
      vertex 5.51001 -2.11905 19.1
    endloop
  endfacet
  facet normal 0 0 1
    outer loop
      vertex 5.47018 -2.88322 19.1
      vertex 5.51001 -2.11905 19.1
      vertex 5.50412 -2.04483 19.1
    endloop
  endfacet
  facet normal 0 0 1
    outer loop
      vertex 5.73862 -2.59532 19.1
      vertex 5.47018 -2.88322 19.1
      vertex 5.54591 -2.92931 19.1
    endloop
  endfacet
  facet normal 0 0 1
    outer loop
      vertex 5.47018 -2.88322 19.1
      vertex 5.50412 -2.04483 19.1
      vertex 5.50217 -1.9664 19.1
    endloop
  endfacet
  facet normal 0 0 1
    outer loop
      vertex 7.73314 -0.925079 19.1
      vertex 7.29303 -0.925079 19.1
      vertex 7.73314 -2.68698 19.1
    endloop
  endfacet
  facet normal -0 0 1
    outer loop
      vertex 7.73314 -2.68698 19.1
      vertex 8.86098 -3.02711 19.1
      vertex 8.86098 -2.68698 19.1
    endloop
  endfacet
  facet normal 0 0 1
    outer loop
      vertex 7.73314 -2.68698 19.1
      vertex 7.29303 -3.02711 19.1
      vertex 8.86098 -3.02711 19.1
    endloop
  endfacet
  facet normal 0 0 1
    outer loop
      vertex 7.29303 -3.02711 19.1
      vertex 7.73314 -2.68698 19.1
      vertex 7.29303 -0.925079 19.1
    endloop
  endfacet
  facet normal -0 0 1
    outer loop
      vertex 9.11572 -0.925079 19.1
      vertex 9.55583 -1.87839 19.1
      vertex 9.55583 -0.925079 19.1
    endloop
  endfacet
  facet normal 0 0 1
    outer loop
      vertex 9.11572 -3.02711 19.1
      vertex 9.55583 -1.87839 19.1
      vertex 9.11572 -0.925079 19.1
    endloop
  endfacet
  facet normal 0 0 1
    outer loop
      vertex 9.55583 -1.87839 19.1
      vertex 9.11572 -3.02711 19.1
      vertex 9.55583 -2.26028 19.1
    endloop
  endfacet
  facet normal 0 0 1
    outer loop
      vertex 9.55583 -2.26028 19.1
      vertex 9.11572 -3.02711 19.1
      vertex 9.55583 -3.02711 19.1
    endloop
  endfacet
  facet normal -0 0 1
    outer loop
      vertex 10.5032 -0.925079 19.1
      vertex 10.1183 -1.81422 19.1
      vertex 11.0164 -0.925079 19.1
    endloop
  endfacet
  facet normal 0 0 1
    outer loop
      vertex 9.55583 -1.87839 19.1
      vertex 10.1183 -1.81422 19.1
      vertex 10.5032 -0.925079 19.1
    endloop
  endfacet
  facet normal 0 0 1
    outer loop
      vertex 10.1183 -1.81422 19.1
      vertex 9.55583 -1.87839 19.1
      vertex 9.81541 -2.06187 19.1
    endloop
  endfacet
  facet normal 0 0 1
    outer loop
      vertex 9.81541 -2.06187 19.1
      vertex 9.55583 -1.87839 19.1
      vertex 9.55583 -2.26028 19.1
    endloop
  endfacet
  facet normal 0 0 1
    outer loop
      vertex 10.1183 -1.81422 19.1
      vertex 10.5703 -3.02711 19.1
      vertex 11.0895 -3.02711 19.1
    endloop
  endfacet
  facet normal 0 0 1
    outer loop
      vertex 10.5703 -3.02711 19.1
      vertex 10.1183 -1.81422 19.1
      vertex 9.81541 -2.06187 19.1
    endloop
  endfacet
  facet normal -0.0773646 0.997003 0
    outer loop
      vertex 6.26364 -3.04962 19.1
      vertex 6.19289 -3.05511 19.5
      vertex 6.26364 -3.04962 19.5
    endloop
  endfacet
  facet normal -0.0773646 0.997003 0
    outer loop
      vertex 6.19289 -3.05511 19.5
      vertex 6.26364 -3.04962 19.1
      vertex 6.19289 -3.05511 19.1
    endloop
  endfacet
  facet normal -0.132856 0.991135 0
    outer loop
      vertex 6.33205 -3.04045 19.1
      vertex 6.26364 -3.04962 19.5
      vertex 6.33205 -3.04045 19.5
    endloop
  endfacet
  facet normal -0.132856 0.991135 0
    outer loop
      vertex 6.26364 -3.04962 19.5
      vertex 6.33205 -3.04045 19.1
      vertex 6.26364 -3.04962 19.1
    endloop
  endfacet
  facet normal -0.190456 0.981696 0
    outer loop
      vertex 6.39813 -3.02763 19.1
      vertex 6.33205 -3.04045 19.5
      vertex 6.39813 -3.02763 19.5
    endloop
  endfacet
  facet normal -0.190456 0.981696 0
    outer loop
      vertex 6.33205 -3.04045 19.5
      vertex 6.39813 -3.02763 19.1
      vertex 6.33205 -3.04045 19.1
    endloop
  endfacet
  facet normal -0.250461 0.968127 0
    outer loop
      vertex 6.46187 -3.01114 19.1
      vertex 6.39813 -3.02763 19.5
      vertex 6.46187 -3.01114 19.5
    endloop
  endfacet
  facet normal -0.250461 0.968127 0
    outer loop
      vertex 6.39813 -3.02763 19.5
      vertex 6.46187 -3.01114 19.1
      vertex 6.39813 -3.02763 19.1
    endloop
  endfacet
  facet normal -0.312046 0.950067 0
    outer loop
      vertex 6.52325 -2.99098 19.1
      vertex 6.46187 -3.01114 19.5
      vertex 6.52325 -2.99098 19.5
    endloop
  endfacet
  facet normal -0.312046 0.950067 0
    outer loop
      vertex 6.46187 -3.01114 19.5
      vertex 6.52325 -2.99098 19.1
      vertex 6.46187 -3.01114 19.1
    endloop
  endfacet
  facet normal -0.373988 0.927434 0
    outer loop
      vertex 6.58232 -2.96716 19.1
      vertex 6.52325 -2.99098 19.5
      vertex 6.58232 -2.96716 19.5
    endloop
  endfacet
  facet normal -0.373988 0.927434 0
    outer loop
      vertex 6.52325 -2.99098 19.5
      vertex 6.58232 -2.96716 19.1
      vertex 6.52325 -2.99098 19.1
    endloop
  endfacet
  facet normal -0.436137 0.89988 0
    outer loop
      vertex 6.63904 -2.93967 19.1
      vertex 6.58232 -2.96716 19.5
      vertex 6.63904 -2.93967 19.5
    endloop
  endfacet
  facet normal -0.436137 0.89988 0
    outer loop
      vertex 6.58232 -2.96716 19.5
      vertex 6.63904 -2.93967 19.1
      vertex 6.58232 -2.96716 19.1
    endloop
  endfacet
  facet normal -0.49717 0.867653 0
    outer loop
      vertex 6.69342 -2.90851 19.1
      vertex 6.63904 -2.93967 19.5
      vertex 6.69342 -2.90851 19.5
    endloop
  endfacet
  facet normal -0.49717 0.867653 0
    outer loop
      vertex 6.63904 -2.93967 19.5
      vertex 6.69342 -2.90851 19.1
      vertex 6.63904 -2.93967 19.1
    endloop
  endfacet
  facet normal -0.55898 0.829181 0
    outer loop
      vertex 6.74519 -2.87361 19.1
      vertex 6.69342 -2.90851 19.5
      vertex 6.74519 -2.87361 19.5
    endloop
  endfacet
  facet normal -0.55898 0.829181 0
    outer loop
      vertex 6.69342 -2.90851 19.5
      vertex 6.74519 -2.87361 19.1
      vertex 6.69342 -2.90851 19.1
    endloop
  endfacet
  facet normal -0.620957 0.783844 0
    outer loop
      vertex 6.79413 -2.83484 19.1
      vertex 6.74519 -2.87361 19.5
      vertex 6.79413 -2.83484 19.5
    endloop
  endfacet
  facet normal -0.620957 0.783844 0
    outer loop
      vertex 6.74519 -2.87361 19.5
      vertex 6.79413 -2.83484 19.1
      vertex 6.74519 -2.87361 19.1
    endloop
  endfacet
  facet normal -0.678995 0.734143 0
    outer loop
      vertex 6.84019 -2.79224 19.1
      vertex 6.79413 -2.83484 19.5
      vertex 6.84019 -2.79224 19.5
    endloop
  endfacet
  facet normal -0.678995 0.734143 0
    outer loop
      vertex 6.79413 -2.83484 19.5
      vertex 6.84019 -2.79224 19.1
      vertex 6.79413 -2.83484 19.1
    endloop
  endfacet
  facet normal -0.73217 0.681122 0
    outer loop
      vertex 6.84019 -2.79224 19.1
      vertex 6.88342 -2.74577 19.5
      vertex 6.88342 -2.74577 19.1
    endloop
  endfacet
  facet normal -0.73217 0.681122 0
    outer loop
      vertex 6.88342 -2.74577 19.5
      vertex 6.84019 -2.79224 19.1
      vertex 6.84019 -2.79224 19.5
    endloop
  endfacet
  facet normal -0.77996 0.625829 0
    outer loop
      vertex 6.88342 -2.74577 19.1
      vertex 6.92378 -2.69547 19.5
      vertex 6.92378 -2.69547 19.1
    endloop
  endfacet
  facet normal -0.77996 0.625829 0
    outer loop
      vertex 6.92378 -2.69547 19.5
      vertex 6.88342 -2.74577 19.1
      vertex 6.88342 -2.74577 19.5
    endloop
  endfacet
  facet normal -0.822088 0.56936 0
    outer loop
      vertex 6.92378 -2.69547 19.1
      vertex 6.96129 -2.64131 19.5
      vertex 6.96129 -2.64131 19.1
    endloop
  endfacet
  facet normal -0.822088 0.56936 0
    outer loop
      vertex 6.96129 -2.64131 19.5
      vertex 6.92378 -2.69547 19.1
      vertex 6.92378 -2.69547 19.5
    endloop
  endfacet
  facet normal -0.85851 0.512797 0
    outer loop
      vertex 6.96129 -2.64131 19.1
      vertex 6.99594 -2.5833 19.5
      vertex 6.99594 -2.5833 19.1
    endloop
  endfacet
  facet normal -0.85851 0.512797 0
    outer loop
      vertex 6.99594 -2.5833 19.5
      vertex 6.96129 -2.64131 19.1
      vertex 6.96129 -2.64131 19.5
    endloop
  endfacet
  facet normal -0.889368 0.457192 0
    outer loop
      vertex 6.99594 -2.5833 19.1
      vertex 7.02774 -2.52144 19.5
      vertex 7.02774 -2.52144 19.1
    endloop
  endfacet
  facet normal -0.889368 0.457192 0
    outer loop
      vertex 7.02774 -2.52144 19.5
      vertex 6.99594 -2.5833 19.1
      vertex 6.99594 -2.5833 19.5
    endloop
  endfacet
  facet normal -0.915122 0.403177 0
    outer loop
      vertex 7.02774 -2.52144 19.1
      vertex 7.05669 -2.45573 19.5
      vertex 7.05669 -2.45573 19.1
    endloop
  endfacet
  facet normal -0.915122 0.403177 0
    outer loop
      vertex 7.05669 -2.45573 19.5
      vertex 7.02774 -2.52144 19.1
      vertex 7.02774 -2.52144 19.5
    endloop
  endfacet
  facet normal -0.353099 -0.935586 0
    outer loop
      vertex 6.67326 -2.31102 19.1
      vertex 7.05669 -2.45573 19.5
      vertex 6.67326 -2.31102 19.5
    endloop
  endfacet
  facet normal -0.353099 -0.935586 -0
    outer loop
      vertex 7.05669 -2.45573 19.5
      vertex 6.67326 -2.31102 19.1
      vertex 7.05669 -2.45573 19.1
    endloop
  endfacet
  facet normal 0.913097 -0.407743 0
    outer loop
      vertex 6.63579 -2.39493 19.5
      vertex 6.67326 -2.31102 19.1
      vertex 6.67326 -2.31102 19.5
    endloop
  endfacet
  facet normal 0.913097 -0.407743 0
    outer loop
      vertex 6.67326 -2.31102 19.1
      vertex 6.63579 -2.39493 19.5
      vertex 6.63579 -2.39493 19.1
    endloop
  endfacet
  facet normal 0.862284 -0.506425 0
    outer loop
      vertex 6.5923 -2.46898 19.5
      vertex 6.63579 -2.39493 19.1
      vertex 6.63579 -2.39493 19.5
    endloop
  endfacet
  facet normal 0.862284 -0.506425 0
    outer loop
      vertex 6.63579 -2.39493 19.1
      vertex 6.5923 -2.46898 19.5
      vertex 6.5923 -2.46898 19.1
    endloop
  endfacet
  facet normal 0.791871 -0.610688 0
    outer loop
      vertex 6.54282 -2.53314 19.5
      vertex 6.5923 -2.46898 19.1
      vertex 6.5923 -2.46898 19.5
    endloop
  endfacet
  facet normal 0.791871 -0.610688 0
    outer loop
      vertex 6.5923 -2.46898 19.1
      vertex 6.54282 -2.53314 19.5
      vertex 6.54282 -2.53314 19.1
    endloop
  endfacet
  facet normal 0.699403 -0.714728 0
    outer loop
      vertex 6.48732 -2.58745 19.1
      vertex 6.54282 -2.53314 19.5
      vertex 6.48732 -2.58745 19.5
    endloop
  endfacet
  facet normal 0.699403 -0.714728 0
    outer loop
      vertex 6.54282 -2.53314 19.5
      vertex 6.48732 -2.58745 19.1
      vertex 6.54282 -2.53314 19.1
    endloop
  endfacet
  facet normal 0.585582 -0.810613 0
    outer loop
      vertex 6.42583 -2.63187 19.1
      vertex 6.48732 -2.58745 19.5
      vertex 6.42583 -2.63187 19.5
    endloop
  endfacet
  facet normal 0.585582 -0.810613 0
    outer loop
      vertex 6.48732 -2.58745 19.5
      vertex 6.42583 -2.63187 19.1
      vertex 6.48732 -2.58745 19.1
    endloop
  endfacet
  facet normal 0.455685 -0.890141 0
    outer loop
      vertex 6.35832 -2.66643 19.1
      vertex 6.42583 -2.63187 19.5
      vertex 6.35832 -2.66643 19.5
    endloop
  endfacet
  facet normal 0.455685 -0.890141 0
    outer loop
      vertex 6.42583 -2.63187 19.5
      vertex 6.35832 -2.66643 19.1
      vertex 6.42583 -2.63187 19.1
    endloop
  endfacet
  facet normal 0.318201 -0.948023 0
    outer loop
      vertex 6.28482 -2.6911 19.1
      vertex 6.35832 -2.66643 19.5
      vertex 6.28482 -2.6911 19.5
    endloop
  endfacet
  facet normal 0.318201 -0.948023 0
    outer loop
      vertex 6.35832 -2.66643 19.5
      vertex 6.28482 -2.6911 19.1
      vertex 6.35832 -2.66643 19.1
    endloop
  endfacet
  facet normal 0.182997 -0.983113 0
    outer loop
      vertex 6.20531 -2.7059 19.1
      vertex 6.28482 -2.6911 19.5
      vertex 6.20531 -2.7059 19.5
    endloop
  endfacet
  facet normal 0.182997 -0.983113 0
    outer loop
      vertex 6.28482 -2.6911 19.5
      vertex 6.20531 -2.7059 19.1
      vertex 6.28482 -2.6911 19.1
    endloop
  endfacet
  facet normal 0.0577777 -0.998329 0
    outer loop
      vertex 6.11978 -2.71085 19.1
      vertex 6.20531 -2.7059 19.5
      vertex 6.11978 -2.71085 19.5
    endloop
  endfacet
  facet normal 0.0577777 -0.998329 0
    outer loop
      vertex 6.20531 -2.7059 19.5
      vertex 6.11978 -2.71085 19.1
      vertex 6.20531 -2.7059 19.1
    endloop
  endfacet
  facet normal -0.0365046 -0.999333 0
    outer loop
      vertex 6.0549 -2.70848 19.1
      vertex 6.11978 -2.71085 19.5
      vertex 6.0549 -2.70848 19.5
    endloop
  endfacet
  facet normal -0.0365046 -0.999333 -0
    outer loop
      vertex 6.11978 -2.71085 19.5
      vertex 6.0549 -2.70848 19.1
      vertex 6.11978 -2.71085 19.1
    endloop
  endfacet
  facet normal -0.114194 -0.993458 0
    outer loop
      vertex 5.99348 -2.70142 19.1
      vertex 6.0549 -2.70848 19.5
      vertex 5.99348 -2.70142 19.5
    endloop
  endfacet
  facet normal -0.114194 -0.993458 -0
    outer loop
      vertex 6.0549 -2.70848 19.5
      vertex 5.99348 -2.70142 19.1
      vertex 6.0549 -2.70848 19.1
    endloop
  endfacet
  facet normal -0.199595 -0.979878 0
    outer loop
      vertex 5.93555 -2.68962 19.1
      vertex 5.99348 -2.70142 19.5
      vertex 5.93555 -2.68962 19.5
    endloop
  endfacet
  facet normal -0.199595 -0.979878 -0
    outer loop
      vertex 5.99348 -2.70142 19.5
      vertex 5.93555 -2.68962 19.1
      vertex 5.99348 -2.70142 19.1
    endloop
  endfacet
  facet normal -0.289798 -0.957088 0
    outer loop
      vertex 5.88109 -2.67313 19.1
      vertex 5.93555 -2.68962 19.5
      vertex 5.88109 -2.67313 19.5
    endloop
  endfacet
  facet normal -0.289798 -0.957088 -0
    outer loop
      vertex 5.93555 -2.68962 19.5
      vertex 5.88109 -2.67313 19.1
      vertex 5.93555 -2.68962 19.1
    endloop
  endfacet
  facet normal -0.3845 -0.923125 0
    outer loop
      vertex 5.83012 -2.6519 19.1
      vertex 5.88109 -2.67313 19.5
      vertex 5.83012 -2.6519 19.5
    endloop
  endfacet
  facet normal -0.3845 -0.923125 -0
    outer loop
      vertex 5.88109 -2.67313 19.5
      vertex 5.83012 -2.6519 19.1
      vertex 5.88109 -2.67313 19.1
    endloop
  endfacet
  facet normal -0.479163 -0.877726 0
    outer loop
      vertex 5.78264 -2.62598 19.1
      vertex 5.83012 -2.6519 19.5
      vertex 5.78264 -2.62598 19.5
    endloop
  endfacet
  facet normal -0.479163 -0.877726 -0
    outer loop
      vertex 5.83012 -2.6519 19.5
      vertex 5.78264 -2.62598 19.1
      vertex 5.83012 -2.6519 19.1
    endloop
  endfacet
  facet normal -0.571534 -0.820578 0
    outer loop
      vertex 5.73862 -2.59532 19.1
      vertex 5.78264 -2.62598 19.5
      vertex 5.73862 -2.59532 19.5
    endloop
  endfacet
  facet normal -0.571534 -0.820578 -0
    outer loop
      vertex 5.78264 -2.62598 19.5
      vertex 5.73862 -2.59532 19.1
      vertex 5.78264 -2.62598 19.1
    endloop
  endfacet
  facet normal -0.657306 -0.753624 0
    outer loop
      vertex 5.69809 -2.55997 19.1
      vertex 5.73862 -2.59532 19.5
      vertex 5.69809 -2.55997 19.5
    endloop
  endfacet
  facet normal -0.657306 -0.753624 -0
    outer loop
      vertex 5.73862 -2.59532 19.5
      vertex 5.69809 -2.55997 19.1
      vertex 5.73862 -2.59532 19.1
    endloop
  endfacet
  facet normal -0.734403 -0.678714 0
    outer loop
      vertex 5.69809 -2.55997 19.1
      vertex 5.66104 -2.51988 19.5
      vertex 5.66104 -2.51988 19.1
    endloop
  endfacet
  facet normal -0.734403 -0.678714 0
    outer loop
      vertex 5.66104 -2.51988 19.5
      vertex 5.69809 -2.55997 19.1
      vertex 5.69809 -2.55997 19.5
    endloop
  endfacet
  facet normal -0.800625 -0.599166 0
    outer loop
      vertex 5.66104 -2.51988 19.1
      vertex 5.6277 -2.47533 19.5
      vertex 5.6277 -2.47533 19.1
    endloop
  endfacet
  facet normal -0.800625 -0.599166 0
    outer loop
      vertex 5.6277 -2.47533 19.5
      vertex 5.66104 -2.51988 19.1
      vertex 5.66104 -2.51988 19.5
    endloop
  endfacet
  facet normal -0.85636 -0.516379 0
    outer loop
      vertex 5.6277 -2.47533 19.1
      vertex 5.59828 -2.42654 19.5
      vertex 5.59828 -2.42654 19.1
    endloop
  endfacet
  facet normal -0.85636 -0.516379 0
    outer loop
      vertex 5.59828 -2.42654 19.5
      vertex 5.6277 -2.47533 19.1
      vertex 5.6277 -2.47533 19.5
    endloop
  endfacet
  facet normal -0.901122 -0.433565 0
    outer loop
      vertex 5.59828 -2.42654 19.1
      vertex 5.57277 -2.37352 19.5
      vertex 5.57277 -2.37352 19.1
    endloop
  endfacet
  facet normal -0.901122 -0.433565 0
    outer loop
      vertex 5.57277 -2.37352 19.5
      vertex 5.59828 -2.42654 19.1
      vertex 5.59828 -2.42654 19.5
    endloop
  endfacet
  facet normal -0.935771 -0.352609 0
    outer loop
      vertex 5.57277 -2.37352 19.1
      vertex 5.55119 -2.31625 19.5
      vertex 5.55119 -2.31625 19.1
    endloop
  endfacet
  facet normal -0.935771 -0.352609 0
    outer loop
      vertex 5.55119 -2.31625 19.5
      vertex 5.57277 -2.37352 19.1
      vertex 5.57277 -2.37352 19.5
    endloop
  endfacet
  facet normal -0.961199 -0.275856 0
    outer loop
      vertex 5.55119 -2.31625 19.1
      vertex 5.53354 -2.25475 19.5
      vertex 5.53354 -2.25475 19.1
    endloop
  endfacet
  facet normal -0.961199 -0.275856 0
    outer loop
      vertex 5.53354 -2.25475 19.5
      vertex 5.55119 -2.31625 19.1
      vertex 5.55119 -2.31625 19.5
    endloop
  endfacet
  facet normal -0.978909 -0.204299 0
    outer loop
      vertex 5.53354 -2.25475 19.1
      vertex 5.51982 -2.18901 19.5
      vertex 5.51982 -2.18901 19.1
    endloop
  endfacet
  facet normal -0.978909 -0.204299 0
    outer loop
      vertex 5.51982 -2.18901 19.5
      vertex 5.53354 -2.25475 19.1
      vertex 5.53354 -2.25475 19.5
    endloop
  endfacet
  facet normal -0.990311 -0.138864 0
    outer loop
      vertex 5.51982 -2.18901 19.1
      vertex 5.51001 -2.11905 19.5
      vertex 5.51001 -2.11905 19.1
    endloop
  endfacet
  facet normal -0.990311 -0.138864 0
    outer loop
      vertex 5.51001 -2.11905 19.5
      vertex 5.51982 -2.18901 19.1
      vertex 5.51982 -2.18901 19.5
    endloop
  endfacet
  facet normal -0.996866 -0.0791099 0
    outer loop
      vertex 5.51001 -2.11905 19.1
      vertex 5.50412 -2.04483 19.5
      vertex 5.50412 -2.04483 19.1
    endloop
  endfacet
  facet normal -0.996866 -0.0791099 0
    outer loop
      vertex 5.50412 -2.04483 19.5
      vertex 5.51001 -2.11905 19.1
      vertex 5.51001 -2.11905 19.5
    endloop
  endfacet
  facet normal -0.999691 -0.0248553 0
    outer loop
      vertex 5.50412 -2.04483 19.1
      vertex 5.50217 -1.9664 19.5
      vertex 5.50217 -1.9664 19.1
    endloop
  endfacet
  facet normal -0.999691 -0.0248553 0
    outer loop
      vertex 5.50217 -1.9664 19.5
      vertex 5.50412 -2.04483 19.1
      vertex 5.50412 -2.04483 19.5
    endloop
  endfacet
  facet normal -0.999697 0.0246295 0
    outer loop
      vertex 5.50217 -1.9664 19.1
      vertex 5.50407 -1.88928 19.5
      vertex 5.50407 -1.88928 19.1
    endloop
  endfacet
  facet normal -0.999697 0.0246295 0
    outer loop
      vertex 5.50407 -1.88928 19.5
      vertex 5.50217 -1.9664 19.1
      vertex 5.50217 -1.9664 19.5
    endloop
  endfacet
  facet normal -0.996944 0.0781193 0
    outer loop
      vertex 5.50407 -1.88928 19.1
      vertex 5.50978 -1.81641 19.5
      vertex 5.50978 -1.81641 19.1
    endloop
  endfacet
  facet normal -0.996944 0.0781193 0
    outer loop
      vertex 5.50978 -1.81641 19.5
      vertex 5.50407 -1.88928 19.1
      vertex 5.50407 -1.88928 19.5
    endloop
  endfacet
  facet normal -0.990482 0.137643 0
    outer loop
      vertex 5.50978 -1.81641 19.1
      vertex 5.51932 -1.74776 19.5
      vertex 5.51932 -1.74776 19.1
    endloop
  endfacet
  facet normal -0.990482 0.137643 0
    outer loop
      vertex 5.51932 -1.74776 19.5
      vertex 5.50978 -1.81641 19.1
      vertex 5.50978 -1.81641 19.5
    endloop
  endfacet
  facet normal -0.979243 0.202691 0
    outer loop
      vertex 5.51932 -1.74776 19.1
      vertex 5.53265 -1.68336 19.5
      vertex 5.53265 -1.68336 19.1
    endloop
  endfacet
  facet normal -0.979243 0.202691 0
    outer loop
      vertex 5.53265 -1.68336 19.5
      vertex 5.51932 -1.74776 19.1
      vertex 5.51932 -1.74776 19.5
    endloop
  endfacet
  facet normal -0.961626 0.274362 0
    outer loop
      vertex 5.53265 -1.68336 19.1
      vertex 5.54982 -1.62318 19.5
      vertex 5.54982 -1.62318 19.1
    endloop
  endfacet
  facet normal -0.961626 0.274362 0
    outer loop
      vertex 5.54982 -1.62318 19.5
      vertex 5.53265 -1.68336 19.1
      vertex 5.53265 -1.68336 19.5
    endloop
  endfacet
  facet normal -0.936329 0.351123 0
    outer loop
      vertex 5.54982 -1.62318 19.1
      vertex 5.57079 -1.56726 19.5
      vertex 5.57079 -1.56726 19.1
    endloop
  endfacet
  facet normal -0.936329 0.351123 0
    outer loop
      vertex 5.57079 -1.56726 19.5
      vertex 5.54982 -1.62318 19.1
      vertex 5.54982 -1.62318 19.5
    endloop
  endfacet
  facet normal -0.901768 0.432221 0
    outer loop
      vertex 5.57079 -1.56726 19.1
      vertex 5.59557 -1.51556 19.5
      vertex 5.59557 -1.51556 19.1
    endloop
  endfacet
  facet normal -0.901768 0.432221 0
    outer loop
      vertex 5.59557 -1.51556 19.5
      vertex 5.57079 -1.56726 19.1
      vertex 5.57079 -1.56726 19.5
    endloop
  endfacet
  facet normal -0.856712 0.515796 0
    outer loop
      vertex 5.59557 -1.51556 19.1
      vertex 5.62415 -1.46809 19.5
      vertex 5.62415 -1.46809 19.1
    endloop
  endfacet
  facet normal -0.856712 0.515796 0
    outer loop
      vertex 5.62415 -1.46809 19.5
      vertex 5.59557 -1.51556 19.1
      vertex 5.59557 -1.51556 19.5
    endloop
  endfacet
  facet normal -0.800044 0.599941 0
    outer loop
      vertex 5.62415 -1.46809 19.1
      vertex 5.65656 -1.42487 19.5
      vertex 5.65656 -1.42487 19.1
    endloop
  endfacet
  facet normal -0.800044 0.599941 0
    outer loop
      vertex 5.65656 -1.42487 19.5
      vertex 5.62415 -1.46809 19.1
      vertex 5.62415 -1.46809 19.5
    endloop
  endfacet
  facet normal -0.732484 0.680784 0
    outer loop
      vertex 5.65656 -1.42487 19.1
      vertex 5.69264 -1.38605 19.5
      vertex 5.69264 -1.38605 19.1
    endloop
  endfacet
  facet normal -0.732484 0.680784 0
    outer loop
      vertex 5.69264 -1.38605 19.5
      vertex 5.65656 -1.42487 19.1
      vertex 5.65656 -1.42487 19.5
    endloop
  endfacet
  facet normal -0.653709 0.756746 0
    outer loop
      vertex 5.7323 -1.35179 19.1
      vertex 5.69264 -1.38605 19.5
      vertex 5.7323 -1.35179 19.5
    endloop
  endfacet
  facet normal -0.653709 0.756746 0
    outer loop
      vertex 5.69264 -1.38605 19.5
      vertex 5.7323 -1.35179 19.1
      vertex 5.69264 -1.38605 19.1
    endloop
  endfacet
  facet normal -0.566399 0.824131 0
    outer loop
      vertex 5.7755 -1.3221 19.1
      vertex 5.7323 -1.35179 19.5
      vertex 5.7755 -1.3221 19.5
    endloop
  endfacet
  facet normal -0.566399 0.824131 0
    outer loop
      vertex 5.7323 -1.35179 19.5
      vertex 5.7755 -1.3221 19.1
      vertex 5.7323 -1.35179 19.1
    endloop
  endfacet
  facet normal -0.473471 0.88081 0
    outer loop
      vertex 5.82225 -1.29697 19.1
      vertex 5.7755 -1.3221 19.5
      vertex 5.82225 -1.29697 19.5
    endloop
  endfacet
  facet normal -0.473471 0.88081 0
    outer loop
      vertex 5.7755 -1.3221 19.5
      vertex 5.82225 -1.29697 19.1
      vertex 5.7755 -1.3221 19.1
    endloop
  endfacet
  facet normal -0.378296 0.925685 0
    outer loop
      vertex 5.87256 -1.27641 19.1
      vertex 5.82225 -1.29697 19.5
      vertex 5.87256 -1.27641 19.5
    endloop
  endfacet
  facet normal -0.378296 0.925685 0
    outer loop
      vertex 5.82225 -1.29697 19.5
      vertex 5.87256 -1.27641 19.1
      vertex 5.82225 -1.29697 19.1
    endloop
  endfacet
  facet normal -0.284276 0.958742 0
    outer loop
      vertex 5.92642 -1.26044 19.1
      vertex 5.87256 -1.27641 19.5
      vertex 5.92642 -1.26044 19.5
    endloop
  endfacet
  facet normal -0.284276 0.958742 0
    outer loop
      vertex 5.87256 -1.27641 19.5
      vertex 5.92642 -1.26044 19.1
      vertex 5.87256 -1.27641 19.1
    endloop
  endfacet
  facet normal -0.195229 0.980758 0
    outer loop
      vertex 5.98384 -1.24901 19.1
      vertex 5.92642 -1.26044 19.5
      vertex 5.98384 -1.24901 19.5
    endloop
  endfacet
  facet normal -0.195229 0.980758 0
    outer loop
      vertex 5.92642 -1.26044 19.5
      vertex 5.98384 -1.24901 19.1
      vertex 5.92642 -1.26044 19.1
    endloop
  endfacet
  facet normal -0.11163 0.99375 0
    outer loop
      vertex 6.04482 -1.24216 19.1
      vertex 5.98384 -1.24901 19.5
      vertex 6.04482 -1.24216 19.5
    endloop
  endfacet
  facet normal -0.11163 0.99375 0
    outer loop
      vertex 5.98384 -1.24901 19.5
      vertex 6.04482 -1.24216 19.1
      vertex 5.98384 -1.24901 19.1
    endloop
  endfacet
  facet normal -0.0354705 0.999371 0
    outer loop
      vertex 6.10934 -1.23987 19.1
      vertex 6.04482 -1.24216 19.5
      vertex 6.10934 -1.23987 19.5
    endloop
  endfacet
  facet normal -0.0354705 0.999371 0
    outer loop
      vertex 6.04482 -1.24216 19.5
      vertex 6.10934 -1.23987 19.1
      vertex 6.04482 -1.24216 19.1
    endloop
  endfacet
  facet normal 0.0270992 0.999633 -0
    outer loop
      vertex 6.15213 -1.24103 19.1
      vertex 6.10934 -1.23987 19.5
      vertex 6.15213 -1.24103 19.5
    endloop
  endfacet
  facet normal 0.0270992 0.999633 0
    outer loop
      vertex 6.10934 -1.23987 19.5
      vertex 6.15213 -1.24103 19.1
      vertex 6.10934 -1.23987 19.1
    endloop
  endfacet
  facet normal 0.0827873 0.996567 -0
    outer loop
      vertex 6.19366 -1.24448 19.1
      vertex 6.15213 -1.24103 19.5
      vertex 6.19366 -1.24448 19.5
    endloop
  endfacet
  facet normal 0.0827873 0.996567 0
    outer loop
      vertex 6.15213 -1.24103 19.5
      vertex 6.19366 -1.24448 19.1
      vertex 6.15213 -1.24103 19.1
    endloop
  endfacet
  facet normal 0.141387 0.989954 -0
    outer loop
      vertex 6.23392 -1.25023 19.1
      vertex 6.19366 -1.24448 19.5
      vertex 6.23392 -1.25023 19.5
    endloop
  endfacet
  facet normal 0.141387 0.989954 0
    outer loop
      vertex 6.19366 -1.24448 19.5
      vertex 6.23392 -1.25023 19.1
      vertex 6.19366 -1.24448 19.1
    endloop
  endfacet
  facet normal 0.202489 0.979284 -0
    outer loop
      vertex 6.2729 -1.25829 19.1
      vertex 6.23392 -1.25023 19.5
      vertex 6.2729 -1.25829 19.5
    endloop
  endfacet
  facet normal 0.202489 0.979284 0
    outer loop
      vertex 6.23392 -1.25023 19.5
      vertex 6.2729 -1.25829 19.1
      vertex 6.23392 -1.25023 19.1
    endloop
  endfacet
  facet normal 0.264913 0.964272 -0
    outer loop
      vertex 6.31061 -1.26865 19.1
      vertex 6.2729 -1.25829 19.5
      vertex 6.31061 -1.26865 19.5
    endloop
  endfacet
  facet normal 0.264913 0.964272 0
    outer loop
      vertex 6.2729 -1.25829 19.5
      vertex 6.31061 -1.26865 19.1
      vertex 6.2729 -1.25829 19.1
    endloop
  endfacet
  facet normal 0.328098 0.944644 -0
    outer loop
      vertex 6.34706 -1.28131 19.1
      vertex 6.31061 -1.26865 19.5
      vertex 6.34706 -1.28131 19.5
    endloop
  endfacet
  facet normal 0.328098 0.944644 0
    outer loop
      vertex 6.31061 -1.26865 19.5
      vertex 6.34706 -1.28131 19.1
      vertex 6.31061 -1.26865 19.1
    endloop
  endfacet
  facet normal 0.391645 0.920117 -0
    outer loop
      vertex 6.38223 -1.29628 19.1
      vertex 6.34706 -1.28131 19.5
      vertex 6.38223 -1.29628 19.5
    endloop
  endfacet
  facet normal 0.391645 0.920117 0
    outer loop
      vertex 6.34706 -1.28131 19.5
      vertex 6.38223 -1.29628 19.1
      vertex 6.34706 -1.28131 19.1
    endloop
  endfacet
  facet normal 0.453827 0.89109 -0
    outer loop
      vertex 6.41612 -1.31354 19.1
      vertex 6.38223 -1.29628 19.5
      vertex 6.41612 -1.31354 19.5
    endloop
  endfacet
  facet normal 0.453827 0.89109 0
    outer loop
      vertex 6.38223 -1.29628 19.5
      vertex 6.41612 -1.31354 19.1
      vertex 6.38223 -1.29628 19.1
    endloop
  endfacet
  facet normal 0.514225 0.857655 -0
    outer loop
      vertex 6.44876 -1.33311 19.1
      vertex 6.41612 -1.31354 19.5
      vertex 6.44876 -1.33311 19.5
    endloop
  endfacet
  facet normal 0.514225 0.857655 0
    outer loop
      vertex 6.41612 -1.31354 19.5
      vertex 6.44876 -1.33311 19.1
      vertex 6.41612 -1.31354 19.1
    endloop
  endfacet
  facet normal 0.572498 0.819906 -0
    outer loop
      vertex 6.47958 -1.35463 19.1
      vertex 6.44876 -1.33311 19.5
      vertex 6.47958 -1.35463 19.5
    endloop
  endfacet
  facet normal 0.572498 0.819906 0
    outer loop
      vertex 6.44876 -1.33311 19.5
      vertex 6.47958 -1.35463 19.1
      vertex 6.44876 -1.33311 19.1
    endloop
  endfacet
  facet normal 0.630264 0.776381 -0
    outer loop
      vertex 6.50806 -1.37775 19.1
      vertex 6.47958 -1.35463 19.5
      vertex 6.50806 -1.37775 19.5
    endloop
  endfacet
  facet normal 0.630264 0.776381 0
    outer loop
      vertex 6.47958 -1.35463 19.5
      vertex 6.50806 -1.37775 19.1
      vertex 6.47958 -1.35463 19.1
    endloop
  endfacet
  facet normal 0.687105 0.726558 -0
    outer loop
      vertex 6.53421 -1.40248 19.1
      vertex 6.50806 -1.37775 19.5
      vertex 6.53421 -1.40248 19.5
    endloop
  endfacet
  facet normal 0.687105 0.726558 0
    outer loop
      vertex 6.50806 -1.37775 19.5
      vertex 6.53421 -1.40248 19.1
      vertex 6.50806 -1.37775 19.1
    endloop
  endfacet
  facet normal 0.741723 0.670707 0
    outer loop
      vertex 6.55801 -1.4288 19.5
      vertex 6.53421 -1.40248 19.1
      vertex 6.53421 -1.40248 19.5
    endloop
  endfacet
  facet normal 0.741723 0.670707 0
    outer loop
      vertex 6.53421 -1.40248 19.1
      vertex 6.55801 -1.4288 19.5
      vertex 6.55801 -1.4288 19.1
    endloop
  endfacet
  facet normal 0.793067 0.609134 0
    outer loop
      vertex 6.57947 -1.45674 19.5
      vertex 6.55801 -1.4288 19.1
      vertex 6.55801 -1.4288 19.5
    endloop
  endfacet
  facet normal 0.793067 0.609134 0
    outer loop
      vertex 6.55801 -1.4288 19.1
      vertex 6.57947 -1.45674 19.5
      vertex 6.57947 -1.45674 19.1
    endloop
  endfacet
  facet normal 0.83928 0.543699 0
    outer loop
      vertex 6.5986 -1.48627 19.5
      vertex 6.57947 -1.45674 19.1
      vertex 6.57947 -1.45674 19.5
    endloop
  endfacet
  facet normal 0.83928 0.543699 0
    outer loop
      vertex 6.57947 -1.45674 19.1
      vertex 6.5986 -1.48627 19.5
      vertex 6.5986 -1.48627 19.1
    endloop
  endfacet
  facet normal 0.880208 0.474589 0
    outer loop
      vertex 6.61539 -1.51741 19.5
      vertex 6.5986 -1.48627 19.1
      vertex 6.5986 -1.48627 19.5
    endloop
  endfacet
  facet normal 0.880208 0.474589 0
    outer loop
      vertex 6.5986 -1.48627 19.1
      vertex 6.61539 -1.51741 19.5
      vertex 6.61539 -1.51741 19.1
    endloop
  endfacet
  facet normal 0.914812 0.403881 0
    outer loop
      vertex 6.62984 -1.55014 19.5
      vertex 6.61539 -1.51741 19.1
      vertex 6.61539 -1.51741 19.5
    endloop
  endfacet
  facet normal 0.914812 0.403881 0
    outer loop
      vertex 6.61539 -1.51741 19.1
      vertex 6.62984 -1.55014 19.5
      vertex 6.62984 -1.55014 19.1
    endloop
  endfacet
  facet normal 0.943193 0.332246 0
    outer loop
      vertex 6.64194 -1.58449 19.5
      vertex 6.62984 -1.55014 19.1
      vertex 6.62984 -1.55014 19.5
    endloop
  endfacet
  facet normal 0.943193 0.332246 0
    outer loop
      vertex 6.62984 -1.55014 19.1
      vertex 6.64194 -1.58449 19.5
      vertex 6.64194 -1.58449 19.1
    endloop
  endfacet
  facet normal -0.263387 0.96469 0
    outer loop
      vertex 7.02985 -1.47858 19.1
      vertex 6.64194 -1.58449 19.5
      vertex 7.02985 -1.47858 19.5
    endloop
  endfacet
  facet normal -0.263387 0.96469 0
    outer loop
      vertex 6.64194 -1.58449 19.5
      vertex 7.02985 -1.47858 19.1
      vertex 6.64194 -1.58449 19.1
    endloop
  endfacet
  facet normal -0.939908 -0.341428 0
    outer loop
      vertex 7.02985 -1.47858 19.1
      vertex 7.00723 -1.41631 19.5
      vertex 7.00723 -1.41631 19.1
    endloop
  endfacet
  facet normal -0.939908 -0.341428 0
    outer loop
      vertex 7.00723 -1.41631 19.5
      vertex 7.02985 -1.47858 19.1
      vertex 7.02985 -1.47858 19.5
    endloop
  endfacet
  facet normal -0.914548 -0.404479 0
    outer loop
      vertex 7.00723 -1.41631 19.1
      vertex 6.98122 -1.3575 19.5
      vertex 6.98122 -1.3575 19.1
    endloop
  endfacet
  facet normal -0.914548 -0.404479 0
    outer loop
      vertex 6.98122 -1.3575 19.5
      vertex 7.00723 -1.41631 19.1
      vertex 7.00723 -1.41631 19.5
    endloop
  endfacet
  facet normal -0.882789 -0.469769 0
    outer loop
      vertex 6.98122 -1.3575 19.1
      vertex 6.95175 -1.30212 19.5
      vertex 6.95175 -1.30212 19.1
    endloop
  endfacet
  facet normal -0.882789 -0.469769 0
    outer loop
      vertex 6.95175 -1.30212 19.5
      vertex 6.98122 -1.3575 19.1
      vertex 6.98122 -1.3575 19.5
    endloop
  endfacet
  facet normal -0.844932 -0.534874 0
    outer loop
      vertex 6.95175 -1.30212 19.1
      vertex 6.91887 -1.25018 19.5
      vertex 6.91887 -1.25018 19.1
    endloop
  endfacet
  facet normal -0.844932 -0.534874 0
    outer loop
      vertex 6.91887 -1.25018 19.5
      vertex 6.95175 -1.30212 19.1
      vertex 6.95175 -1.30212 19.5
    endloop
  endfacet
  facet normal -0.800416 -0.599445 0
    outer loop
      vertex 6.91887 -1.25018 19.1
      vertex 6.88257 -1.20171 19.5
      vertex 6.88257 -1.20171 19.1
    endloop
  endfacet
  facet normal -0.800416 -0.599445 0
    outer loop
      vertex 6.88257 -1.20171 19.5
      vertex 6.91887 -1.25018 19.1
      vertex 6.91887 -1.25018 19.5
    endloop
  endfacet
  facet normal -0.74992 -0.661528 0
    outer loop
      vertex 6.88257 -1.20171 19.1
      vertex 6.84283 -1.15666 19.5
      vertex 6.84283 -1.15666 19.1
    endloop
  endfacet
  facet normal -0.74992 -0.661528 0
    outer loop
      vertex 6.84283 -1.15666 19.5
      vertex 6.88257 -1.20171 19.1
      vertex 6.88257 -1.20171 19.5
    endloop
  endfacet
  facet normal -0.693972 -0.720002 0
    outer loop
      vertex 6.79968 -1.11507 19.1
      vertex 6.84283 -1.15666 19.5
      vertex 6.79968 -1.11507 19.5
    endloop
  endfacet
  facet normal -0.693972 -0.720002 -0
    outer loop
      vertex 6.84283 -1.15666 19.5
      vertex 6.79968 -1.11507 19.1
      vertex 6.84283 -1.15666 19.1
    endloop
  endfacet
  facet normal -0.633627 -0.773639 0
    outer loop
      vertex 6.7531 -1.07692 19.1
      vertex 6.79968 -1.11507 19.5
      vertex 6.7531 -1.07692 19.5
    endloop
  endfacet
  facet normal -0.633627 -0.773639 -0
    outer loop
      vertex 6.79968 -1.11507 19.5
      vertex 6.7531 -1.07692 19.1
      vertex 6.79968 -1.11507 19.1
    endloop
  endfacet
  facet normal -0.570183 -0.821517 0
    outer loop
      vertex 6.70309 -1.04221 19.1
      vertex 6.7531 -1.07692 19.5
      vertex 6.70309 -1.04221 19.5
    endloop
  endfacet
  facet normal -0.570183 -0.821517 -0
    outer loop
      vertex 6.7531 -1.07692 19.5
      vertex 6.70309 -1.04221 19.1
      vertex 6.7531 -1.07692 19.1
    endloop
  endfacet
  facet normal -0.503992 -0.863708 0
    outer loop
      vertex 6.64969 -1.01105 19.1
      vertex 6.70309 -1.04221 19.5
      vertex 6.64969 -1.01105 19.5
    endloop
  endfacet
  facet normal -0.503992 -0.863708 -0
    outer loop
      vertex 6.70309 -1.04221 19.5
      vertex 6.64969 -1.01105 19.1
      vertex 6.70309 -1.04221 19.1
    endloop
  endfacet
  facet normal -0.435817 -0.900035 0
    outer loop
      vertex 6.5929 -0.983551 19.1
      vertex 6.64969 -1.01105 19.5
      vertex 6.5929 -0.983551 19.5
    endloop
  endfacet
  facet normal -0.435817 -0.900035 -0
    outer loop
      vertex 6.64969 -1.01105 19.5
      vertex 6.5929 -0.983551 19.1
      vertex 6.64969 -1.01105 19.1
    endloop
  endfacet
  facet normal -0.367913 -0.92986 0
    outer loop
      vertex 6.5327 -0.959732 19.1
      vertex 6.5929 -0.983551 19.5
      vertex 6.5327 -0.959732 19.5
    endloop
  endfacet
  facet normal -0.367913 -0.92986 -0
    outer loop
      vertex 6.5929 -0.983551 19.5
      vertex 6.5327 -0.959732 19.1
      vertex 6.5929 -0.983551 19.1
    endloop
  endfacet
  facet normal -0.30221 -0.953241 0
    outer loop
      vertex 6.46912 -0.939575 19.1
      vertex 6.5327 -0.959732 19.5
      vertex 6.46912 -0.939575 19.5
    endloop
  endfacet
  facet normal -0.30221 -0.953241 -0
    outer loop
      vertex 6.5327 -0.959732 19.5
      vertex 6.46912 -0.939575 19.1
      vertex 6.5327 -0.959732 19.1
    endloop
  endfacet
  facet normal -0.23919 -0.970973 0
    outer loop
      vertex 6.40216 -0.92308 19.1
      vertex 6.46912 -0.939575 19.5
      vertex 6.40216 -0.92308 19.5
    endloop
  endfacet
  facet normal -0.23919 -0.970973 -0
    outer loop
      vertex 6.46912 -0.939575 19.5
      vertex 6.40216 -0.92308 19.1
      vertex 6.46912 -0.939575 19.1
    endloop
  endfacet
  facet normal -0.179417 -0.983773 0
    outer loop
      vertex 6.3318 -0.910248 19.1
      vertex 6.40216 -0.92308 19.5
      vertex 6.3318 -0.910248 19.5
    endloop
  endfacet
  facet normal -0.179417 -0.983773 -0
    outer loop
      vertex 6.40216 -0.92308 19.5
      vertex 6.3318 -0.910248 19.1
      vertex 6.40216 -0.92308 19.1
    endloop
  endfacet
  facet normal -0.123386 -0.992359 0
    outer loop
      vertex 6.25804 -0.901077 19.1
      vertex 6.3318 -0.910248 19.5
      vertex 6.25804 -0.901077 19.5
    endloop
  endfacet
  facet normal -0.123386 -0.992359 -0
    outer loop
      vertex 6.3318 -0.910248 19.5
      vertex 6.25804 -0.901077 19.1
      vertex 6.3318 -0.910248 19.1
    endloop
  endfacet
  facet normal -0.0710375 -0.997474 0
    outer loop
      vertex 6.18091 -0.895584 19.1
      vertex 6.25804 -0.901077 19.5
      vertex 6.18091 -0.895584 19.5
    endloop
  endfacet
  facet normal -0.0710375 -0.997474 -0
    outer loop
      vertex 6.25804 -0.901077 19.5
      vertex 6.18091 -0.895584 19.1
      vertex 6.25804 -0.901077 19.1
    endloop
  endfacet
  facet normal -0.0227338 -0.999742 0
    outer loop
      vertex 6.10039 -0.893753 19.1
      vertex 6.18091 -0.895584 19.5
      vertex 6.10039 -0.893753 19.5
    endloop
  endfacet
  facet normal -0.0227338 -0.999742 -0
    outer loop
      vertex 6.18091 -0.895584 19.5
      vertex 6.10039 -0.893753 19.1
      vertex 6.18091 -0.895584 19.1
    endloop
  endfacet
  facet normal 0.0311256 -0.999515 0
    outer loop
      vertex 5.99063 -0.897171 19.1
      vertex 6.10039 -0.893753 19.5
      vertex 5.99063 -0.897171 19.5
    endloop
  endfacet
  facet normal 0.0311256 -0.999515 0
    outer loop
      vertex 6.10039 -0.893753 19.5
      vertex 5.99063 -0.897171 19.1
      vertex 6.10039 -0.893753 19.1
    endloop
  endfacet
  facet normal 0.0985736 -0.99513 0
    outer loop
      vertex 5.88681 -0.907455 19.1
      vertex 5.99063 -0.897171 19.5
      vertex 5.88681 -0.907455 19.5
    endloop
  endfacet
  facet normal 0.0985736 -0.99513 0
    outer loop
      vertex 5.99063 -0.897171 19.5
      vertex 5.88681 -0.907455 19.1
      vertex 5.99063 -0.897171 19.1
    endloop
  endfacet
  facet normal 0.172268 -0.98505 0
    outer loop
      vertex 5.78891 -0.924576 19.1
      vertex 5.88681 -0.907455 19.5
      vertex 5.78891 -0.924576 19.5
    endloop
  endfacet
  facet normal 0.172268 -0.98505 0
    outer loop
      vertex 5.88681 -0.907455 19.5
      vertex 5.78891 -0.924576 19.1
      vertex 5.88681 -0.907455 19.1
    endloop
  endfacet
  facet normal 0.252422 -0.967617 0
    outer loop
      vertex 5.69696 -0.948563 19.1
      vertex 5.78891 -0.924576 19.5
      vertex 5.69696 -0.948563 19.5
    endloop
  endfacet
  facet normal 0.252422 -0.967617 0
    outer loop
      vertex 5.78891 -0.924576 19.5
      vertex 5.69696 -0.948563 19.1
      vertex 5.78891 -0.924576 19.1
    endloop
  endfacet
  facet normal 0.337243 -0.941418 0
    outer loop
      vertex 5.61092 -0.979385 19.1
      vertex 5.69696 -0.948563 19.5
      vertex 5.61092 -0.979385 19.5
    endloop
  endfacet
  facet normal 0.337243 -0.941418 0
    outer loop
      vertex 5.69696 -0.948563 19.5
      vertex 5.61092 -0.979385 19.1
      vertex 5.69696 -0.948563 19.1
    endloop
  endfacet
  facet normal 0.425713 -0.904858 0
    outer loop
      vertex 5.53082 -1.01707 19.1
      vertex 5.61092 -0.979385 19.5
      vertex 5.53082 -1.01707 19.5
    endloop
  endfacet
  facet normal 0.425713 -0.904858 0
    outer loop
      vertex 5.61092 -0.979385 19.5
      vertex 5.53082 -1.01707 19.1
      vertex 5.61092 -0.979385 19.1
    endloop
  endfacet
  facet normal 0.514819 -0.857299 0
    outer loop
      vertex 5.45665 -1.06161 19.1
      vertex 5.53082 -1.01707 19.5
      vertex 5.45665 -1.06161 19.5
    endloop
  endfacet
  facet normal 0.514819 -0.857299 0
    outer loop
      vertex 5.53082 -1.01707 19.5
      vertex 5.45665 -1.06161 19.1
      vertex 5.53082 -1.01707 19.1
    endloop
  endfacet
  facet normal 0.601497 -0.798875 0
    outer loop
      vertex 5.38841 -1.11299 19.1
      vertex 5.45665 -1.06161 19.5
      vertex 5.38841 -1.11299 19.5
    endloop
  endfacet
  facet normal 0.601497 -0.798875 0
    outer loop
      vertex 5.45665 -1.06161 19.5
      vertex 5.38841 -1.11299 19.1
      vertex 5.45665 -1.06161 19.1
    endloop
  endfacet
  facet normal 0.682844 -0.730564 0
    outer loop
      vertex 5.3261 -1.17123 19.1
      vertex 5.38841 -1.11299 19.5
      vertex 5.3261 -1.17123 19.5
    endloop
  endfacet
  facet normal 0.682844 -0.730564 0
    outer loop
      vertex 5.38841 -1.11299 19.5
      vertex 5.3261 -1.17123 19.1
      vertex 5.38841 -1.11299 19.1
    endloop
  endfacet
  facet normal 0.755523 -0.655122 0
    outer loop
      vertex 5.27005 -1.23587 19.5
      vertex 5.3261 -1.17123 19.1
      vertex 5.3261 -1.17123 19.5
    endloop
  endfacet
  facet normal 0.755523 -0.655122 0
    outer loop
      vertex 5.3261 -1.17123 19.1
      vertex 5.27005 -1.23587 19.5
      vertex 5.27005 -1.23587 19.1
    endloop
  endfacet
  facet normal 0.818916 -0.573914 0
    outer loop
      vertex 5.2206 -1.30643 19.5
      vertex 5.27005 -1.23587 19.1
      vertex 5.27005 -1.23587 19.5
    endloop
  endfacet
  facet normal 0.818916 -0.573914 0
    outer loop
      vertex 5.27005 -1.23587 19.1
      vertex 5.2206 -1.30643 19.5
      vertex 5.2206 -1.30643 19.1
    endloop
  endfacet
  facet normal 0.872333 -0.488912 0
    outer loop
      vertex 5.17773 -1.38292 19.5
      vertex 5.2206 -1.30643 19.1
      vertex 5.2206 -1.30643 19.5
    endloop
  endfacet
  facet normal 0.872333 -0.488912 0
    outer loop
      vertex 5.2206 -1.30643 19.1
      vertex 5.17773 -1.38292 19.5
      vertex 5.17773 -1.38292 19.1
    endloop
  endfacet
  facet normal 0.915358 -0.402642 0
    outer loop
      vertex 5.14148 -1.46533 19.5
      vertex 5.17773 -1.38292 19.1
      vertex 5.17773 -1.38292 19.5
    endloop
  endfacet
  facet normal 0.915358 -0.402642 0
    outer loop
      vertex 5.17773 -1.38292 19.1
      vertex 5.14148 -1.46533 19.5
      vertex 5.14148 -1.46533 19.1
    endloop
  endfacet
  facet normal 0.94794 -0.318448 0
    outer loop
      vertex 5.1118 -1.55368 19.5
      vertex 5.14148 -1.46533 19.1
      vertex 5.14148 -1.46533 19.5
    endloop
  endfacet
  facet normal 0.94794 -0.318448 0
    outer loop
      vertex 5.14148 -1.46533 19.1
      vertex 5.1118 -1.55368 19.5
      vertex 5.1118 -1.55368 19.1
    endloop
  endfacet
  facet normal 0.971342 -0.237684 0
    outer loop
      vertex 5.08873 -1.64796 19.5
      vertex 5.1118 -1.55368 19.1
      vertex 5.1118 -1.55368 19.5
    endloop
  endfacet
  facet normal 0.971342 -0.237684 0
    outer loop
      vertex 5.1118 -1.55368 19.1
      vertex 5.08873 -1.64796 19.5
      vertex 5.08873 -1.64796 19.1
    endloop
  endfacet
  facet normal 0.986748 -0.162259 0
    outer loop
      vertex 5.07225 -1.74818 19.5
      vertex 5.08873 -1.64796 19.1
      vertex 5.08873 -1.64796 19.5
    endloop
  endfacet
  facet normal 0.986748 -0.162259 0
    outer loop
      vertex 5.08873 -1.64796 19.1
      vertex 5.07225 -1.74818 19.5
      vertex 5.07225 -1.74818 19.1
    endloop
  endfacet
  facet normal 0.995687 -0.0927769 0
    outer loop
      vertex 5.06236 -1.85432 19.5
      vertex 5.07225 -1.74818 19.1
      vertex 5.07225 -1.74818 19.5
    endloop
  endfacet
  facet normal 0.995687 -0.0927769 0
    outer loop
      vertex 5.07225 -1.74818 19.1
      vertex 5.06236 -1.85432 19.5
      vertex 5.06236 -1.85432 19.1
    endloop
  endfacet
  facet normal 0.999564 -0.0295196 0
    outer loop
      vertex 5.05905 -1.9664 19.5
      vertex 5.06236 -1.85432 19.1
      vertex 5.06236 -1.85432 19.5
    endloop
  endfacet
  facet normal 0.999564 -0.0295196 0
    outer loop
      vertex 5.06236 -1.85432 19.1
      vertex 5.05905 -1.9664 19.5
      vertex 5.05905 -1.9664 19.1
    endloop
  endfacet
  facet normal 0.999533 0.0305597 0
    outer loop
      vertex 5.06247 -2.07826 19.5
      vertex 5.05905 -1.9664 19.1
      vertex 5.05905 -1.9664 19.5
    endloop
  endfacet
  facet normal 0.999533 0.0305597 0
    outer loop
      vertex 5.05905 -1.9664 19.1
      vertex 5.06247 -2.07826 19.5
      vertex 5.06247 -2.07826 19.1
    endloop
  endfacet
  facet normal 0.995377 0.0960427 0
    outer loop
      vertex 5.07272 -2.18449 19.5
      vertex 5.06247 -2.07826 19.1
      vertex 5.06247 -2.07826 19.5
    endloop
  endfacet
  facet normal 0.995377 0.0960427 0
    outer loop
      vertex 5.06247 -2.07826 19.1
      vertex 5.07272 -2.18449 19.5
      vertex 5.07272 -2.18449 19.1
    endloop
  endfacet
  facet normal 0.985867 0.16753 0
    outer loop
      vertex 5.08981 -2.28506 19.5
      vertex 5.07272 -2.18449 19.1
      vertex 5.07272 -2.18449 19.5
    endloop
  endfacet
  facet normal 0.985867 0.16753 0
    outer loop
      vertex 5.07272 -2.18449 19.1
      vertex 5.08981 -2.28506 19.5
      vertex 5.08981 -2.28506 19.1
    endloop
  endfacet
  facet normal 0.969714 0.244242 0
    outer loop
      vertex 5.11372 -2.37999 19.5
      vertex 5.08981 -2.28506 19.1
      vertex 5.08981 -2.28506 19.5
    endloop
  endfacet
  facet normal 0.969714 0.244242 0
    outer loop
      vertex 5.08981 -2.28506 19.1
      vertex 5.11372 -2.37999 19.5
      vertex 5.11372 -2.37999 19.1
    endloop
  endfacet
  facet normal 0.945469 0.325713 0
    outer loop
      vertex 5.14447 -2.46925 19.5
      vertex 5.11372 -2.37999 19.1
      vertex 5.11372 -2.37999 19.5
    endloop
  endfacet
  facet normal 0.945469 0.325713 0
    outer loop
      vertex 5.11372 -2.37999 19.1
      vertex 5.14447 -2.46925 19.5
      vertex 5.14447 -2.46925 19.1
    endloop
  endfacet
  facet normal 0.912103 0.409961 0
    outer loop
      vertex 5.18205 -2.55286 19.5
      vertex 5.14447 -2.46925 19.1
      vertex 5.14447 -2.46925 19.5
    endloop
  endfacet
  facet normal 0.912103 0.409961 0
    outer loop
      vertex 5.14447 -2.46925 19.1
      vertex 5.18205 -2.55286 19.5
      vertex 5.18205 -2.55286 19.1
    endloop
  endfacet
  facet normal 0.868832 0.495106 0
    outer loop
      vertex 5.22647 -2.63081 19.5
      vertex 5.18205 -2.55286 19.1
      vertex 5.18205 -2.55286 19.5
    endloop
  endfacet
  facet normal 0.868832 0.495106 0
    outer loop
      vertex 5.18205 -2.55286 19.1
      vertex 5.22647 -2.63081 19.5
      vertex 5.22647 -2.63081 19.1
    endloop
  endfacet
  facet normal 0.815878 0.578224 0
    outer loop
      vertex 5.27771 -2.70311 19.5
      vertex 5.22647 -2.63081 19.1
      vertex 5.22647 -2.63081 19.5
    endloop
  endfacet
  facet normal 0.815878 0.578224 0
    outer loop
      vertex 5.22647 -2.63081 19.1
      vertex 5.27771 -2.70311 19.5
      vertex 5.27771 -2.70311 19.1
    endloop
  endfacet
  facet normal 0.753857 0.657038 0
    outer loop
      vertex 5.3358 -2.76976 19.5
      vertex 5.27771 -2.70311 19.1
      vertex 5.27771 -2.70311 19.5
    endloop
  endfacet
  facet normal 0.753857 0.657038 0
    outer loop
      vertex 5.27771 -2.70311 19.1
      vertex 5.3358 -2.76976 19.5
      vertex 5.3358 -2.76976 19.1
    endloop
  endfacet
  facet normal 0.68359 0.729866 -0
    outer loop
      vertex 5.40015 -2.83003 19.1
      vertex 5.3358 -2.76976 19.5
      vertex 5.40015 -2.83003 19.5
    endloop
  endfacet
  facet normal 0.68359 0.729866 0
    outer loop
      vertex 5.3358 -2.76976 19.5
      vertex 5.40015 -2.83003 19.1
      vertex 5.3358 -2.76976 19.1
    endloop
  endfacet
  facet normal 0.604847 0.796342 -0
    outer loop
      vertex 5.47018 -2.88322 19.1
      vertex 5.40015 -2.83003 19.5
      vertex 5.47018 -2.88322 19.5
    endloop
  endfacet
  facet normal 0.604847 0.796342 0
    outer loop
      vertex 5.40015 -2.83003 19.5
      vertex 5.47018 -2.88322 19.1
      vertex 5.40015 -2.83003 19.1
    endloop
  endfacet
  facet normal 0.519893 0.854231 -0
    outer loop
      vertex 5.54591 -2.92931 19.1
      vertex 5.47018 -2.88322 19.5
      vertex 5.54591 -2.92931 19.5
    endloop
  endfacet
  facet normal 0.519893 0.854231 0
    outer loop
      vertex 5.47018 -2.88322 19.5
      vertex 5.54591 -2.92931 19.1
      vertex 5.47018 -2.88322 19.1
    endloop
  endfacet
  facet normal 0.431996 0.901875 -0
    outer loop
      vertex 5.62733 -2.96831 19.1
      vertex 5.54591 -2.92931 19.5
      vertex 5.62733 -2.96831 19.5
    endloop
  endfacet
  facet normal 0.431996 0.901875 0
    outer loop
      vertex 5.54591 -2.92931 19.5
      vertex 5.62733 -2.96831 19.1
      vertex 5.54591 -2.92931 19.1
    endloop
  endfacet
  facet normal 0.343837 0.93903 -0
    outer loop
      vertex 5.71445 -3.00021 19.1
      vertex 5.62733 -2.96831 19.5
      vertex 5.71445 -3.00021 19.5
    endloop
  endfacet
  facet normal 0.343837 0.93903 0
    outer loop
      vertex 5.62733 -2.96831 19.5
      vertex 5.71445 -3.00021 19.1
      vertex 5.62733 -2.96831 19.1
    endloop
  endfacet
  facet normal 0.258498 0.966012 -0
    outer loop
      vertex 5.80724 -3.02504 19.1
      vertex 5.71445 -3.00021 19.5
      vertex 5.80724 -3.02504 19.5
    endloop
  endfacet
  facet normal 0.258498 0.966012 0
    outer loop
      vertex 5.71445 -3.00021 19.5
      vertex 5.80724 -3.02504 19.1
      vertex 5.71445 -3.00021 19.1
    endloop
  endfacet
  facet normal 0.17717 0.98418 -0
    outer loop
      vertex 5.90573 -3.04277 19.1
      vertex 5.80724 -3.02504 19.5
      vertex 5.90573 -3.04277 19.5
    endloop
  endfacet
  facet normal 0.17717 0.98418 0
    outer loop
      vertex 5.80724 -3.02504 19.5
      vertex 5.90573 -3.04277 19.1
      vertex 5.80724 -3.02504 19.1
    endloop
  endfacet
  facet normal 0.101593 0.994826 -0
    outer loop
      vertex 6.00992 -3.05341 19.1
      vertex 5.90573 -3.04277 19.5
      vertex 6.00992 -3.05341 19.5
    endloop
  endfacet
  facet normal 0.101593 0.994826 0
    outer loop
      vertex 5.90573 -3.04277 19.5
      vertex 6.00992 -3.05341 19.1
      vertex 5.90573 -3.04277 19.1
    endloop
  endfacet
  facet normal 0.0322061 0.999481 -0
    outer loop
      vertex 6.11978 -3.05695 19.1
      vertex 6.00992 -3.05341 19.5
      vertex 6.11978 -3.05695 19.5
    endloop
  endfacet
  facet normal 0.0322061 0.999481 0
    outer loop
      vertex 6.00992 -3.05341 19.5
      vertex 6.11978 -3.05695 19.1
      vertex 6.00992 -3.05341 19.1
    endloop
  endfacet
  facet normal -0.0251596 0.999683 0
    outer loop
      vertex 6.19289 -3.05511 19.1
      vertex 6.11978 -3.05695 19.5
      vertex 6.19289 -3.05511 19.5
    endloop
  endfacet
  facet normal -0.0251596 0.999683 0
    outer loop
      vertex 6.11978 -3.05695 19.5
      vertex 6.19289 -3.05511 19.1
      vertex 6.11978 -3.05695 19.1
    endloop
  endfacet
  facet normal 0 -1 0
    outer loop
      vertex 7.73314 -2.68698 19.1
      vertex 8.86098 -2.68698 19.5
      vertex 7.73314 -2.68698 19.5
    endloop
  endfacet
  facet normal 0 -1 -0
    outer loop
      vertex 8.86098 -2.68698 19.5
      vertex 7.73314 -2.68698 19.1
      vertex 8.86098 -2.68698 19.1
    endloop
  endfacet
  facet normal -1 0 0
    outer loop
      vertex 7.73314 -2.68698 19.1
      vertex 7.73314 -0.925079 19.5
      vertex 7.73314 -0.925079 19.1
    endloop
  endfacet
  facet normal -1 -0 0
    outer loop
      vertex 7.73314 -0.925079 19.5
      vertex 7.73314 -2.68698 19.1
      vertex 7.73314 -2.68698 19.5
    endloop
  endfacet
  facet normal 0 -1 0
    outer loop
      vertex 7.29303 -0.925079 19.1
      vertex 7.73314 -0.925079 19.5
      vertex 7.29303 -0.925079 19.5
    endloop
  endfacet
  facet normal 0 -1 -0
    outer loop
      vertex 7.73314 -0.925079 19.5
      vertex 7.29303 -0.925079 19.1
      vertex 7.73314 -0.925079 19.1
    endloop
  endfacet
  facet normal 1 -0 0
    outer loop
      vertex 7.29303 -3.02711 19.5
      vertex 7.29303 -0.925079 19.1
      vertex 7.29303 -0.925079 19.5
    endloop
  endfacet
  facet normal 1 0 0
    outer loop
      vertex 7.29303 -0.925079 19.1
      vertex 7.29303 -3.02711 19.5
      vertex 7.29303 -3.02711 19.1
    endloop
  endfacet
  facet normal 0 1 -0
    outer loop
      vertex 8.86098 -3.02711 19.1
      vertex 7.29303 -3.02711 19.5
      vertex 8.86098 -3.02711 19.5
    endloop
  endfacet
  facet normal 0 1 0
    outer loop
      vertex 7.29303 -3.02711 19.5
      vertex 8.86098 -3.02711 19.1
      vertex 7.29303 -3.02711 19.1
    endloop
  endfacet
  facet normal -1 0 0
    outer loop
      vertex 8.86098 -3.02711 19.1
      vertex 8.86098 -2.68698 19.5
      vertex 8.86098 -2.68698 19.1
    endloop
  endfacet
  facet normal -1 -0 0
    outer loop
      vertex 8.86098 -2.68698 19.5
      vertex 8.86098 -3.02711 19.1
      vertex 8.86098 -3.02711 19.5
    endloop
  endfacet
  facet normal -0.607272 0.794494 0
    outer loop
      vertex 9.81541 -2.06187 19.1
      vertex 9.55583 -2.26028 19.5
      vertex 9.81541 -2.06187 19.5
    endloop
  endfacet
  facet normal -0.607272 0.794494 0
    outer loop
      vertex 9.55583 -2.26028 19.5
      vertex 9.81541 -2.06187 19.1
      vertex 9.55583 -2.26028 19.1
    endloop
  endfacet
  facet normal 0.787709 0.616047 0
    outer loop
      vertex 10.5703 -3.02711 19.5
      vertex 9.81541 -2.06187 19.1
      vertex 9.81541 -2.06187 19.5
    endloop
  endfacet
  facet normal 0.787709 0.616047 0
    outer loop
      vertex 9.81541 -2.06187 19.1
      vertex 10.5703 -3.02711 19.5
      vertex 10.5703 -3.02711 19.1
    endloop
  endfacet
  facet normal 0 1 -0
    outer loop
      vertex 11.0895 -3.02711 19.1
      vertex 10.5703 -3.02711 19.5
      vertex 11.0895 -3.02711 19.5
    endloop
  endfacet
  facet normal 0 1 0
    outer loop
      vertex 10.5703 -3.02711 19.5
      vertex 11.0895 -3.02711 19.1
      vertex 10.5703 -3.02711 19.1
    endloop
  endfacet
  facet normal -0.78059 -0.625043 0
    outer loop
      vertex 11.0895 -3.02711 19.1
      vertex 10.1183 -1.81422 19.5
      vertex 10.1183 -1.81422 19.1
    endloop
  endfacet
  facet normal -0.78059 -0.625043 0
    outer loop
      vertex 10.1183 -1.81422 19.5
      vertex 11.0895 -3.02711 19.1
      vertex 11.0895 -3.02711 19.5
    endloop
  endfacet
  facet normal -0.703553 0.710642 0
    outer loop
      vertex 11.0164 -0.925079 19.1
      vertex 10.1183 -1.81422 19.5
      vertex 11.0164 -0.925079 19.5
    endloop
  endfacet
  facet normal -0.703553 0.710642 0
    outer loop
      vertex 10.1183 -1.81422 19.5
      vertex 11.0164 -0.925079 19.1
      vertex 10.1183 -1.81422 19.1
    endloop
  endfacet
  facet normal 0 -1 0
    outer loop
      vertex 10.5032 -0.925079 19.1
      vertex 11.0164 -0.925079 19.5
      vertex 10.5032 -0.925079 19.5
    endloop
  endfacet
  facet normal 0 -1 -0
    outer loop
      vertex 11.0164 -0.925079 19.5
      vertex 10.5032 -0.925079 19.1
      vertex 11.0164 -0.925079 19.1
    endloop
  endfacet
  facet normal 0.709314 -0.704893 0
    outer loop
      vertex 9.55583 -1.87839 19.5
      vertex 10.5032 -0.925079 19.1
      vertex 10.5032 -0.925079 19.5
    endloop
  endfacet
  facet normal 0.709314 -0.704893 0
    outer loop
      vertex 10.5032 -0.925079 19.1
      vertex 9.55583 -1.87839 19.5
      vertex 9.55583 -1.87839 19.1
    endloop
  endfacet
  facet normal -1 0 0
    outer loop
      vertex 9.55583 -1.87839 19.1
      vertex 9.55583 -0.925079 19.5
      vertex 9.55583 -0.925079 19.1
    endloop
  endfacet
  facet normal -1 -0 0
    outer loop
      vertex 9.55583 -0.925079 19.5
      vertex 9.55583 -1.87839 19.1
      vertex 9.55583 -1.87839 19.5
    endloop
  endfacet
  facet normal 0 -1 0
    outer loop
      vertex 9.11572 -0.925079 19.1
      vertex 9.55583 -0.925079 19.5
      vertex 9.11572 -0.925079 19.5
    endloop
  endfacet
  facet normal 0 -1 -0
    outer loop
      vertex 9.55583 -0.925079 19.5
      vertex 9.11572 -0.925079 19.1
      vertex 9.55583 -0.925079 19.1
    endloop
  endfacet
  facet normal 1 -0 0
    outer loop
      vertex 9.11572 -3.02711 19.5
      vertex 9.11572 -0.925079 19.1
      vertex 9.11572 -0.925079 19.5
    endloop
  endfacet
  facet normal 1 0 0
    outer loop
      vertex 9.11572 -0.925079 19.1
      vertex 9.11572 -3.02711 19.5
      vertex 9.11572 -3.02711 19.1
    endloop
  endfacet
  facet normal 0 1 -0
    outer loop
      vertex 9.55583 -3.02711 19.1
      vertex 9.11572 -3.02711 19.5
      vertex 9.55583 -3.02711 19.5
    endloop
  endfacet
  facet normal 0 1 0
    outer loop
      vertex 9.11572 -3.02711 19.5
      vertex 9.55583 -3.02711 19.1
      vertex 9.11572 -3.02711 19.1
    endloop
  endfacet
  facet normal -1 0 0
    outer loop
      vertex 9.55583 -3.02711 19.1
      vertex 9.55583 -2.26028 19.5
      vertex 9.55583 -2.26028 19.1
    endloop
  endfacet
  facet normal -1 -0 0
    outer loop
      vertex 9.55583 -2.26028 19.5
      vertex 9.55583 -3.02711 19.1
      vertex 9.55583 -3.02711 19.5
    endloop
  endfacet
  facet normal -0.989147 -0.146927 0
    outer loop
      vertex 26.0851 -7.69615 17
      vertex 26.0404 -7.39522 19.5
      vertex 26.0404 -7.39522 17
    endloop
  endfacet
  facet normal -0.989147 -0.146927 0
    outer loop
      vertex 26.0404 -7.39522 19.5
      vertex 26.0851 -7.69615 17
      vertex 26.0851 -7.69615 19.5
    endloop
  endfacet
  facet normal -0.9988 -0.0489785 0
    outer loop
      vertex 26.1 -8 17
      vertex 26.0851 -7.69615 19.5
      vertex 26.0851 -7.69615 17
    endloop
  endfacet
  facet normal -0.9988 -0.0489785 0
    outer loop
      vertex 26.0851 -7.69615 19.5
      vertex 26.1 -8 17
      vertex 26.1 -8 19.5
    endloop
  endfacet
  facet normal -0.970046 -0.242922 0
    outer loop
      vertex 26.0404 -7.39522 17
      vertex 25.9665 -7.10012 19.5
      vertex 25.9665 -7.10012 17
    endloop
  endfacet
  facet normal -0.970046 -0.242922 0
    outer loop
      vertex 25.9665 -7.10012 19.5
      vertex 26.0404 -7.39522 17
      vertex 26.0404 -7.39522 19.5
    endloop
  endfacet
  facet normal -0.803085 0.595864 0
    outer loop
      vertex 25.3963 -9.96662 17
      vertex 25.5776 -9.72227 19.5
      vertex 25.5776 -9.72227 17
    endloop
  endfacet
  facet normal -0.803085 0.595864 0
    outer loop
      vertex 25.5776 -9.72227 19.5
      vertex 25.3963 -9.96662 17
      vertex 25.3963 -9.96662 19.5
    endloop
  endfacet
  facet normal -0.0489705 0.9988 0
    outer loop
      vertex 23.3039 -11.0851 17
      vertex 23 -11.1 19.5
      vertex 23.3039 -11.0851 19.5
    endloop
  endfacet
  facet normal -0.0489705 0.9988 0
    outer loop
      vertex 23 -11.1 19.5
      vertex 23.3039 -11.0851 17
      vertex 23 -11.1 17
    endloop
  endfacet
  facet normal -0.514012 0.857783 0
    outer loop
      vertex 24.7223 -10.5776 17
      vertex 24.4613 -10.734 19.5
      vertex 24.7223 -10.5776 19.5
    endloop
  endfacet
  facet normal -0.514012 0.857783 0
    outer loop
      vertex 24.4613 -10.734 19.5
      vertex 24.7223 -10.5776 17
      vertex 24.4613 -10.734 17
    endloop
  endfacet
  facet normal 0.427568 -0.903983 0
    outer loop
      vertex 21.5387 -5.26604 17
      vertex 21.8137 -5.13597 19.5
      vertex 21.5387 -5.26604 19.5
    endloop
  endfacet
  facet normal 0.427568 -0.903983 0
    outer loop
      vertex 21.8137 -5.13597 19.5
      vertex 21.5387 -5.26604 17
      vertex 21.8137 -5.13597 17
    endloop
  endfacet
  facet normal -0.514012 -0.857783 0
    outer loop
      vertex 24.4613 -5.26604 17
      vertex 24.7223 -5.42244 19.5
      vertex 24.4613 -5.26604 19.5
    endloop
  endfacet
  facet normal -0.514012 -0.857783 -0
    outer loop
      vertex 24.7223 -5.42244 19.5
      vertex 24.4613 -5.26604 17
      vertex 24.7223 -5.42244 17
    endloop
  endfacet
  facet normal 0.0490688 -0.998795 0
    outer loop
      vertex 22.6961 -4.91493 17
      vertex 23 -4.9 19.5
      vertex 22.6961 -4.91493 19.5
    endloop
  endfacet
  facet normal 0.0490688 -0.998795 0
    outer loop
      vertex 23 -4.9 19.5
      vertex 22.6961 -4.91493 17
      vertex 23 -4.9 17
    endloop
  endfacet
  facet normal 0.803085 0.595864 0
    outer loop
      vertex 20.6037 -9.96662 19.5
      vertex 20.4224 -9.72227 17
      vertex 20.4224 -9.72227 19.5
    endloop
  endfacet
  facet normal 0.803085 0.595864 0
    outer loop
      vertex 20.4224 -9.72227 17
      vertex 20.6037 -9.96662 19.5
      vertex 20.6037 -9.96662 17
    endloop
  endfacet
  facet normal -0.941534 -0.336919 0
    outer loop
      vertex 25.9665 -7.10012 17
      vertex 25.864 -6.81368 19.5
      vertex 25.864 -6.81368 17
    endloop
  endfacet
  facet normal -0.941534 -0.336919 0
    outer loop
      vertex 25.864 -6.81368 19.5
      vertex 25.9665 -7.10012 17
      vertex 25.9665 -7.10012 19.5
    endloop
  endfacet
  facet normal -0.941534 0.336919 0
    outer loop
      vertex 25.864 -9.18632 17
      vertex 25.9665 -8.89988 19.5
      vertex 25.9665 -8.89988 17
    endloop
  endfacet
  facet normal -0.941534 0.336919 0
    outer loop
      vertex 25.9665 -8.89988 19.5
      vertex 25.864 -9.18632 17
      vertex 25.864 -9.18632 19.5
    endloop
  endfacet
  facet normal 0.857731 0.514099 0
    outer loop
      vertex 20.4224 -9.72227 19.5
      vertex 20.266 -9.46133 17
      vertex 20.266 -9.46133 19.5
    endloop
  endfacet
  facet normal 0.857731 0.514099 0
    outer loop
      vertex 20.266 -9.46133 17
      vertex 20.4224 -9.72227 19.5
      vertex 20.4224 -9.72227 17
    endloop
  endfacet
  facet normal -0.9988 0.0489785 0
    outer loop
      vertex 26.0851 -8.30385 17
      vertex 26.1 -8 19.5
      vertex 26.1 -8 17
    endloop
  endfacet
  facet normal -0.9988 0.0489785 0
    outer loop
      vertex 26.1 -8 19.5
      vertex 26.0851 -8.30385 17
      vertex 26.0851 -8.30385 19.5
    endloop
  endfacet
  facet normal 0.595943 0.803027 -0
    outer loop
      vertex 21.2777 -10.5776 17
      vertex 21.0334 -10.3963 19.5
      vertex 21.2777 -10.5776 19.5
    endloop
  endfacet
  facet normal 0.595943 0.803027 0
    outer loop
      vertex 21.0334 -10.3963 19.5
      vertex 21.2777 -10.5776 17
      vertex 21.0334 -10.3963 17
    endloop
  endfacet
  facet normal 0.989147 0.146927 0
    outer loop
      vertex 19.9596 -8.60478 19.5
      vertex 19.9149 -8.30385 17
      vertex 19.9149 -8.30385 19.5
    endloop
  endfacet
  facet normal 0.989147 0.146927 0
    outer loop
      vertex 19.9149 -8.30385 17
      vertex 19.9596 -8.60478 19.5
      vertex 19.9596 -8.60478 17
    endloop
  endfacet
  facet normal 0.595794 -0.803137 0
    outer loop
      vertex 21.0334 -5.60367 17
      vertex 21.2777 -5.42244 19.5
      vertex 21.0334 -5.60367 19.5
    endloop
  endfacet
  facet normal 0.595794 -0.803137 0
    outer loop
      vertex 21.2777 -5.42244 19.5
      vertex 21.0334 -5.60367 17
      vertex 21.2777 -5.42244 17
    endloop
  endfacet
  facet normal -0.595794 -0.803137 0
    outer loop
      vertex 24.7223 -5.42244 17
      vertex 24.9666 -5.60367 19.5
      vertex 24.7223 -5.42244 19.5
    endloop
  endfacet
  facet normal -0.595794 -0.803137 -0
    outer loop
      vertex 24.9666 -5.60367 19.5
      vertex 24.7223 -5.42244 17
      vertex 24.9666 -5.60367 17
    endloop
  endfacet
  facet normal -0.740906 0.671609 0
    outer loop
      vertex 25.192 -10.192 17
      vertex 25.3963 -9.96662 19.5
      vertex 25.3963 -9.96662 17
    endloop
  endfacet
  facet normal -0.740906 0.671609 0
    outer loop
      vertex 25.3963 -9.96662 19.5
      vertex 25.192 -10.192 17
      vertex 25.192 -10.192 19.5
    endloop
  endfacet
  facet normal 0.941534 0.336919 0
    outer loop
      vertex 20.136 -9.18632 19.5
      vertex 20.0335 -8.89988 17
      vertex 20.0335 -8.89988 19.5
    endloop
  endfacet
  facet normal 0.941534 0.336919 0
    outer loop
      vertex 20.0335 -8.89988 17
      vertex 20.136 -9.18632 19.5
      vertex 20.136 -9.18632 17
    endloop
  endfacet
  facet normal -0.989147 0.146927 0
    outer loop
      vertex 26.0404 -8.60478 17
      vertex 26.0851 -8.30385 19.5
      vertex 26.0851 -8.30385 17
    endloop
  endfacet
  facet normal -0.989147 0.146927 0
    outer loop
      vertex 26.0851 -8.30385 19.5
      vertex 26.0404 -8.60478 17
      vertex 26.0404 -8.60478 19.5
    endloop
  endfacet
  facet normal 0.857731 -0.514099 0
    outer loop
      vertex 20.266 -6.53867 19.5
      vertex 20.4224 -6.27773 17
      vertex 20.4224 -6.27773 19.5
    endloop
  endfacet
  facet normal 0.857731 -0.514099 0
    outer loop
      vertex 20.4224 -6.27773 17
      vertex 20.266 -6.53867 19.5
      vertex 20.266 -6.53867 17
    endloop
  endfacet
  facet normal -0.970046 0.242922 0
    outer loop
      vertex 25.9665 -8.89988 17
      vertex 26.0404 -8.60478 19.5
      vertex 26.0404 -8.60478 17
    endloop
  endfacet
  facet normal -0.970046 0.242922 0
    outer loop
      vertex 26.0404 -8.60478 19.5
      vertex 25.9665 -8.89988 17
      vertex 25.9665 -8.89988 19.5
    endloop
  endfacet
  facet normal -0.42738 0.904072 0
    outer loop
      vertex 24.4613 -10.734 17
      vertex 24.1863 -10.864 19.5
      vertex 24.4613 -10.734 19.5
    endloop
  endfacet
  facet normal -0.42738 0.904072 0
    outer loop
      vertex 24.1863 -10.864 19.5
      vertex 24.4613 -10.734 17
      vertex 24.1863 -10.864 17
    endloop
  endfacet
  facet normal -0.671576 -0.740936 0
    outer loop
      vertex 24.9666 -5.60367 17
      vertex 25.192 -5.80797 19.5
      vertex 24.9666 -5.60367 19.5
    endloop
  endfacet
  facet normal -0.671576 -0.740936 -0
    outer loop
      vertex 25.192 -5.80797 19.5
      vertex 24.9666 -5.60367 17
      vertex 25.192 -5.80797 17
    endloop
  endfacet
  facet normal 0.336932 -0.941529 0
    outer loop
      vertex 21.8137 -5.13597 17
      vertex 22.1001 -5.03348 19.5
      vertex 21.8137 -5.13597 19.5
    endloop
  endfacet
  facet normal 0.336932 -0.941529 0
    outer loop
      vertex 22.1001 -5.03348 19.5
      vertex 21.8137 -5.13597 17
      vertex 22.1001 -5.03348 17
    endloop
  endfacet
  facet normal -0.427568 -0.903983 0
    outer loop
      vertex 24.1863 -5.13597 17
      vertex 24.4613 -5.26604 19.5
      vertex 24.1863 -5.13597 19.5
    endloop
  endfacet
  facet normal -0.427568 -0.903983 -0
    outer loop
      vertex 24.4613 -5.26604 19.5
      vertex 24.1863 -5.13597 17
      vertex 24.4613 -5.26604 17
    endloop
  endfacet
  facet normal 0.9988 -0.0489785 0
    outer loop
      vertex 19.9 -8 19.5
      vertex 19.9149 -7.69615 17
      vertex 19.9149 -7.69615 19.5
    endloop
  endfacet
  facet normal 0.9988 -0.0489785 0
    outer loop
      vertex 19.9149 -7.69615 17
      vertex 19.9 -8 19.5
      vertex 19.9 -8 17
    endloop
  endfacet
  facet normal -0.803085 -0.595864 0
    outer loop
      vertex 25.5776 -6.27773 17
      vertex 25.3963 -6.03338 19.5
      vertex 25.3963 -6.03338 17
    endloop
  endfacet
  facet normal -0.803085 -0.595864 0
    outer loop
      vertex 25.3963 -6.03338 19.5
      vertex 25.5776 -6.27773 17
      vertex 25.5776 -6.27773 19.5
    endloop
  endfacet
  facet normal -0.0490688 -0.998795 0
    outer loop
      vertex 23 -4.9 17
      vertex 23.3039 -4.91493 19.5
      vertex 23 -4.9 19.5
    endloop
  endfacet
  facet normal -0.0490688 -0.998795 -0
    outer loop
      vertex 23.3039 -4.91493 19.5
      vertex 23 -4.9 17
      vertex 23.3039 -4.91493 17
    endloop
  endfacet
  facet normal 0.671576 -0.740936 0
    outer loop
      vertex 20.808 -5.80797 17
      vertex 21.0334 -5.60367 19.5
      vertex 20.808 -5.80797 19.5
    endloop
  endfacet
  facet normal 0.671576 -0.740936 0
    outer loop
      vertex 21.0334 -5.60367 19.5
      vertex 20.808 -5.80797 17
      vertex 21.0334 -5.60367 17
    endloop
  endfacet
  facet normal -0.336961 0.941519 0
    outer loop
      vertex 24.1863 -10.864 17
      vertex 23.8999 -10.9665 19.5
      vertex 24.1863 -10.864 19.5
    endloop
  endfacet
  facet normal -0.336961 0.941519 0
    outer loop
      vertex 23.8999 -10.9665 19.5
      vertex 24.1863 -10.864 17
      vertex 23.8999 -10.9665 17
    endloop
  endfacet
  facet normal -0.740951 -0.671559 0
    outer loop
      vertex 25.3963 -6.03338 17
      vertex 25.192 -5.80797 19.5
      vertex 25.192 -5.80797 17
    endloop
  endfacet
  facet normal -0.740951 -0.671559 0
    outer loop
      vertex 25.192 -5.80797 19.5
      vertex 25.3963 -6.03338 17
      vertex 25.3963 -6.03338 19.5
    endloop
  endfacet
  facet normal 0.242922 0.970046 -0
    outer loop
      vertex 22.3952 -11.0404 17
      vertex 22.1001 -10.9665 19.5
      vertex 22.3952 -11.0404 19.5
    endloop
  endfacet
  facet normal 0.242922 0.970046 0
    outer loop
      vertex 22.1001 -10.9665 19.5
      vertex 22.3952 -11.0404 17
      vertex 22.1001 -10.9665 17
    endloop
  endfacet
  facet normal -0.904078 -0.427367 0
    outer loop
      vertex 25.864 -6.81368 17
      vertex 25.734 -6.53867 19.5
      vertex 25.734 -6.53867 17
    endloop
  endfacet
  facet normal -0.904078 -0.427367 0
    outer loop
      vertex 25.734 -6.53867 19.5
      vertex 25.864 -6.81368 17
      vertex 25.864 -6.81368 19.5
    endloop
  endfacet
  facet normal -0.857731 0.514099 0
    outer loop
      vertex 25.5776 -9.72227 17
      vertex 25.734 -9.46133 19.5
      vertex 25.734 -9.46133 17
    endloop
  endfacet
  facet normal -0.857731 0.514099 0
    outer loop
      vertex 25.734 -9.46133 19.5
      vertex 25.5776 -9.72227 17
      vertex 25.5776 -9.72227 19.5
    endloop
  endfacet
  facet normal -0.336932 -0.941529 0
    outer loop
      vertex 23.8999 -5.03348 17
      vertex 24.1863 -5.13597 19.5
      vertex 23.8999 -5.03348 19.5
    endloop
  endfacet
  facet normal -0.336932 -0.941529 -0
    outer loop
      vertex 24.1863 -5.13597 19.5
      vertex 23.8999 -5.03348 17
      vertex 24.1863 -5.13597 17
    endloop
  endfacet
  facet normal 0.242953 -0.970038 0
    outer loop
      vertex 22.1001 -5.03348 17
      vertex 22.3952 -4.95957 19.5
      vertex 22.1001 -5.03348 19.5
    endloop
  endfacet
  facet normal 0.242953 -0.970038 0
    outer loop
      vertex 22.3952 -4.95957 19.5
      vertex 22.1001 -5.03348 17
      vertex 22.3952 -4.95957 17
    endloop
  endfacet
  facet normal 0.514012 -0.857783 0
    outer loop
      vertex 21.2777 -5.42244 17
      vertex 21.5387 -5.26604 19.5
      vertex 21.2777 -5.42244 19.5
    endloop
  endfacet
  facet normal 0.514012 -0.857783 0
    outer loop
      vertex 21.5387 -5.26604 19.5
      vertex 21.2777 -5.42244 17
      vertex 21.5387 -5.26604 17
    endloop
  endfacet
  facet normal -0.857731 -0.514099 0
    outer loop
      vertex 25.734 -6.53867 17
      vertex 25.5776 -6.27773 19.5
      vertex 25.5776 -6.27773 17
    endloop
  endfacet
  facet normal -0.857731 -0.514099 0
    outer loop
      vertex 25.5776 -6.27773 19.5
      vertex 25.734 -6.53867 17
      vertex 25.734 -6.53867 19.5
    endloop
  endfacet
  facet normal 0.970046 -0.242922 0
    outer loop
      vertex 19.9596 -7.39522 19.5
      vertex 20.0335 -7.10012 17
      vertex 20.0335 -7.10012 19.5
    endloop
  endfacet
  facet normal 0.970046 -0.242922 0
    outer loop
      vertex 20.0335 -7.10012 17
      vertex 19.9596 -7.39522 19.5
      vertex 19.9596 -7.39522 17
    endloop
  endfacet
  facet normal 0.146749 -0.989174 0
    outer loop
      vertex 22.3952 -4.95957 17
      vertex 22.6961 -4.91493 19.5
      vertex 22.3952 -4.95957 19.5
    endloop
  endfacet
  facet normal 0.146749 -0.989174 0
    outer loop
      vertex 22.6961 -4.91493 19.5
      vertex 22.3952 -4.95957 17
      vertex 22.6961 -4.91493 17
    endloop
  endfacet
  facet normal 0.904078 0.427367 0
    outer loop
      vertex 20.266 -9.46133 19.5
      vertex 20.136 -9.18632 17
      vertex 20.136 -9.18632 19.5
    endloop
  endfacet
  facet normal 0.904078 0.427367 0
    outer loop
      vertex 20.136 -9.18632 17
      vertex 20.266 -9.46133 19.5
      vertex 20.266 -9.46133 17
    endloop
  endfacet
  facet normal 0.146942 0.989145 -0
    outer loop
      vertex 22.6961 -11.0851 17
      vertex 22.3952 -11.0404 19.5
      vertex 22.6961 -11.0851 19.5
    endloop
  endfacet
  facet normal 0.146942 0.989145 0
    outer loop
      vertex 22.3952 -11.0404 19.5
      vertex 22.6961 -11.0851 17
      vertex 22.3952 -11.0404 17
    endloop
  endfacet
  facet normal -0.146942 0.989145 0
    outer loop
      vertex 23.6048 -11.0404 17
      vertex 23.3039 -11.0851 19.5
      vertex 23.6048 -11.0404 19.5
    endloop
  endfacet
  facet normal -0.146942 0.989145 0
    outer loop
      vertex 23.3039 -11.0851 19.5
      vertex 23.6048 -11.0404 17
      vertex 23.3039 -11.0851 17
    endloop
  endfacet
  facet normal 0.336961 0.941519 -0
    outer loop
      vertex 22.1001 -10.9665 17
      vertex 21.8137 -10.864 19.5
      vertex 22.1001 -10.9665 19.5
    endloop
  endfacet
  facet normal 0.336961 0.941519 0
    outer loop
      vertex 21.8137 -10.864 19.5
      vertex 22.1001 -10.9665 17
      vertex 21.8137 -10.864 17
    endloop
  endfacet
  facet normal 0.671576 0.740936 -0
    outer loop
      vertex 21.0334 -10.3963 17
      vertex 20.808 -10.192 19.5
      vertex 21.0334 -10.3963 19.5
    endloop
  endfacet
  facet normal 0.671576 0.740936 0
    outer loop
      vertex 20.808 -10.192 19.5
      vertex 21.0334 -10.3963 17
      vertex 20.808 -10.192 17
    endloop
  endfacet
  facet normal -0.671576 0.740936 0
    outer loop
      vertex 25.192 -10.192 17
      vertex 24.9666 -10.3963 19.5
      vertex 25.192 -10.192 19.5
    endloop
  endfacet
  facet normal -0.671576 0.740936 0
    outer loop
      vertex 24.9666 -10.3963 19.5
      vertex 25.192 -10.192 17
      vertex 24.9666 -10.3963 17
    endloop
  endfacet
  facet normal 0.970046 0.242922 0
    outer loop
      vertex 20.0335 -8.89988 19.5
      vertex 19.9596 -8.60478 17
      vertex 19.9596 -8.60478 19.5
    endloop
  endfacet
  facet normal 0.970046 0.242922 0
    outer loop
      vertex 19.9596 -8.60478 17
      vertex 20.0335 -8.89988 19.5
      vertex 20.0335 -8.89988 17
    endloop
  endfacet
  facet normal -0.242922 0.970046 0
    outer loop
      vertex 23.8999 -10.9665 17
      vertex 23.6048 -11.0404 19.5
      vertex 23.8999 -10.9665 19.5
    endloop
  endfacet
  facet normal -0.242922 0.970046 0
    outer loop
      vertex 23.6048 -11.0404 19.5
      vertex 23.8999 -10.9665 17
      vertex 23.6048 -11.0404 17
    endloop
  endfacet
  facet normal 0.740906 0.671609 0
    outer loop
      vertex 20.808 -10.192 19.5
      vertex 20.6037 -9.96662 17
      vertex 20.6037 -9.96662 19.5
    endloop
  endfacet
  facet normal 0.740906 0.671609 0
    outer loop
      vertex 20.6037 -9.96662 17
      vertex 20.808 -10.192 19.5
      vertex 20.808 -10.192 17
    endloop
  endfacet
  facet normal 0.989147 -0.146927 0
    outer loop
      vertex 19.9149 -7.69615 19.5
      vertex 19.9596 -7.39522 17
      vertex 19.9596 -7.39522 19.5
    endloop
  endfacet
  facet normal 0.989147 -0.146927 0
    outer loop
      vertex 19.9596 -7.39522 17
      vertex 19.9149 -7.69615 19.5
      vertex 19.9149 -7.69615 17
    endloop
  endfacet
  facet normal -0.242953 -0.970038 0
    outer loop
      vertex 23.6048 -4.95957 17
      vertex 23.8999 -5.03348 19.5
      vertex 23.6048 -4.95957 19.5
    endloop
  endfacet
  facet normal -0.242953 -0.970038 -0
    outer loop
      vertex 23.8999 -5.03348 19.5
      vertex 23.6048 -4.95957 17
      vertex 23.8999 -5.03348 17
    endloop
  endfacet
  facet normal 0.9988 0.0489785 0
    outer loop
      vertex 19.9149 -8.30385 19.5
      vertex 19.9 -8 17
      vertex 19.9 -8 19.5
    endloop
  endfacet
  facet normal 0.9988 0.0489785 0
    outer loop
      vertex 19.9 -8 17
      vertex 19.9149 -8.30385 19.5
      vertex 19.9149 -8.30385 17
    endloop
  endfacet
  facet normal 0.941534 -0.336919 0
    outer loop
      vertex 20.0335 -7.10012 19.5
      vertex 20.136 -6.81368 17
      vertex 20.136 -6.81368 19.5
    endloop
  endfacet
  facet normal 0.941534 -0.336919 0
    outer loop
      vertex 20.136 -6.81368 17
      vertex 20.0335 -7.10012 19.5
      vertex 20.0335 -7.10012 17
    endloop
  endfacet
  facet normal -0.595943 0.803027 0
    outer loop
      vertex 24.9666 -10.3963 17
      vertex 24.7223 -10.5776 19.5
      vertex 24.9666 -10.3963 19.5
    endloop
  endfacet
  facet normal -0.595943 0.803027 0
    outer loop
      vertex 24.7223 -10.5776 19.5
      vertex 24.9666 -10.3963 17
      vertex 24.7223 -10.5776 17
    endloop
  endfacet
  facet normal 0.803085 -0.595864 0
    outer loop
      vertex 20.4224 -6.27773 19.5
      vertex 20.6037 -6.03338 17
      vertex 20.6037 -6.03338 19.5
    endloop
  endfacet
  facet normal 0.803085 -0.595864 0
    outer loop
      vertex 20.6037 -6.03338 17
      vertex 20.4224 -6.27773 19.5
      vertex 20.4224 -6.27773 17
    endloop
  endfacet
  facet normal 0.514012 0.857783 -0
    outer loop
      vertex 21.5387 -10.734 17
      vertex 21.2777 -10.5776 19.5
      vertex 21.5387 -10.734 19.5
    endloop
  endfacet
  facet normal 0.514012 0.857783 0
    outer loop
      vertex 21.2777 -10.5776 19.5
      vertex 21.5387 -10.734 17
      vertex 21.2777 -10.5776 17
    endloop
  endfacet
  facet normal 0.904078 -0.427367 0
    outer loop
      vertex 20.136 -6.81368 19.5
      vertex 20.266 -6.53867 17
      vertex 20.266 -6.53867 19.5
    endloop
  endfacet
  facet normal 0.904078 -0.427367 0
    outer loop
      vertex 20.266 -6.53867 17
      vertex 20.136 -6.81368 19.5
      vertex 20.136 -6.81368 17
    endloop
  endfacet
  facet normal -0.904078 0.427367 0
    outer loop
      vertex 25.734 -9.46133 17
      vertex 25.864 -9.18632 19.5
      vertex 25.864 -9.18632 17
    endloop
  endfacet
  facet normal -0.904078 0.427367 0
    outer loop
      vertex 25.864 -9.18632 19.5
      vertex 25.734 -9.46133 17
      vertex 25.734 -9.46133 19.5
    endloop
  endfacet
  facet normal 0.0489705 0.9988 -0
    outer loop
      vertex 23 -11.1 17
      vertex 22.6961 -11.0851 19.5
      vertex 23 -11.1 19.5
    endloop
  endfacet
  facet normal 0.0489705 0.9988 0
    outer loop
      vertex 22.6961 -11.0851 19.5
      vertex 23 -11.1 17
      vertex 22.6961 -11.0851 17
    endloop
  endfacet
  facet normal -0.146749 -0.989174 0
    outer loop
      vertex 23.3039 -4.91493 17
      vertex 23.6048 -4.95957 19.5
      vertex 23.3039 -4.91493 19.5
    endloop
  endfacet
  facet normal -0.146749 -0.989174 -0
    outer loop
      vertex 23.6048 -4.95957 19.5
      vertex 23.3039 -4.91493 17
      vertex 23.6048 -4.95957 17
    endloop
  endfacet
  facet normal 0.42738 0.904072 -0
    outer loop
      vertex 21.8137 -10.864 17
      vertex 21.5387 -10.734 19.5
      vertex 21.8137 -10.864 19.5
    endloop
  endfacet
  facet normal 0.42738 0.904072 0
    outer loop
      vertex 21.5387 -10.734 19.5
      vertex 21.8137 -10.864 17
      vertex 21.5387 -10.734 17
    endloop
  endfacet
  facet normal 0.740951 -0.671559 0
    outer loop
      vertex 20.6037 -6.03338 19.5
      vertex 20.808 -5.80797 17
      vertex 20.808 -5.80797 19.5
    endloop
  endfacet
  facet normal 0.740951 -0.671559 0
    outer loop
      vertex 20.808 -5.80797 17
      vertex 20.6037 -6.03338 19.5
      vertex 20.6037 -6.03338 17
    endloop
  endfacet
  facet normal 0 0 1
    outer loop
      vertex 21.8045 -1.47029 19.1
      vertex 21.3592 -1.49019 19.1
      vertex 21.364 -1.55376 19.1
    endloop
  endfacet
  facet normal 0 0 1
    outer loop
      vertex 21.4473 -0.981216 19.1
      vertex 21.3448 -1.43411 19.1
      vertex 21.3592 -1.49019 19.1
    endloop
  endfacet
  facet normal 0 0 1
    outer loop
      vertex 21.2442 -1.31073 19.1
      vertex 21.3871 -0.959229 19.1
      vertex 21.3226 -0.941238 19.1
    endloop
  endfacet
  facet normal 0 0 1
    outer loop
      vertex 21.4473 -0.981216 19.1
      vertex 21.3208 -1.3855 19.1
      vertex 21.3448 -1.43411 19.1
    endloop
  endfacet
  facet normal 0 0 1
    outer loop
      vertex 21.4473 -0.981216 19.1
      vertex 21.2873 -1.34438 19.1
      vertex 21.3208 -1.3855 19.1
    endloop
  endfacet
  facet normal 0 0 1
    outer loop
      vertex 21.1916 -1.28455 19.1
      vertex 21.3226 -0.941238 19.1
      vertex 21.2539 -0.927246 19.1
    endloop
  endfacet
  facet normal 0 0 1
    outer loop
      vertex 21.4473 -0.981216 19.1
      vertex 21.2442 -1.31073 19.1
      vertex 21.2873 -1.34438 19.1
    endloop
  endfacet
  facet normal 0 0 1
    outer loop
      vertex 21.3226 -0.941238 19.1
      vertex 21.1916 -1.28455 19.1
      vertex 21.2442 -1.31073 19.1
    endloop
  endfacet
  facet normal 0 0 1
    outer loop
      vertex 21.1293 -1.26585 19.1
      vertex 21.2539 -0.927246 19.1
      vertex 21.1809 -0.917252 19.1
    endloop
  endfacet
  facet normal 0 0 1
    outer loop
      vertex 21.2539 -0.927246 19.1
      vertex 21.1293 -1.26585 19.1
      vertex 21.1916 -1.28455 19.1
    endloop
  endfacet
  facet normal 0 0 1
    outer loop
      vertex 21.1037 -0.91127 19.1
      vertex 21.1293 -1.26585 19.1
      vertex 21.1809 -0.917252 19.1
    endloop
  endfacet
  facet normal 0 0 1
    outer loop
      vertex 21.1037 -0.91127 19.1
      vertex 21.0575 -1.25464 19.1
      vertex 21.1293 -1.26585 19.1
    endloop
  endfacet
  facet normal 0 0 1
    outer loop
      vertex 21.0223 -0.909271 19.1
      vertex 21.0575 -1.25464 19.1
      vertex 21.1037 -0.91127 19.1
    endloop
  endfacet
  facet normal 0 0 1
    outer loop
      vertex 21.0223 -0.909271 19.1
      vertex 20.9761 -1.2509 19.1
      vertex 21.0575 -1.25464 19.1
    endloop
  endfacet
  facet normal 0 0 1
    outer loop
      vertex 21.0223 -0.909271 19.1
      vertex 20.4121 -1.2509 19.1
      vertex 20.9761 -1.2509 19.1
    endloop
  endfacet
  facet normal 0 0 1
    outer loop
      vertex 19.972 -0.909271 19.1
      vertex 20.4121 -1.87152 19.1
      vertex 20.4121 -1.2509 19.1
    endloop
  endfacet
  facet normal 0 0 1
    outer loop
      vertex 19.972 -3.01131 19.1
      vertex 20.4121 -1.87152 19.1
      vertex 19.972 -0.909271 19.1
    endloop
  endfacet
  facet normal -0 0 1
    outer loop
      vertex 19.972 -0.909271 19.1
      vertex 20.4121 -1.2509 19.1
      vertex 21.0223 -0.909271 19.1
    endloop
  endfacet
  facet normal 0 0 1
    outer loop
      vertex 20.4121 -1.87152 19.1
      vertex 19.972 -3.01131 19.1
      vertex 20.4121 -2.21315 19.1
    endloop
  endfacet
  facet normal 0 0 1
    outer loop
      vertex 20.4121 -2.21315 19.1
      vertex 19.972 -3.01131 19.1
      vertex 20.4121 -3.01131 19.1
    endloop
  endfacet
  facet normal 0 0 1
    outer loop
      vertex 21.364 -1.55376 19.1
      vertex 21.8071 -1.53584 19.1
      vertex 21.8045 -1.47029 19.1
    endloop
  endfacet
  facet normal 0 0 1
    outer loop
      vertex 21.8071 -1.53584 19.1
      vertex 21.364 -1.55376 19.1
      vertex 21.8055 -1.58417 19.1
    endloop
  endfacet
  facet normal 0 0 1
    outer loop
      vertex 21.3592 -1.49019 19.1
      vertex 21.8045 -1.47029 19.1
      vertex 21.797 -1.4082 19.1
    endloop
  endfacet
  facet normal 0 0 1
    outer loop
      vertex 21.3628 -1.58641 19.1
      vertex 21.8055 -1.58417 19.1
      vertex 21.364 -1.55376 19.1
    endloop
  endfacet
  facet normal 0 0 1
    outer loop
      vertex 21.3592 -1.49019 19.1
      vertex 21.797 -1.4082 19.1
      vertex 21.7843 -1.34961 19.1
    endloop
  endfacet
  facet normal 0 0 1
    outer loop
      vertex 21.8055 -1.58417 19.1
      vertex 21.3628 -1.58641 19.1
      vertex 21.8009 -1.631 19.1
    endloop
  endfacet
  facet normal 0 0 1
    outer loop
      vertex 21.8009 -1.631 19.1
      vertex 21.3628 -1.58641 19.1
      vertex 21.7931 -1.67635 19.1
    endloop
  endfacet
  facet normal 0 0 1
    outer loop
      vertex 21.3592 -1.49019 19.1
      vertex 21.7843 -1.34961 19.1
      vertex 21.7667 -1.29449 19.1
    endloop
  endfacet
  facet normal -0 0 1
    outer loop
      vertex 21.3592 -1.6174 19.1
      vertex 21.7931 -1.67635 19.1
      vertex 21.3628 -1.58641 19.1
    endloop
  endfacet
  facet normal 0 0 1
    outer loop
      vertex 21.3592 -1.49019 19.1
      vertex 21.7667 -1.29449 19.1
      vertex 21.744 -1.24286 19.1
    endloop
  endfacet
  facet normal 0 0 1
    outer loop
      vertex 21.7931 -1.67635 19.1
      vertex 21.3592 -1.6174 19.1
      vertex 21.7823 -1.72018 19.1
    endloop
  endfacet
  facet normal 0 0 1
    outer loop
      vertex 21.3592 -1.49019 19.1
      vertex 21.744 -1.24286 19.1
      vertex 21.7162 -1.1947 19.1
    endloop
  endfacet
  facet normal 0 0 1
    outer loop
      vertex 21.7823 -1.72018 19.1
      vertex 21.3592 -1.6174 19.1
      vertex 21.7684 -1.76254 19.1
    endloop
  endfacet
  facet normal 0 0 1
    outer loop
      vertex 21.3592 -1.49019 19.1
      vertex 21.7162 -1.1947 19.1
      vertex 21.6834 -1.15004 19.1
    endloop
  endfacet
  facet normal -0 0 1
    outer loop
      vertex 21.3533 -1.64674 19.1
      vertex 21.7684 -1.76254 19.1
      vertex 21.3592 -1.6174 19.1
    endloop
  endfacet
  facet normal 0 0 1
    outer loop
      vertex 21.7684 -1.76254 19.1
      vertex 21.3533 -1.64674 19.1
      vertex 21.7513 -1.80341 19.1
    endloop
  endfacet
  facet normal 0 0 1
    outer loop
      vertex 21.3592 -1.49019 19.1
      vertex 21.6834 -1.15004 19.1
      vertex 21.6456 -1.10884 19.1
    endloop
  endfacet
  facet normal -0 0 1
    outer loop
      vertex 21.3451 -1.67444 19.1
      vertex 21.7513 -1.80341 19.1
      vertex 21.3533 -1.64674 19.1
    endloop
  endfacet
  facet normal 0 0 1
    outer loop
      vertex 21.3592 -1.49019 19.1
      vertex 21.6456 -1.10884 19.1
      vertex 21.6026 -1.07114 19.1
    endloop
  endfacet
  facet normal 0 0 1
    outer loop
      vertex 21.7513 -1.80341 19.1
      vertex 21.3451 -1.67444 19.1
      vertex 21.7312 -1.84277 19.1
    endloop
  endfacet
  facet normal 0 0 1
    outer loop
      vertex 21.3592 -1.49019 19.1
      vertex 21.6026 -1.07114 19.1
      vertex 21.5551 -1.03717 19.1
    endloop
  endfacet
  facet normal 0 0 1
    outer loop
      vertex 21.7312 -1.84277 19.1
      vertex 21.3451 -1.67444 19.1
      vertex 21.708 -1.88066 19.1
    endloop
  endfacet
  facet normal -0 0 1
    outer loop
      vertex 21.3345 -1.70045 19.1
      vertex 21.708 -1.88066 19.1
      vertex 21.3451 -1.67444 19.1
    endloop
  endfacet
  facet normal 0 0 1
    outer loop
      vertex 21.3592 -1.49019 19.1
      vertex 21.5551 -1.03717 19.1
      vertex 21.5033 -1.00719 19.1
    endloop
  endfacet
  facet normal 0 0 1
    outer loop
      vertex 21.708 -1.88066 19.1
      vertex 21.3345 -1.70045 19.1
      vertex 21.6817 -1.91704 19.1
    endloop
  endfacet
  facet normal 0 0 1
    outer loop
      vertex 21.3592 -1.49019 19.1
      vertex 21.5033 -1.00719 19.1
      vertex 21.4473 -0.981216 19.1
    endloop
  endfacet
  facet normal 0 0 1
    outer loop
      vertex 21.6817 -1.91704 19.1
      vertex 21.3345 -1.70045 19.1
      vertex 21.6528 -1.95132 19.1
    endloop
  endfacet
  facet normal -0 0 1
    outer loop
      vertex 21.3215 -1.72482 19.1
      vertex 21.6528 -1.95132 19.1
      vertex 21.3345 -1.70045 19.1
    endloop
  endfacet
  facet normal 0 0 1
    outer loop
      vertex 21.2442 -1.31073 19.1
      vertex 21.4473 -0.981216 19.1
      vertex 21.3871 -0.959229 19.1
    endloop
  endfacet
  facet normal 0 0 1
    outer loop
      vertex 21.6528 -1.95132 19.1
      vertex 21.3215 -1.72482 19.1
      vertex 21.6217 -1.98289 19.1
    endloop
  endfacet
  facet normal -0 0 1
    outer loop
      vertex 21.3062 -1.74754 19.1
      vertex 21.6217 -1.98289 19.1
      vertex 21.3215 -1.72482 19.1
    endloop
  endfacet
  facet normal 0 0 1
    outer loop
      vertex 21.6217 -1.98289 19.1
      vertex 21.3062 -1.74754 19.1
      vertex 21.5884 -2.01175 19.1
    endloop
  endfacet
  facet normal 0 0 1
    outer loop
      vertex 21.5884 -2.01175 19.1
      vertex 21.3062 -1.74754 19.1
      vertex 21.5529 -2.03792 19.1
    endloop
  endfacet
  facet normal -0 0 1
    outer loop
      vertex 21.2885 -1.76859 19.1
      vertex 21.5529 -2.03792 19.1
      vertex 21.3062 -1.74754 19.1
    endloop
  endfacet
  facet normal 0 0 1
    outer loop
      vertex 21.5529 -2.03792 19.1
      vertex 21.2885 -1.76859 19.1
      vertex 21.5153 -2.06137 19.1
    endloop
  endfacet
  facet normal 0 0 1
    outer loop
      vertex 21.5153 -2.06137 19.1
      vertex 21.2885 -1.76859 19.1
      vertex 21.4755 -2.08211 19.1
    endloop
  endfacet
  facet normal 0 0 1
    outer loop
      vertex 21.3431 -2.12811 19.1
      vertex 21.4162 -3.01131 19.1
      vertex 21.9115 -3.01131 19.1
    endloop
  endfacet
  facet normal -0 0 1
    outer loop
      vertex 21.2685 -1.78799 19.1
      vertex 21.4755 -2.08211 19.1
      vertex 21.2885 -1.76859 19.1
    endloop
  endfacet
  facet normal 0 0 1
    outer loop
      vertex 21.4755 -2.08211 19.1
      vertex 21.2685 -1.78799 19.1
      vertex 21.4335 -2.10016 19.1
    endloop
  endfacet
  facet normal -0 0 1
    outer loop
      vertex 21.2461 -1.80553 19.1
      vertex 21.4335 -2.10016 19.1
      vertex 21.2685 -1.78799 19.1
    endloop
  endfacet
  facet normal 0 0 1
    outer loop
      vertex 21.4335 -2.10016 19.1
      vertex 21.2461 -1.80553 19.1
      vertex 21.3894 -2.11549 19.1
    endloop
  endfacet
  facet normal -0 0 1
    outer loop
      vertex 21.2216 -1.82098 19.1
      vertex 21.3894 -2.11549 19.1
      vertex 21.2461 -1.80553 19.1
    endloop
  endfacet
  facet normal 0 0 1
    outer loop
      vertex 21.3894 -2.11549 19.1
      vertex 21.2216 -1.82098 19.1
      vertex 21.3431 -2.12811 19.1
    endloop
  endfacet
  facet normal -0 0 1
    outer loop
      vertex 21.1949 -1.8344 19.1
      vertex 21.3431 -2.12811 19.1
      vertex 21.2216 -1.82098 19.1
    endloop
  endfacet
  facet normal -0 0 1
    outer loop
      vertex 21.1659 -1.84573 19.1
      vertex 21.3431 -2.12811 19.1
      vertex 21.1949 -1.8344 19.1
    endloop
  endfacet
  facet normal -0 0 1
    outer loop
      vertex 21.1348 -1.85503 19.1
      vertex 21.3431 -2.12811 19.1
      vertex 21.1659 -1.84573 19.1
    endloop
  endfacet
  facet normal -0 0 1
    outer loop
      vertex 21.1014 -1.86224 19.1
      vertex 21.3431 -2.12811 19.1
      vertex 21.1348 -1.85503 19.1
    endloop
  endfacet
  facet normal 0 0 1
    outer loop
      vertex 21.3431 -2.12811 19.1
      vertex 21.1014 -1.86224 19.1
      vertex 20.9283 -2.21315 19.1
    endloop
  endfacet
  facet normal 0 0 1
    outer loop
      vertex 20.9283 -2.21315 19.1
      vertex 21.1014 -1.86224 19.1
      vertex 21.0658 -1.8674 19.1
    endloop
  endfacet
  facet normal 0 0 1
    outer loop
      vertex 20.9283 -2.21315 19.1
      vertex 21.0658 -1.8674 19.1
      vertex 21.028 -1.87048 19.1
    endloop
  endfacet
  facet normal 0 0 1
    outer loop
      vertex 20.9283 -2.21315 19.1
      vertex 21.028 -1.87048 19.1
      vertex 20.988 -1.87152 19.1
    endloop
  endfacet
  facet normal 0 0 1
    outer loop
      vertex 21.3431 -2.12811 19.1
      vertex 20.9283 -2.21315 19.1
      vertex 21.4162 -3.01131 19.1
    endloop
  endfacet
  facet normal -0 0 1
    outer loop
      vertex 20.4121 -1.87152 19.1
      vertex 20.9283 -2.21315 19.1
      vertex 20.988 -1.87152 19.1
    endloop
  endfacet
  facet normal 0 0 1
    outer loop
      vertex 20.9283 -2.21315 19.1
      vertex 20.4121 -1.87152 19.1
      vertex 20.4121 -2.21315 19.1
    endloop
  endfacet
  facet normal -0 0 1
    outer loop
      vertex 22.1061 -0.909271 19.1
      vertex 22.5462 -2.18927 19.1
      vertex 22.5462 -0.909271 19.1
    endloop
  endfacet
  facet normal 0 -0 1
    outer loop
      vertex 22.1089 -2.30887 19.1
      vertex 22.5462 -2.18927 19.1
      vertex 22.1061 -2.2236 19.1
    endloop
  endfacet
  facet normal 0 -0 1
    outer loop
      vertex 22.1174 -2.38965 19.1
      vertex 22.5462 -2.18927 19.1
      vertex 22.1089 -2.30887 19.1
    endloop
  endfacet
  facet normal 0 -0 1
    outer loop
      vertex 22.1317 -2.46594 19.1
      vertex 22.5462 -2.18927 19.1
      vertex 22.1174 -2.38965 19.1
    endloop
  endfacet
  facet normal 0 -0 1
    outer loop
      vertex 22.1516 -2.53773 19.1
      vertex 22.5462 -2.18927 19.1
      vertex 22.1317 -2.46594 19.1
    endloop
  endfacet
  facet normal 0 -0 1
    outer loop
      vertex 22.1772 -2.60503 19.1
      vertex 22.5462 -2.18927 19.1
      vertex 22.1516 -2.53773 19.1
    endloop
  endfacet
  facet normal 0 0 1
    outer loop
      vertex 22.5462 -2.18927 19.1
      vertex 22.4491 -2.91299 19.1
      vertex 22.5128 -2.94699 19.1
    endloop
  endfacet
  facet normal 0 0 1
    outer loop
      vertex 22.5462 -2.18927 19.1
      vertex 22.3903 -2.87376 19.1
      vertex 22.4491 -2.91299 19.1
    endloop
  endfacet
  facet normal 0 0 1
    outer loop
      vertex 22.5462 -2.18927 19.1
      vertex 22.3365 -2.8293 19.1
      vertex 22.3903 -2.87376 19.1
    endloop
  endfacet
  facet normal 0 0 1
    outer loop
      vertex 22.5462 -2.18927 19.1
      vertex 22.2882 -2.77997 19.1
      vertex 22.3365 -2.8293 19.1
    endloop
  endfacet
  facet normal 0 0 1
    outer loop
      vertex 22.5462 -2.18927 19.1
      vertex 22.2085 -2.66783 19.1
      vertex 22.2455 -2.72615 19.1
    endloop
  endfacet
  facet normal 0 0 1
    outer loop
      vertex 22.5462 -2.18927 19.1
      vertex 22.2455 -2.72615 19.1
      vertex 22.2882 -2.77997 19.1
    endloop
  endfacet
  facet normal 0 0 1
    outer loop
      vertex 22.5462 -2.18927 19.1
      vertex 22.1061 -0.909271 19.1
      vertex 22.1061 -2.2236 19.1
    endloop
  endfacet
  facet normal 0 -0 1
    outer loop
      vertex 22.2085 -2.66783 19.1
      vertex 22.5462 -2.18927 19.1
      vertex 22.1772 -2.60503 19.1
    endloop
  endfacet
  facet normal -0 0 1
    outer loop
      vertex 23.5024 -2.17436 19.1
      vertex 23.9425 -2.20122 19.1
      vertex 23.9425 -0.909271 19.1
    endloop
  endfacet
  facet normal 0 0 1
    outer loop
      vertex 23.5009 -2.22894 19.1
      vertex 23.9425 -2.20122 19.1
      vertex 23.5024 -2.17436 19.1
    endloop
  endfacet
  facet normal 0 0 1
    outer loop
      vertex 23.9425 -2.20122 19.1
      vertex 23.5009 -2.22894 19.1
      vertex 23.9395 -2.28786 19.1
    endloop
  endfacet
  facet normal -0 0 1
    outer loop
      vertex 23.4962 -2.28062 19.1
      vertex 23.9395 -2.28786 19.1
      vertex 23.5009 -2.22894 19.1
    endloop
  endfacet
  facet normal 0 0 1
    outer loop
      vertex 23.9395 -2.28786 19.1
      vertex 23.4962 -2.28062 19.1
      vertex 23.9303 -2.37004 19.1
    endloop
  endfacet
  facet normal -0 0 1
    outer loop
      vertex 23.4883 -2.32942 19.1
      vertex 23.9303 -2.37004 19.1
      vertex 23.4962 -2.28062 19.1
    endloop
  endfacet
  facet normal 0 0 1
    outer loop
      vertex 23.9303 -2.37004 19.1
      vertex 23.4883 -2.32942 19.1
      vertex 23.9151 -2.4478 19.1
    endloop
  endfacet
  facet normal -0 0 1
    outer loop
      vertex 23.4774 -2.37534 19.1
      vertex 23.9151 -2.4478 19.1
      vertex 23.4883 -2.32942 19.1
    endloop
  endfacet
  facet normal 0 0 1
    outer loop
      vertex 23.9151 -2.4478 19.1
      vertex 23.4774 -2.37534 19.1
      vertex 23.8938 -2.52112 19.1
    endloop
  endfacet
  facet normal -0 0 1
    outer loop
      vertex 23.4633 -2.41835 19.1
      vertex 23.8938 -2.52112 19.1
      vertex 23.4774 -2.37534 19.1
    endloop
  endfacet
  facet normal 0 0 1
    outer loop
      vertex 23.8938 -2.52112 19.1
      vertex 23.4633 -2.41835 19.1
      vertex 23.8663 -2.58998 19.1
    endloop
  endfacet
  facet normal -0 0 1
    outer loop
      vertex 23.4461 -2.45848 19.1
      vertex 23.8328 -2.65442 19.1
      vertex 23.4633 -2.41835 19.1
    endloop
  endfacet
  facet normal 0 0 1
    outer loop
      vertex 23.5024 -2.17436 19.1
      vertex 23.9425 -0.909271 19.1
      vertex 23.5024 -0.909271 19.1
    endloop
  endfacet
  facet normal 0 0 1
    outer loop
      vertex 23.8663 -2.58998 19.1
      vertex 23.4633 -2.41835 19.1
      vertex 23.8328 -2.65442 19.1
    endloop
  endfacet
  facet normal 0 0 1
    outer loop
      vertex 23.8328 -2.65442 19.1
      vertex 23.4461 -2.45848 19.1
      vertex 23.7932 -2.71442 19.1
    endloop
  endfacet
  facet normal -0 0 1
    outer loop
      vertex 23.4257 -2.49571 19.1
      vertex 23.7932 -2.71442 19.1
      vertex 23.4461 -2.45848 19.1
    endloop
  endfacet
  facet normal 0 0 1
    outer loop
      vertex 23.7932 -2.71442 19.1
      vertex 23.4257 -2.49571 19.1
      vertex 23.7475 -2.76997 19.1
    endloop
  endfacet
  facet normal -0 0 1
    outer loop
      vertex 23.4022 -2.53006 19.1
      vertex 23.7475 -2.76997 19.1
      vertex 23.4257 -2.49571 19.1
    endloop
  endfacet
  facet normal 0 0 1
    outer loop
      vertex 23.7475 -2.76997 19.1
      vertex 23.4022 -2.53006 19.1
      vertex 23.6956 -2.82109 19.1
    endloop
  endfacet
  facet normal -0 0 1
    outer loop
      vertex 23.3756 -2.56151 19.1
      vertex 23.6956 -2.82109 19.1
      vertex 23.4022 -2.53006 19.1
    endloop
  endfacet
  facet normal 0 0 1
    outer loop
      vertex 23.6956 -2.82109 19.1
      vertex 23.3756 -2.56151 19.1
      vertex 23.6383 -2.86728 19.1
    endloop
  endfacet
  facet normal 0 0 1
    outer loop
      vertex 23.6383 -2.86728 19.1
      vertex 23.3756 -2.56151 19.1
      vertex 23.576 -2.90802 19.1
    endloop
  endfacet
  facet normal -0 0 1
    outer loop
      vertex 23.3461 -2.58984 19.1
      vertex 23.576 -2.90802 19.1
      vertex 23.3756 -2.56151 19.1
    endloop
  endfacet
  facet normal 0 0 1
    outer loop
      vertex 23.576 -2.90802 19.1
      vertex 23.3461 -2.58984 19.1
      vertex 23.5087 -2.94334 19.1
    endloop
  endfacet
  facet normal -0 0 1
    outer loop
      vertex 23.3139 -2.61485 19.1
      vertex 23.5087 -2.94334 19.1
      vertex 23.3461 -2.58984 19.1
    endloop
  endfacet
  facet normal 0 0 1
    outer loop
      vertex 23.5087 -2.94334 19.1
      vertex 23.3139 -2.61485 19.1
      vertex 23.4365 -2.97322 19.1
    endloop
  endfacet
  facet normal -0 0 1
    outer loop
      vertex 23.279 -2.63652 19.1
      vertex 23.4365 -2.97322 19.1
      vertex 23.3139 -2.61485 19.1
    endloop
  endfacet
  facet normal 0 0 1
    outer loop
      vertex 23.4365 -2.97322 19.1
      vertex 23.279 -2.63652 19.1
      vertex 23.3594 -2.99767 19.1
    endloop
  endfacet
  facet normal -0 0 1
    outer loop
      vertex 23.2414 -2.65486 19.1
      vertex 23.3594 -2.99767 19.1
      vertex 23.279 -2.63652 19.1
    endloop
  endfacet
  facet normal -0 0 1
    outer loop
      vertex 23.2011 -2.66986 19.1
      vertex 23.3594 -2.99767 19.1
      vertex 23.2414 -2.65486 19.1
    endloop
  endfacet
  facet normal 0 0 1
    outer loop
      vertex 23.3594 -2.99767 19.1
      vertex 23.2011 -2.66986 19.1
      vertex 23.2772 -3.01669 19.1
    endloop
  endfacet
  facet normal -0 0 1
    outer loop
      vertex 23.1581 -2.68153 19.1
      vertex 23.2772 -3.01669 19.1
      vertex 23.2011 -2.66986 19.1
    endloop
  endfacet
  facet normal 0 0 1
    outer loop
      vertex 23.2772 -3.01669 19.1
      vertex 23.1581 -2.68153 19.1
      vertex 23.1902 -3.03027 19.1
    endloop
  endfacet
  facet normal -0 0 1
    outer loop
      vertex 23.1125 -2.68987 19.1
      vertex 23.1902 -3.03027 19.1
      vertex 23.1581 -2.68153 19.1
    endloop
  endfacet
  facet normal 0 0 1
    outer loop
      vertex 23.1125 -2.68987 19.1
      vertex 23.0981 -3.03842 19.1
      vertex 23.1902 -3.03027 19.1
    endloop
  endfacet
  facet normal -0 0 1
    outer loop
      vertex 23.0641 -2.69485 19.1
      vertex 23.0981 -3.03842 19.1
      vertex 23.1125 -2.68987 19.1
    endloop
  endfacet
  facet normal -0 0 1
    outer loop
      vertex 23.0131 -2.69653 19.1
      vertex 23.0981 -3.03842 19.1
      vertex 23.0641 -2.69485 19.1
    endloop
  endfacet
  facet normal 0 0 1
    outer loop
      vertex 23.0131 -2.69653 19.1
      vertex 23.0012 -3.04114 19.1
      vertex 23.0981 -3.03842 19.1
    endloop
  endfacet
  facet normal 0 0 1
    outer loop
      vertex 22.9634 -2.69493 19.1
      vertex 23.0012 -3.04114 19.1
      vertex 23.0131 -2.69653 19.1
    endloop
  endfacet
  facet normal 0 0 1
    outer loop
      vertex 22.9072 -3.03853 19.1
      vertex 22.9634 -2.69493 19.1
      vertex 22.9165 -2.69016 19.1
    endloop
  endfacet
  facet normal 0 0 1
    outer loop
      vertex 22.9634 -2.69493 19.1
      vertex 22.9072 -3.03853 19.1
      vertex 23.0012 -3.04114 19.1
    endloop
  endfacet
  facet normal 0 0 1
    outer loop
      vertex 22.8183 -3.03067 19.1
      vertex 22.9165 -2.69016 19.1
      vertex 22.8723 -2.68219 19.1
    endloop
  endfacet
  facet normal 0 0 1
    outer loop
      vertex 22.8183 -3.03067 19.1
      vertex 22.8723 -2.68219 19.1
      vertex 22.8309 -2.67104 19.1
    endloop
  endfacet
  facet normal 0 0 1
    outer loop
      vertex 22.9165 -2.69016 19.1
      vertex 22.8183 -3.03067 19.1
      vertex 22.9072 -3.03853 19.1
    endloop
  endfacet
  facet normal 0 0 1
    outer loop
      vertex 22.7344 -3.01759 19.1
      vertex 22.8309 -2.67104 19.1
      vertex 22.7921 -2.65669 19.1
    endloop
  endfacet
  facet normal 0 0 1
    outer loop
      vertex 22.6555 -2.9993 19.1
      vertex 22.7921 -2.65669 19.1
      vertex 22.7562 -2.63918 19.1
    endloop
  endfacet
  facet normal 0 0 1
    outer loop
      vertex 22.8309 -2.67104 19.1
      vertex 22.7344 -3.01759 19.1
      vertex 22.8183 -3.03067 19.1
    endloop
  endfacet
  facet normal 0 0 1
    outer loop
      vertex 22.5817 -2.97575 19.1
      vertex 22.7562 -2.63918 19.1
      vertex 22.723 -2.61845 19.1
    endloop
  endfacet
  facet normal 0 0 1
    outer loop
      vertex 22.5128 -2.94699 19.1
      vertex 22.723 -2.61845 19.1
      vertex 22.6925 -2.59456 19.1
    endloop
  endfacet
  facet normal 0 0 1
    outer loop
      vertex 22.5128 -2.94699 19.1
      vertex 22.6925 -2.59456 19.1
      vertex 22.6648 -2.56747 19.1
    endloop
  endfacet
  facet normal 0 0 1
    outer loop
      vertex 22.7921 -2.65669 19.1
      vertex 22.6555 -2.9993 19.1
      vertex 22.7344 -3.01759 19.1
    endloop
  endfacet
  facet normal 0 0 1
    outer loop
      vertex 22.5128 -2.94699 19.1
      vertex 22.6648 -2.56747 19.1
      vertex 22.6399 -2.53732 19.1
    endloop
  endfacet
  facet normal 0 0 1
    outer loop
      vertex 22.5128 -2.94699 19.1
      vertex 22.6399 -2.53732 19.1
      vertex 22.6179 -2.5042 19.1
    endloop
  endfacet
  facet normal 0 0 1
    outer loop
      vertex 22.5128 -2.94699 19.1
      vertex 22.6179 -2.5042 19.1
      vertex 22.5989 -2.46809 19.1
    endloop
  endfacet
  facet normal 0 0 1
    outer loop
      vertex 22.5128 -2.94699 19.1
      vertex 22.5989 -2.46809 19.1
      vertex 22.5828 -2.42905 19.1
    endloop
  endfacet
  facet normal 0 0 1
    outer loop
      vertex 22.7562 -2.63918 19.1
      vertex 22.5817 -2.97575 19.1
      vertex 22.6555 -2.9993 19.1
    endloop
  endfacet
  facet normal 0 0 1
    outer loop
      vertex 22.5128 -2.94699 19.1
      vertex 22.5828 -2.42905 19.1
      vertex 22.5696 -2.38702 19.1
    endloop
  endfacet
  facet normal 0 0 1
    outer loop
      vertex 22.5128 -2.94699 19.1
      vertex 22.5696 -2.38702 19.1
      vertex 22.5593 -2.34203 19.1
    endloop
  endfacet
  facet normal 0 0 1
    outer loop
      vertex 22.5128 -2.94699 19.1
      vertex 22.5593 -2.34203 19.1
      vertex 22.552 -2.29408 19.1
    endloop
  endfacet
  facet normal 0 0 1
    outer loop
      vertex 22.5128 -2.94699 19.1
      vertex 22.552 -2.29408 19.1
      vertex 22.5476 -2.24316 19.1
    endloop
  endfacet
  facet normal 0 0 1
    outer loop
      vertex 22.723 -2.61845 19.1
      vertex 22.5128 -2.94699 19.1
      vertex 22.5817 -2.97575 19.1
    endloop
  endfacet
  facet normal 0 0 1
    outer loop
      vertex 22.5128 -2.94699 19.1
      vertex 22.5476 -2.24316 19.1
      vertex 22.5462 -2.18927 19.1
    endloop
  endfacet
  facet normal -0 0 1
    outer loop
      vertex 25.6872 -2.1311 19.1
      vertex 26.0781 -3.01131 19.1
      vertex 26.0781 -0.909271 19.1
    endloop
  endfacet
  facet normal 0 0 1
    outer loop
      vertex 26.0781 -3.01131 19.1
      vertex 25.7084 -2.49179 19.1
      vertex 25.714 -2.54137 19.1
    endloop
  endfacet
  facet normal 0 0 1
    outer loop
      vertex 26.0781 -3.01131 19.1
      vertex 25.7034 -2.44322 19.1
      vertex 25.7084 -2.49179 19.1
    endloop
  endfacet
  facet normal 0 0 1
    outer loop
      vertex 26.0781 -3.01131 19.1
      vertex 25.6991 -2.39566 19.1
      vertex 25.7034 -2.44322 19.1
    endloop
  endfacet
  facet normal 0 0 1
    outer loop
      vertex 26.0781 -3.01131 19.1
      vertex 25.6955 -2.34908 19.1
      vertex 25.6991 -2.39566 19.1
    endloop
  endfacet
  facet normal 0 0 1
    outer loop
      vertex 26.0781 -3.01131 19.1
      vertex 25.6925 -2.3035 19.1
      vertex 25.6955 -2.34908 19.1
    endloop
  endfacet
  facet normal 0 0 1
    outer loop
      vertex 26.0781 -3.01131 19.1
      vertex 25.6902 -2.2589 19.1
      vertex 25.6925 -2.3035 19.1
    endloop
  endfacet
  facet normal 0 0 1
    outer loop
      vertex 26.0781 -3.01131 19.1
      vertex 25.6885 -2.2153 19.1
      vertex 25.6902 -2.2589 19.1
    endloop
  endfacet
  facet normal 0 0 1
    outer loop
      vertex 26.0781 -3.01131 19.1
      vertex 25.6875 -2.17271 19.1
      vertex 25.6885 -2.2153 19.1
    endloop
  endfacet
  facet normal 0 0 1
    outer loop
      vertex 25.6872 -2.1311 19.1
      vertex 26.0781 -0.909271 19.1
      vertex 25.6872 -0.909271 19.1
    endloop
  endfacet
  facet normal 0 0 1
    outer loop
      vertex 26.0781 -3.01131 19.1
      vertex 25.6872 -2.1311 19.1
      vertex 25.6875 -2.17271 19.1
    endloop
  endfacet
  facet normal 0 0 1
    outer loop
      vertex 25.714 -2.54137 19.1
      vertex 25.5618 -3.01131 19.1
      vertex 26.0781 -3.01131 19.1
    endloop
  endfacet
  facet normal -0 0 1
    outer loop
      vertex 24.6459 -1.39262 19.1
      vertex 25.714 -2.54137 19.1
      vertex 24.7846 -0.909271 19.1
    endloop
  endfacet
  facet normal 0 0 1
    outer loop
      vertex 25.714 -2.54137 19.1
      vertex 24.6459 -1.39262 19.1
      vertex 25.5618 -3.01131 19.1
    endloop
  endfacet
  facet normal 0 -0 1
    outer loop
      vertex 24.6459 -1.39262 19.1
      vertex 24.7846 -0.909271 19.1
      vertex 24.2818 -0.909271 19.1
    endloop
  endfacet
  facet normal 0 0 1
    outer loop
      vertex 24.2818 -0.909271 19.1
      vertex 24.6727 -1.77158 19.1
      vertex 24.6724 -1.7386 19.1
    endloop
  endfacet
  facet normal 0 0 1
    outer loop
      vertex 24.2818 -0.909271 19.1
      vertex 24.6724 -1.7386 19.1
      vertex 24.6714 -1.70335 19.1
    endloop
  endfacet
  facet normal 0 0 1
    outer loop
      vertex 24.2818 -0.909271 19.1
      vertex 24.6714 -1.70335 19.1
      vertex 24.6697 -1.66582 19.1
    endloop
  endfacet
  facet normal 0 0 1
    outer loop
      vertex 24.2818 -0.909271 19.1
      vertex 24.6697 -1.66582 19.1
      vertex 24.6674 -1.62599 19.1
    endloop
  endfacet
  facet normal 0 0 1
    outer loop
      vertex 24.2818 -0.909271 19.1
      vertex 24.6674 -1.62599 19.1
      vertex 24.6644 -1.58389 19.1
    endloop
  endfacet
  facet normal 0 0 1
    outer loop
      vertex 24.2818 -0.909271 19.1
      vertex 24.6644 -1.58389 19.1
      vertex 24.6608 -1.53951 19.1
    endloop
  endfacet
  facet normal 0 0 1
    outer loop
      vertex 24.2818 -0.909271 19.1
      vertex 24.6608 -1.53951 19.1
      vertex 24.6565 -1.49283 19.1
    endloop
  endfacet
  facet normal 0 0 1
    outer loop
      vertex 24.2818 -0.909271 19.1
      vertex 24.6565 -1.49283 19.1
      vertex 24.6515 -1.44386 19.1
    endloop
  endfacet
  facet normal 0 0 1
    outer loop
      vertex 24.2818 -0.909271 19.1
      vertex 24.6515 -1.44386 19.1
      vertex 24.6459 -1.39262 19.1
    endloop
  endfacet
  facet normal 0 0 1
    outer loop
      vertex 24.6727 -1.77158 19.1
      vertex 24.2818 -0.909271 19.1
      vertex 24.2818 -3.01131 19.1
    endloop
  endfacet
  facet normal 0 0 1
    outer loop
      vertex 24.6727 -1.77158 19.1
      vertex 24.2818 -3.01131 19.1
      vertex 24.6727 -3.01131 19.1
    endloop
  endfacet
  facet normal 0 1 -0
    outer loop
      vertex 20.9283 -2.21315 19.1
      vertex 20.4121 -2.21315 19.5
      vertex 20.9283 -2.21315 19.5
    endloop
  endfacet
  facet normal 0 1 0
    outer loop
      vertex 20.4121 -2.21315 19.5
      vertex 20.9283 -2.21315 19.1
      vertex 20.4121 -2.21315 19.1
    endloop
  endfacet
  facet normal 0.853217 0.521556 0
    outer loop
      vertex 21.4162 -3.01131 19.5
      vertex 20.9283 -2.21315 19.1
      vertex 20.9283 -2.21315 19.5
    endloop
  endfacet
  facet normal 0.853217 0.521556 0
    outer loop
      vertex 20.9283 -2.21315 19.1
      vertex 21.4162 -3.01131 19.5
      vertex 21.4162 -3.01131 19.1
    endloop
  endfacet
  facet normal 0 1 -0
    outer loop
      vertex 21.9115 -3.01131 19.1
      vertex 21.4162 -3.01131 19.5
      vertex 21.9115 -3.01131 19.5
    endloop
  endfacet
  facet normal 0 1 0
    outer loop
      vertex 21.4162 -3.01131 19.5
      vertex 21.9115 -3.01131 19.1
      vertex 21.4162 -3.01131 19.1
    endloop
  endfacet
  facet normal -0.840906 -0.541181 0
    outer loop
      vertex 21.9115 -3.01131 19.1
      vertex 21.3431 -2.12811 19.5
      vertex 21.3431 -2.12811 19.1
    endloop
  endfacet
  facet normal -0.840906 -0.541181 0
    outer loop
      vertex 21.3431 -2.12811 19.5
      vertex 21.9115 -3.01131 19.1
      vertex 21.9115 -3.01131 19.5
    endloop
  endfacet
  facet normal -0.262976 0.964802 0
    outer loop
      vertex 21.3894 -2.11549 19.1
      vertex 21.3431 -2.12811 19.5
      vertex 21.3894 -2.11549 19.5
    endloop
  endfacet
  facet normal -0.262976 0.964802 0
    outer loop
      vertex 21.3431 -2.12811 19.5
      vertex 21.3894 -2.11549 19.1
      vertex 21.3431 -2.12811 19.1
    endloop
  endfacet
  facet normal -0.328346 0.944557 0
    outer loop
      vertex 21.4335 -2.10016 19.1
      vertex 21.3894 -2.11549 19.5
      vertex 21.4335 -2.10016 19.5
    endloop
  endfacet
  facet normal -0.328346 0.944557 0
    outer loop
      vertex 21.3894 -2.11549 19.5
      vertex 21.4335 -2.10016 19.1
      vertex 21.3894 -2.11549 19.1
    endloop
  endfacet
  facet normal -0.394843 0.918749 0
    outer loop
      vertex 21.4755 -2.08211 19.1
      vertex 21.4335 -2.10016 19.5
      vertex 21.4755 -2.08211 19.5
    endloop
  endfacet
  facet normal -0.394843 0.918749 0
    outer loop
      vertex 21.4335 -2.10016 19.5
      vertex 21.4755 -2.08211 19.1
      vertex 21.4335 -2.10016 19.1
    endloop
  endfacet
  facet normal -0.462124 0.886815 0
    outer loop
      vertex 21.5153 -2.06137 19.1
      vertex 21.4755 -2.08211 19.5
      vertex 21.5153 -2.06137 19.5
    endloop
  endfacet
  facet normal -0.462124 0.886815 0
    outer loop
      vertex 21.4755 -2.08211 19.5
      vertex 21.5153 -2.06137 19.1
      vertex 21.4755 -2.08211 19.1
    endloop
  endfacet
  facet normal -0.529187 0.848505 0
    outer loop
      vertex 21.5529 -2.03792 19.1
      vertex 21.5153 -2.06137 19.5
      vertex 21.5529 -2.03792 19.5
    endloop
  endfacet
  facet normal -0.529187 0.848505 0
    outer loop
      vertex 21.5153 -2.06137 19.5
      vertex 21.5529 -2.03792 19.1
      vertex 21.5153 -2.06137 19.1
    endloop
  endfacet
  facet normal -0.593377 0.804925 0
    outer loop
      vertex 21.5884 -2.01175 19.1
      vertex 21.5529 -2.03792 19.5
      vertex 21.5884 -2.01175 19.5
    endloop
  endfacet
  facet normal -0.593377 0.804925 0
    outer loop
      vertex 21.5529 -2.03792 19.5
      vertex 21.5884 -2.01175 19.1
      vertex 21.5529 -2.03792 19.1
    endloop
  endfacet
  facet normal -0.654931 0.755689 0
    outer loop
      vertex 21.6217 -1.98289 19.1
      vertex 21.5884 -2.01175 19.5
      vertex 21.6217 -1.98289 19.5
    endloop
  endfacet
  facet normal -0.654931 0.755689 0
    outer loop
      vertex 21.5884 -2.01175 19.5
      vertex 21.6217 -1.98289 19.1
      vertex 21.5884 -2.01175 19.1
    endloop
  endfacet
  facet normal -0.71239 0.701784 0
    outer loop
      vertex 21.6217 -1.98289 19.1
      vertex 21.6528 -1.95132 19.5
      vertex 21.6528 -1.95132 19.1
    endloop
  endfacet
  facet normal -0.71239 0.701784 0
    outer loop
      vertex 21.6528 -1.95132 19.5
      vertex 21.6217 -1.98289 19.1
      vertex 21.6217 -1.98289 19.5
    endloop
  endfacet
  facet normal -0.764552 0.644561 0
    outer loop
      vertex 21.6528 -1.95132 19.1
      vertex 21.6817 -1.91704 19.5
      vertex 21.6817 -1.91704 19.1
    endloop
  endfacet
  facet normal -0.764552 0.644561 0
    outer loop
      vertex 21.6817 -1.91704 19.5
      vertex 21.6528 -1.95132 19.1
      vertex 21.6528 -1.95132 19.5
    endloop
  endfacet
  facet normal -0.810409 0.585865 0
    outer loop
      vertex 21.6817 -1.91704 19.1
      vertex 21.708 -1.88066 19.5
      vertex 21.708 -1.88066 19.1
    endloop
  endfacet
  facet normal -0.810409 0.585865 0
    outer loop
      vertex 21.708 -1.88066 19.5
      vertex 21.6817 -1.91704 19.1
      vertex 21.6817 -1.91704 19.5
    endloop
  endfacet
  facet normal -0.852831 0.522187 0
    outer loop
      vertex 21.708 -1.88066 19.1
      vertex 21.7312 -1.84277 19.5
      vertex 21.7312 -1.84277 19.1
    endloop
  endfacet
  facet normal -0.852831 0.522187 0
    outer loop
      vertex 21.7312 -1.84277 19.5
      vertex 21.708 -1.88066 19.1
      vertex 21.708 -1.88066 19.5
    endloop
  endfacet
  facet normal -0.890594 0.4548 0
    outer loop
      vertex 21.7312 -1.84277 19.1
      vertex 21.7513 -1.80341 19.5
      vertex 21.7513 -1.80341 19.1
    endloop
  endfacet
  facet normal -0.890594 0.4548 0
    outer loop
      vertex 21.7513 -1.80341 19.5
      vertex 21.7312 -1.84277 19.1
      vertex 21.7312 -1.84277 19.5
    endloop
  endfacet
  facet normal -0.922508 0.385977 0
    outer loop
      vertex 21.7513 -1.80341 19.1
      vertex 21.7684 -1.76254 19.5
      vertex 21.7684 -1.76254 19.1
    endloop
  endfacet
  facet normal -0.922508 0.385977 0
    outer loop
      vertex 21.7684 -1.76254 19.5
      vertex 21.7513 -1.80341 19.1
      vertex 21.7513 -1.80341 19.5
    endloop
  endfacet
  facet normal -0.950153 0.311783 0
    outer loop
      vertex 21.7684 -1.76254 19.1
      vertex 21.7823 -1.72018 19.5
      vertex 21.7823 -1.72018 19.1
    endloop
  endfacet
  facet normal -0.950153 0.311783 0
    outer loop
      vertex 21.7823 -1.72018 19.5
      vertex 21.7684 -1.76254 19.1
      vertex 21.7684 -1.76254 19.5
    endloop
  endfacet
  facet normal -0.970958 0.23925 0
    outer loop
      vertex 21.7823 -1.72018 19.1
      vertex 21.7931 -1.67635 19.5
      vertex 21.7931 -1.67635 19.1
    endloop
  endfacet
  facet normal -0.970958 0.23925 0
    outer loop
      vertex 21.7931 -1.67635 19.5
      vertex 21.7823 -1.72018 19.1
      vertex 21.7823 -1.72018 19.5
    endloop
  endfacet
  facet normal -0.985529 0.169507 0
    outer loop
      vertex 21.7931 -1.67635 19.1
      vertex 21.8009 -1.631 19.5
      vertex 21.8009 -1.631 19.1
    endloop
  endfacet
  facet normal -0.985529 0.169507 0
    outer loop
      vertex 21.8009 -1.631 19.5
      vertex 21.7931 -1.67635 19.1
      vertex 21.7931 -1.67635 19.5
    endloop
  endfacet
  facet normal -0.99521 0.0977572 0
    outer loop
      vertex 21.8009 -1.631 19.1
      vertex 21.8055 -1.58417 19.5
      vertex 21.8055 -1.58417 19.1
    endloop
  endfacet
  facet normal -0.99521 0.0977572 0
    outer loop
      vertex 21.8055 -1.58417 19.5
      vertex 21.8009 -1.631 19.1
      vertex 21.8009 -1.631 19.5
    endloop
  endfacet
  facet normal -0.999452 0.0330876 0
    outer loop
      vertex 21.8055 -1.58417 19.1
      vertex 21.8071 -1.53584 19.5
      vertex 21.8071 -1.53584 19.1
    endloop
  endfacet
  facet normal -0.999452 0.0330876 0
    outer loop
      vertex 21.8071 -1.53584 19.5
      vertex 21.8055 -1.58417 19.1
      vertex 21.8055 -1.58417 19.5
    endloop
  endfacet
  facet normal -0.999214 -0.0396332 0
    outer loop
      vertex 21.8071 -1.53584 19.1
      vertex 21.8045 -1.47029 19.5
      vertex 21.8045 -1.47029 19.1
    endloop
  endfacet
  facet normal -0.999214 -0.0396332 0
    outer loop
      vertex 21.8045 -1.47029 19.5
      vertex 21.8071 -1.53584 19.1
      vertex 21.8071 -1.53584 19.5
    endloop
  endfacet
  facet normal -0.992783 -0.119921 0
    outer loop
      vertex 21.8045 -1.47029 19.1
      vertex 21.797 -1.4082 19.5
      vertex 21.797 -1.4082 19.1
    endloop
  endfacet
  facet normal -0.992783 -0.119921 0
    outer loop
      vertex 21.797 -1.4082 19.5
      vertex 21.8045 -1.47029 19.1
      vertex 21.8045 -1.47029 19.5
    endloop
  endfacet
  facet normal -0.977304 -0.211841 0
    outer loop
      vertex 21.797 -1.4082 19.1
      vertex 21.7843 -1.34961 19.5
      vertex 21.7843 -1.34961 19.1
    endloop
  endfacet
  facet normal -0.977304 -0.211841 0
    outer loop
      vertex 21.7843 -1.34961 19.5
      vertex 21.797 -1.4082 19.1
      vertex 21.797 -1.4082 19.5
    endloop
  endfacet
  facet normal -0.952617 -0.304174 0
    outer loop
      vertex 21.7843 -1.34961 19.1
      vertex 21.7667 -1.29449 19.5
      vertex 21.7667 -1.29449 19.1
    endloop
  endfacet
  facet normal -0.952617 -0.304174 0
    outer loop
      vertex 21.7667 -1.29449 19.5
      vertex 21.7843 -1.34961 19.1
      vertex 21.7843 -1.34961 19.5
    endloop
  endfacet
  facet normal -0.915427 -0.402483 0
    outer loop
      vertex 21.7667 -1.29449 19.1
      vertex 21.744 -1.24286 19.5
      vertex 21.744 -1.24286 19.1
    endloop
  endfacet
  facet normal -0.915427 -0.402483 0
    outer loop
      vertex 21.744 -1.24286 19.5
      vertex 21.7667 -1.29449 19.1
      vertex 21.7667 -1.29449 19.5
    endloop
  endfacet
  facet normal -0.866066 -0.49993 0
    outer loop
      vertex 21.744 -1.24286 19.1
      vertex 21.7162 -1.1947 19.5
      vertex 21.7162 -1.1947 19.1
    endloop
  endfacet
  facet normal -0.866066 -0.49993 0
    outer loop
      vertex 21.7162 -1.1947 19.5
      vertex 21.744 -1.24286 19.1
      vertex 21.744 -1.24286 19.5
    endloop
  endfacet
  facet normal -0.80598 -0.591942 0
    outer loop
      vertex 21.7162 -1.1947 19.1
      vertex 21.6834 -1.15004 19.5
      vertex 21.6834 -1.15004 19.1
    endloop
  endfacet
  facet normal -0.80598 -0.591942 0
    outer loop
      vertex 21.6834 -1.15004 19.5
      vertex 21.7162 -1.1947 19.1
      vertex 21.7162 -1.1947 19.5
    endloop
  endfacet
  facet normal -0.736857 -0.676049 0
    outer loop
      vertex 21.6834 -1.15004 19.1
      vertex 21.6456 -1.10884 19.5
      vertex 21.6456 -1.10884 19.1
    endloop
  endfacet
  facet normal -0.736857 -0.676049 0
    outer loop
      vertex 21.6456 -1.10884 19.5
      vertex 21.6834 -1.15004 19.1
      vertex 21.6834 -1.15004 19.5
    endloop
  endfacet
  facet normal -0.659247 -0.751926 0
    outer loop
      vertex 21.6026 -1.07114 19.1
      vertex 21.6456 -1.10884 19.5
      vertex 21.6026 -1.07114 19.5
    endloop
  endfacet
  facet normal -0.659247 -0.751926 -0
    outer loop
      vertex 21.6456 -1.10884 19.5
      vertex 21.6026 -1.07114 19.1
      vertex 21.6456 -1.10884 19.1
    endloop
  endfacet
  facet normal -0.581708 -0.813398 0
    outer loop
      vertex 21.5551 -1.03717 19.1
      vertex 21.6026 -1.07114 19.5
      vertex 21.5551 -1.03717 19.5
    endloop
  endfacet
  facet normal -0.581708 -0.813398 -0
    outer loop
      vertex 21.6026 -1.07114 19.5
      vertex 21.5551 -1.03717 19.1
      vertex 21.6026 -1.07114 19.1
    endloop
  endfacet
  facet normal -0.500918 -0.865495 0
    outer loop
      vertex 21.5033 -1.00719 19.1
      vertex 21.5551 -1.03717 19.5
      vertex 21.5033 -1.00719 19.5
    endloop
  endfacet
  facet normal -0.500918 -0.865495 -0
    outer loop
      vertex 21.5551 -1.03717 19.5
      vertex 21.5033 -1.00719 19.1
      vertex 21.5551 -1.03717 19.1
    endloop
  endfacet
  facet normal -0.420765 -0.90717 0
    outer loop
      vertex 21.4473 -0.981216 19.1
      vertex 21.5033 -1.00719 19.5
      vertex 21.4473 -0.981216 19.5
    endloop
  endfacet
  facet normal -0.420765 -0.90717 -0
    outer loop
      vertex 21.5033 -1.00719 19.5
      vertex 21.4473 -0.981216 19.1
      vertex 21.5033 -1.00719 19.1
    endloop
  endfacet
  facet normal -0.343067 -0.939311 0
    outer loop
      vertex 21.3871 -0.959229 19.1
      vertex 21.4473 -0.981216 19.5
      vertex 21.3871 -0.959229 19.5
    endloop
  endfacet
  facet normal -0.343067 -0.939311 -0
    outer loop
      vertex 21.4473 -0.981216 19.5
      vertex 21.3871 -0.959229 19.1
      vertex 21.4473 -0.981216 19.1
    endloop
  endfacet
  facet normal -0.268674 -0.963231 0
    outer loop
      vertex 21.3226 -0.941238 19.1
      vertex 21.3871 -0.959229 19.5
      vertex 21.3226 -0.941238 19.5
    endloop
  endfacet
  facet normal -0.268674 -0.963231 -0
    outer loop
      vertex 21.3871 -0.959229 19.5
      vertex 21.3226 -0.941238 19.1
      vertex 21.3871 -0.959229 19.1
    endloop
  endfacet
  facet normal -0.199571 -0.979883 0
    outer loop
      vertex 21.2539 -0.927246 19.1
      vertex 21.3226 -0.941238 19.5
      vertex 21.2539 -0.927246 19.5
    endloop
  endfacet
  facet normal -0.199571 -0.979883 -0
    outer loop
      vertex 21.3226 -0.941238 19.5
      vertex 21.2539 -0.927246 19.1
      vertex 21.3226 -0.941238 19.1
    endloop
  endfacet
  facet normal -0.135639 -0.990758 0
    outer loop
      vertex 21.1809 -0.917252 19.1
      vertex 21.2539 -0.927246 19.5
      vertex 21.1809 -0.917252 19.5
    endloop
  endfacet
  facet normal -0.135639 -0.990758 -0
    outer loop
      vertex 21.2539 -0.927246 19.5
      vertex 21.1809 -0.917252 19.1
      vertex 21.2539 -0.927246 19.1
    endloop
  endfacet
  facet normal -0.0772555 -0.997011 0
    outer loop
      vertex 21.1037 -0.91127 19.1
      vertex 21.1809 -0.917252 19.5
      vertex 21.1037 -0.91127 19.5
    endloop
  endfacet
  facet normal -0.0772555 -0.997011 -0
    outer loop
      vertex 21.1809 -0.917252 19.5
      vertex 21.1037 -0.91127 19.1
      vertex 21.1809 -0.917252 19.1
    endloop
  endfacet
  facet normal -0.0245503 -0.999699 0
    outer loop
      vertex 21.0223 -0.909271 19.1
      vertex 21.1037 -0.91127 19.5
      vertex 21.0223 -0.909271 19.5
    endloop
  endfacet
  facet normal -0.0245503 -0.999699 -0
    outer loop
      vertex 21.1037 -0.91127 19.5
      vertex 21.0223 -0.909271 19.1
      vertex 21.1037 -0.91127 19.1
    endloop
  endfacet
  facet normal 0 -1 0
    outer loop
      vertex 19.972 -0.909271 19.1
      vertex 21.0223 -0.909271 19.5
      vertex 19.972 -0.909271 19.5
    endloop
  endfacet
  facet normal 0 -1 -0
    outer loop
      vertex 21.0223 -0.909271 19.5
      vertex 19.972 -0.909271 19.1
      vertex 21.0223 -0.909271 19.1
    endloop
  endfacet
  facet normal 1 -0 0
    outer loop
      vertex 19.972 -3.01131 19.5
      vertex 19.972 -0.909271 19.1
      vertex 19.972 -0.909271 19.5
    endloop
  endfacet
  facet normal 1 0 0
    outer loop
      vertex 19.972 -0.909271 19.1
      vertex 19.972 -3.01131 19.5
      vertex 19.972 -3.01131 19.1
    endloop
  endfacet
  facet normal 0 1 -0
    outer loop
      vertex 20.4121 -3.01131 19.1
      vertex 19.972 -3.01131 19.5
      vertex 20.4121 -3.01131 19.5
    endloop
  endfacet
  facet normal 0 1 0
    outer loop
      vertex 19.972 -3.01131 19.5
      vertex 20.4121 -3.01131 19.1
      vertex 19.972 -3.01131 19.1
    endloop
  endfacet
  facet normal -1 0 0
    outer loop
      vertex 20.4121 -3.01131 19.1
      vertex 20.4121 -2.21315 19.5
      vertex 20.4121 -2.21315 19.1
    endloop
  endfacet
  facet normal -1 -0 0
    outer loop
      vertex 20.4121 -2.21315 19.5
      vertex 20.4121 -3.01131 19.1
      vertex 20.4121 -3.01131 19.5
    endloop
  endfacet
  facet normal -1 0 0
    outer loop
      vertex 20.4121 -1.87152 19.1
      vertex 20.4121 -1.2509 19.5
      vertex 20.4121 -1.2509 19.1
    endloop
  endfacet
  facet normal -1 -0 0
    outer loop
      vertex 20.4121 -1.2509 19.5
      vertex 20.4121 -1.87152 19.1
      vertex 20.4121 -1.87152 19.5
    endloop
  endfacet
  facet normal 0 1 -0
    outer loop
      vertex 20.9761 -1.2509 19.1
      vertex 20.4121 -1.2509 19.5
      vertex 20.9761 -1.2509 19.5
    endloop
  endfacet
  facet normal 0 1 0
    outer loop
      vertex 20.4121 -1.2509 19.5
      vertex 20.9761 -1.2509 19.1
      vertex 20.4121 -1.2509 19.1
    endloop
  endfacet
  facet normal 0.0458975 0.998946 -0
    outer loop
      vertex 21.0575 -1.25464 19.1
      vertex 20.9761 -1.2509 19.5
      vertex 21.0575 -1.25464 19.5
    endloop
  endfacet
  facet normal 0.0458975 0.998946 0
    outer loop
      vertex 20.9761 -1.2509 19.5
      vertex 21.0575 -1.25464 19.1
      vertex 20.9761 -1.2509 19.1
    endloop
  endfacet
  facet normal 0.154259 0.98803 -0
    outer loop
      vertex 21.1293 -1.26585 19.1
      vertex 21.0575 -1.25464 19.5
      vertex 21.1293 -1.26585 19.5
    endloop
  endfacet
  facet normal 0.154259 0.98803 0
    outer loop
      vertex 21.0575 -1.25464 19.5
      vertex 21.1293 -1.26585 19.1
      vertex 21.0575 -1.25464 19.1
    endloop
  endfacet
  facet normal 0.287489 0.957784 -0
    outer loop
      vertex 21.1916 -1.28455 19.1
      vertex 21.1293 -1.26585 19.5
      vertex 21.1916 -1.28455 19.5
    endloop
  endfacet
  facet normal 0.287489 0.957784 0
    outer loop
      vertex 21.1293 -1.26585 19.5
      vertex 21.1916 -1.28455 19.1
      vertex 21.1293 -1.26585 19.1
    endloop
  endfacet
  facet normal 0.445579 0.895243 -0
    outer loop
      vertex 21.2442 -1.31073 19.1
      vertex 21.1916 -1.28455 19.5
      vertex 21.2442 -1.31073 19.5
    endloop
  endfacet
  facet normal 0.445579 0.895243 0
    outer loop
      vertex 21.1916 -1.28455 19.5
      vertex 21.2442 -1.31073 19.1
      vertex 21.1916 -1.28455 19.1
    endloop
  endfacet
  facet normal 0.615396 0.788218 -0
    outer loop
      vertex 21.2873 -1.34438 19.1
      vertex 21.2442 -1.31073 19.5
      vertex 21.2873 -1.34438 19.5
    endloop
  endfacet
  facet normal 0.615396 0.788218 0
    outer loop
      vertex 21.2442 -1.31073 19.5
      vertex 21.2873 -1.34438 19.1
      vertex 21.2442 -1.31073 19.1
    endloop
  endfacet
  facet normal 0.775283 0.631614 0
    outer loop
      vertex 21.3208 -1.3855 19.5
      vertex 21.2873 -1.34438 19.1
      vertex 21.2873 -1.34438 19.5
    endloop
  endfacet
  facet normal 0.775283 0.631614 0
    outer loop
      vertex 21.2873 -1.34438 19.1
      vertex 21.3208 -1.3855 19.5
      vertex 21.3208 -1.3855 19.1
    endloop
  endfacet
  facet normal 0.896666 0.442707 0
    outer loop
      vertex 21.3448 -1.43411 19.5
      vertex 21.3208 -1.3855 19.1
      vertex 21.3208 -1.3855 19.5
    endloop
  endfacet
  facet normal 0.896666 0.442707 0
    outer loop
      vertex 21.3208 -1.3855 19.1
      vertex 21.3448 -1.43411 19.5
      vertex 21.3448 -1.43411 19.1
    endloop
  endfacet
  facet normal 0.968579 0.248708 0
    outer loop
      vertex 21.3592 -1.49019 19.5
      vertex 21.3448 -1.43411 19.1
      vertex 21.3448 -1.43411 19.5
    endloop
  endfacet
  facet normal 0.968579 0.248708 0
    outer loop
      vertex 21.3448 -1.43411 19.1
      vertex 21.3592 -1.49019 19.5
      vertex 21.3592 -1.49019 19.1
    endloop
  endfacet
  facet normal 0.997161 0.075293 0
    outer loop
      vertex 21.364 -1.55376 19.5
      vertex 21.3592 -1.49019 19.1
      vertex 21.3592 -1.49019 19.5
    endloop
  endfacet
  facet normal 0.997161 0.075293 0
    outer loop
      vertex 21.3592 -1.49019 19.1
      vertex 21.364 -1.55376 19.5
      vertex 21.364 -1.55376 19.1
    endloop
  endfacet
  facet normal 0.999325 -0.0367286 0
    outer loop
      vertex 21.3628 -1.58641 19.5
      vertex 21.364 -1.55376 19.1
      vertex 21.364 -1.55376 19.5
    endloop
  endfacet
  facet normal 0.999325 -0.0367286 0
    outer loop
      vertex 21.364 -1.55376 19.1
      vertex 21.3628 -1.58641 19.5
      vertex 21.3628 -1.58641 19.1
    endloop
  endfacet
  facet normal 0.99332 -0.115391 0
    outer loop
      vertex 21.3592 -1.6174 19.5
      vertex 21.3628 -1.58641 19.1
      vertex 21.3628 -1.58641 19.5
    endloop
  endfacet
  facet normal 0.99332 -0.115391 0
    outer loop
      vertex 21.3628 -1.58641 19.1
      vertex 21.3592 -1.6174 19.5
      vertex 21.3592 -1.6174 19.1
    endloop
  endfacet
  facet normal 0.980375 -0.197144 0
    outer loop
      vertex 21.3533 -1.64674 19.5
      vertex 21.3592 -1.6174 19.1
      vertex 21.3592 -1.6174 19.5
    endloop
  endfacet
  facet normal 0.980375 -0.197144 0
    outer loop
      vertex 21.3592 -1.6174 19.1
      vertex 21.3533 -1.64674 19.5
      vertex 21.3533 -1.64674 19.1
    endloop
  endfacet
  facet normal 0.958868 -0.283853 0
    outer loop
      vertex 21.3451 -1.67444 19.5
      vertex 21.3533 -1.64674 19.1
      vertex 21.3533 -1.64674 19.5
    endloop
  endfacet
  facet normal 0.958868 -0.283853 0
    outer loop
      vertex 21.3533 -1.64674 19.1
      vertex 21.3451 -1.67444 19.5
      vertex 21.3451 -1.67444 19.1
    endloop
  endfacet
  facet normal 0.926051 -0.377399 0
    outer loop
      vertex 21.3345 -1.70045 19.5
      vertex 21.3451 -1.67444 19.1
      vertex 21.3451 -1.67444 19.5
    endloop
  endfacet
  facet normal 0.926051 -0.377399 0
    outer loop
      vertex 21.3451 -1.67444 19.1
      vertex 21.3345 -1.70045 19.5
      vertex 21.3345 -1.70045 19.1
    endloop
  endfacet
  facet normal 0.882313 -0.470663 0
    outer loop
      vertex 21.3215 -1.72482 19.5
      vertex 21.3345 -1.70045 19.1
      vertex 21.3345 -1.70045 19.5
    endloop
  endfacet
  facet normal 0.882313 -0.470663 0
    outer loop
      vertex 21.3345 -1.70045 19.1
      vertex 21.3215 -1.72482 19.5
      vertex 21.3215 -1.72482 19.1
    endloop
  endfacet
  facet normal 0.829458 -0.55857 0
    outer loop
      vertex 21.3062 -1.74754 19.5
      vertex 21.3215 -1.72482 19.1
      vertex 21.3215 -1.72482 19.5
    endloop
  endfacet
  facet normal 0.829458 -0.55857 0
    outer loop
      vertex 21.3215 -1.72482 19.1
      vertex 21.3062 -1.74754 19.5
      vertex 21.3062 -1.74754 19.1
    endloop
  endfacet
  facet normal 0.765382 -0.643576 0
    outer loop
      vertex 21.2885 -1.76859 19.5
      vertex 21.3062 -1.74754 19.1
      vertex 21.3062 -1.74754 19.5
    endloop
  endfacet
  facet normal 0.765382 -0.643576 0
    outer loop
      vertex 21.3062 -1.74754 19.1
      vertex 21.2885 -1.76859 19.5
      vertex 21.2885 -1.76859 19.1
    endloop
  endfacet
  facet normal 0.696258 -0.717792 0
    outer loop
      vertex 21.2685 -1.78799 19.1
      vertex 21.2885 -1.76859 19.5
      vertex 21.2685 -1.78799 19.5
    endloop
  endfacet
  facet normal 0.696258 -0.717792 0
    outer loop
      vertex 21.2885 -1.76859 19.5
      vertex 21.2685 -1.78799 19.1
      vertex 21.2885 -1.76859 19.1
    endloop
  endfacet
  facet normal 0.616517 -0.787342 0
    outer loop
      vertex 21.2461 -1.80553 19.1
      vertex 21.2685 -1.78799 19.5
      vertex 21.2461 -1.80553 19.5
    endloop
  endfacet
  facet normal 0.616517 -0.787342 0
    outer loop
      vertex 21.2685 -1.78799 19.5
      vertex 21.2461 -1.80553 19.1
      vertex 21.2685 -1.78799 19.1
    endloop
  endfacet
  facet normal 0.533408 -0.845858 0
    outer loop
      vertex 21.2216 -1.82098 19.1
      vertex 21.2461 -1.80553 19.5
      vertex 21.2216 -1.82098 19.5
    endloop
  endfacet
  facet normal 0.533408 -0.845858 0
    outer loop
      vertex 21.2461 -1.80553 19.5
      vertex 21.2216 -1.82098 19.1
      vertex 21.2461 -1.80553 19.1
    endloop
  endfacet
  facet normal 0.449087 -0.893488 0
    outer loop
      vertex 21.1949 -1.8344 19.1
      vertex 21.2216 -1.82098 19.5
      vertex 21.1949 -1.8344 19.5
    endloop
  endfacet
  facet normal 0.449087 -0.893488 0
    outer loop
      vertex 21.2216 -1.82098 19.5
      vertex 21.1949 -1.8344 19.1
      vertex 21.2216 -1.82098 19.1
    endloop
  endfacet
  facet normal 0.363903 -0.931437 0
    outer loop
      vertex 21.1659 -1.84573 19.1
      vertex 21.1949 -1.8344 19.5
      vertex 21.1659 -1.84573 19.5
    endloop
  endfacet
  facet normal 0.363903 -0.931437 0
    outer loop
      vertex 21.1949 -1.8344 19.5
      vertex 21.1659 -1.84573 19.1
      vertex 21.1949 -1.8344 19.1
    endloop
  endfacet
  facet normal 0.2865 -0.95808 0
    outer loop
      vertex 21.1348 -1.85503 19.1
      vertex 21.1659 -1.84573 19.5
      vertex 21.1348 -1.85503 19.5
    endloop
  endfacet
  facet normal 0.2865 -0.95808 0
    outer loop
      vertex 21.1659 -1.84573 19.5
      vertex 21.1348 -1.85503 19.1
      vertex 21.1659 -1.84573 19.1
    endloop
  endfacet
  facet normal 0.211008 -0.977484 0
    outer loop
      vertex 21.1014 -1.86224 19.1
      vertex 21.1348 -1.85503 19.5
      vertex 21.1014 -1.86224 19.5
    endloop
  endfacet
  facet normal 0.211008 -0.977484 0
    outer loop
      vertex 21.1348 -1.85503 19.5
      vertex 21.1014 -1.86224 19.1
      vertex 21.1348 -1.85503 19.1
    endloop
  endfacet
  facet normal 0.143445 -0.989658 0
    outer loop
      vertex 21.0658 -1.8674 19.1
      vertex 21.1014 -1.86224 19.5
      vertex 21.0658 -1.8674 19.5
    endloop
  endfacet
  facet normal 0.143445 -0.989658 0
    outer loop
      vertex 21.1014 -1.86224 19.5
      vertex 21.0658 -1.8674 19.1
      vertex 21.1014 -1.86224 19.1
    endloop
  endfacet
  facet normal 0.0812123 -0.996697 0
    outer loop
      vertex 21.028 -1.87048 19.1
      vertex 21.0658 -1.8674 19.5
      vertex 21.028 -1.87048 19.5
    endloop
  endfacet
  facet normal 0.0812123 -0.996697 0
    outer loop
      vertex 21.0658 -1.8674 19.5
      vertex 21.028 -1.87048 19.1
      vertex 21.0658 -1.8674 19.1
    endloop
  endfacet
  facet normal 0.0259912 -0.999662 0
    outer loop
      vertex 20.988 -1.87152 19.1
      vertex 21.028 -1.87048 19.5
      vertex 20.988 -1.87152 19.5
    endloop
  endfacet
  facet normal 0.0259912 -0.999662 0
    outer loop
      vertex 21.028 -1.87048 19.5
      vertex 20.988 -1.87152 19.1
      vertex 21.028 -1.87048 19.1
    endloop
  endfacet
  facet normal 0 -1 0
    outer loop
      vertex 20.4121 -1.87152 19.1
      vertex 20.988 -1.87152 19.5
      vertex 20.4121 -1.87152 19.5
    endloop
  endfacet
  facet normal 0 -1 -0
    outer loop
      vertex 20.988 -1.87152 19.5
      vertex 20.4121 -1.87152 19.1
      vertex 20.988 -1.87152 19.1
    endloop
  endfacet
  facet normal -0.0881463 0.996108 0
    outer loop
      vertex 23.1902 -3.03027 19.1
      vertex 23.0981 -3.03842 19.5
      vertex 23.1902 -3.03027 19.5
    endloop
  endfacet
  facet normal -0.0881463 0.996108 0
    outer loop
      vertex 23.0981 -3.03842 19.5
      vertex 23.1902 -3.03027 19.1
      vertex 23.0981 -3.03842 19.1
    endloop
  endfacet
  facet normal -0.154224 0.988036 0
    outer loop
      vertex 23.2772 -3.01669 19.1
      vertex 23.1902 -3.03027 19.5
      vertex 23.2772 -3.01669 19.5
    endloop
  endfacet
  facet normal -0.154224 0.988036 0
    outer loop
      vertex 23.1902 -3.03027 19.5
      vertex 23.2772 -3.01669 19.1
      vertex 23.1902 -3.03027 19.1
    endloop
  endfacet
  facet normal -0.225431 0.974259 0
    outer loop
      vertex 23.3594 -2.99767 19.1
      vertex 23.2772 -3.01669 19.5
      vertex 23.3594 -2.99767 19.5
    endloop
  endfacet
  facet normal -0.225431 0.974259 0
    outer loop
      vertex 23.2772 -3.01669 19.5
      vertex 23.3594 -2.99767 19.1
      vertex 23.2772 -3.01669 19.1
    endloop
  endfacet
  facet normal -0.302285 0.953218 0
    outer loop
      vertex 23.4365 -2.97322 19.1
      vertex 23.3594 -2.99767 19.5
      vertex 23.4365 -2.97322 19.5
    endloop
  endfacet
  facet normal -0.302285 0.953218 0
    outer loop
      vertex 23.3594 -2.99767 19.5
      vertex 23.4365 -2.97322 19.1
      vertex 23.3594 -2.99767 19.1
    endloop
  endfacet
  facet normal -0.382397 0.923998 0
    outer loop
      vertex 23.5087 -2.94334 19.1
      vertex 23.4365 -2.97322 19.5
      vertex 23.5087 -2.94334 19.5
    endloop
  endfacet
  facet normal -0.382397 0.923998 0
    outer loop
      vertex 23.4365 -2.97322 19.5
      vertex 23.5087 -2.94334 19.1
      vertex 23.4365 -2.97322 19.1
    endloop
  endfacet
  facet normal -0.464705 0.885466 0
    outer loop
      vertex 23.576 -2.90802 19.1
      vertex 23.5087 -2.94334 19.5
      vertex 23.576 -2.90802 19.5
    endloop
  endfacet
  facet normal -0.464705 0.885466 0
    outer loop
      vertex 23.5087 -2.94334 19.5
      vertex 23.576 -2.90802 19.1
      vertex 23.5087 -2.94334 19.1
    endloop
  endfacet
  facet normal -0.5473 0.836936 0
    outer loop
      vertex 23.6383 -2.86728 19.1
      vertex 23.576 -2.90802 19.5
      vertex 23.6383 -2.86728 19.5
    endloop
  endfacet
  facet normal -0.5473 0.836936 0
    outer loop
      vertex 23.576 -2.90802 19.5
      vertex 23.6383 -2.86728 19.1
      vertex 23.576 -2.90802 19.1
    endloop
  endfacet
  facet normal -0.62759 0.778544 0
    outer loop
      vertex 23.6956 -2.82109 19.1
      vertex 23.6383 -2.86728 19.5
      vertex 23.6956 -2.82109 19.5
    endloop
  endfacet
  facet normal -0.62759 0.778544 0
    outer loop
      vertex 23.6383 -2.86728 19.5
      vertex 23.6956 -2.82109 19.1
      vertex 23.6383 -2.86728 19.1
    endloop
  endfacet
  facet normal -0.701733 0.71244 0
    outer loop
      vertex 23.7475 -2.76997 19.1
      vertex 23.6956 -2.82109 19.5
      vertex 23.7475 -2.76997 19.5
    endloop
  endfacet
  facet normal -0.701733 0.71244 0
    outer loop
      vertex 23.6956 -2.82109 19.5
      vertex 23.7475 -2.76997 19.1
      vertex 23.6956 -2.82109 19.1
    endloop
  endfacet
  facet normal -0.772251 0.635317 0
    outer loop
      vertex 23.7475 -2.76997 19.1
      vertex 23.7932 -2.71442 19.5
      vertex 23.7932 -2.71442 19.1
    endloop
  endfacet
  facet normal -0.772251 0.635317 0
    outer loop
      vertex 23.7932 -2.71442 19.5
      vertex 23.7475 -2.76997 19.1
      vertex 23.7475 -2.76997 19.5
    endloop
  endfacet
  facet normal -0.834609 0.550842 0
    outer loop
      vertex 23.7932 -2.71442 19.1
      vertex 23.8328 -2.65442 19.5
      vertex 23.8328 -2.65442 19.1
    endloop
  endfacet
  facet normal -0.834609 0.550842 0
    outer loop
      vertex 23.8328 -2.65442 19.5
      vertex 23.7932 -2.71442 19.1
      vertex 23.7932 -2.71442 19.5
    endloop
  endfacet
  facet normal -0.887266 0.461257 0
    outer loop
      vertex 23.8328 -2.65442 19.1
      vertex 23.8663 -2.58998 19.5
      vertex 23.8663 -2.58998 19.1
    endloop
  endfacet
  facet normal -0.887266 0.461257 0
    outer loop
      vertex 23.8663 -2.58998 19.5
      vertex 23.8328 -2.65442 19.1
      vertex 23.8328 -2.65442 19.5
    endloop
  endfacet
  facet normal -0.928681 0.370879 0
    outer loop
      vertex 23.8663 -2.58998 19.1
      vertex 23.8938 -2.52112 19.5
      vertex 23.8938 -2.52112 19.1
    endloop
  endfacet
  facet normal -0.928681 0.370879 0
    outer loop
      vertex 23.8938 -2.52112 19.5
      vertex 23.8663 -2.58998 19.1
      vertex 23.8663 -2.58998 19.5
    endloop
  endfacet
  facet normal -0.960299 0.278974 0
    outer loop
      vertex 23.8938 -2.52112 19.1
      vertex 23.9151 -2.4478 19.5
      vertex 23.9151 -2.4478 19.1
    endloop
  endfacet
  facet normal -0.960299 0.278974 0
    outer loop
      vertex 23.9151 -2.4478 19.5
      vertex 23.8938 -2.52112 19.1
      vertex 23.8938 -2.52112 19.5
    endloop
  endfacet
  facet normal -0.981426 0.191842 0
    outer loop
      vertex 23.9151 -2.4478 19.1
      vertex 23.9303 -2.37004 19.5
      vertex 23.9303 -2.37004 19.1
    endloop
  endfacet
  facet normal -0.981426 0.191842 0
    outer loop
      vertex 23.9303 -2.37004 19.5
      vertex 23.9151 -2.4478 19.1
      vertex 23.9151 -2.4478 19.5
    endloop
  endfacet
  facet normal -0.993792 0.111254 0
    outer loop
      vertex 23.9303 -2.37004 19.1
      vertex 23.9395 -2.28786 19.5
      vertex 23.9395 -2.28786 19.1
    endloop
  endfacet
  facet normal -0.993792 0.111254 0
    outer loop
      vertex 23.9395 -2.28786 19.5
      vertex 23.9303 -2.37004 19.1
      vertex 23.9303 -2.37004 19.5
    endloop
  endfacet
  facet normal -0.999401 0.0346053 0
    outer loop
      vertex 23.9395 -2.28786 19.1
      vertex 23.9425 -2.20122 19.5
      vertex 23.9425 -2.20122 19.1
    endloop
  endfacet
  facet normal -0.999401 0.0346053 0
    outer loop
      vertex 23.9425 -2.20122 19.5
      vertex 23.9395 -2.28786 19.1
      vertex 23.9395 -2.28786 19.5
    endloop
  endfacet
  facet normal -1 0 0
    outer loop
      vertex 23.9425 -2.20122 19.1
      vertex 23.9425 -0.909271 19.5
      vertex 23.9425 -0.909271 19.1
    endloop
  endfacet
  facet normal -1 -0 0
    outer loop
      vertex 23.9425 -0.909271 19.5
      vertex 23.9425 -2.20122 19.1
      vertex 23.9425 -2.20122 19.5
    endloop
  endfacet
  facet normal 0 -1 0
    outer loop
      vertex 23.5024 -0.909271 19.1
      vertex 23.9425 -0.909271 19.5
      vertex 23.5024 -0.909271 19.5
    endloop
  endfacet
  facet normal 0 -1 -0
    outer loop
      vertex 23.9425 -0.909271 19.5
      vertex 23.5024 -0.909271 19.1
      vertex 23.9425 -0.909271 19.1
    endloop
  endfacet
  facet normal 1 -0 0
    outer loop
      vertex 23.5024 -2.17436 19.5
      vertex 23.5024 -0.909271 19.1
      vertex 23.5024 -0.909271 19.5
    endloop
  endfacet
  facet normal 1 0 0
    outer loop
      vertex 23.5024 -0.909271 19.1
      vertex 23.5024 -2.17436 19.5
      vertex 23.5024 -2.17436 19.1
    endloop
  endfacet
  facet normal 0.999623 -0.0274722 0
    outer loop
      vertex 23.5009 -2.22894 19.5
      vertex 23.5024 -2.17436 19.1
      vertex 23.5024 -2.17436 19.5
    endloop
  endfacet
  facet normal 0.999623 -0.0274722 0
    outer loop
      vertex 23.5024 -2.17436 19.1
      vertex 23.5009 -2.22894 19.5
      vertex 23.5009 -2.22894 19.1
    endloop
  endfacet
  facet normal 0.99589 -0.0905705 0
    outer loop
      vertex 23.4962 -2.28062 19.5
      vertex 23.5009 -2.22894 19.1
      vertex 23.5009 -2.22894 19.5
    endloop
  endfacet
  facet normal 0.99589 -0.0905705 0
    outer loop
      vertex 23.5009 -2.22894 19.1
      vertex 23.4962 -2.28062 19.5
      vertex 23.4962 -2.28062 19.1
    endloop
  endfacet
  facet normal 0.987149 -0.159805 0
    outer loop
      vertex 23.4883 -2.32942 19.5
      vertex 23.4962 -2.28062 19.1
      vertex 23.4962 -2.28062 19.5
    endloop
  endfacet
  facet normal 0.987149 -0.159805 0
    outer loop
      vertex 23.4962 -2.28062 19.1
      vertex 23.4883 -2.32942 19.5
      vertex 23.4883 -2.32942 19.1
    endloop
  endfacet
  facet normal 0.972965 -0.230952 0
    outer loop
      vertex 23.4774 -2.37534 19.5
      vertex 23.4883 -2.32942 19.1
      vertex 23.4883 -2.32942 19.5
    endloop
  endfacet
  facet normal 0.972965 -0.230952 0
    outer loop
      vertex 23.4883 -2.32942 19.1
      vertex 23.4774 -2.37534 19.5
      vertex 23.4774 -2.37534 19.1
    endloop
  endfacet
  facet normal 0.95024 -0.311518 0
    outer loop
      vertex 23.4633 -2.41835 19.5
      vertex 23.4774 -2.37534 19.1
      vertex 23.4774 -2.37534 19.5
    endloop
  endfacet
  facet normal 0.95024 -0.311518 0
    outer loop
      vertex 23.4774 -2.37534 19.1
      vertex 23.4633 -2.41835 19.5
      vertex 23.4633 -2.41835 19.1
    endloop
  endfacet
  facet normal 0.919133 -0.393947 0
    outer loop
      vertex 23.4461 -2.45848 19.5
      vertex 23.4633 -2.41835 19.1
      vertex 23.4633 -2.41835 19.5
    endloop
  endfacet
  facet normal 0.919133 -0.393947 0
    outer loop
      vertex 23.4633 -2.41835 19.1
      vertex 23.4461 -2.45848 19.5
      vertex 23.4461 -2.45848 19.1
    endloop
  endfacet
  facet normal 0.876976 -0.480535 0
    outer loop
      vertex 23.4257 -2.49571 19.5
      vertex 23.4461 -2.45848 19.1
      vertex 23.4461 -2.45848 19.5
    endloop
  endfacet
  facet normal 0.876976 -0.480535 0
    outer loop
      vertex 23.4461 -2.45848 19.1
      vertex 23.4257 -2.49571 19.5
      vertex 23.4257 -2.49571 19.1
    endloop
  endfacet
  facet normal 0.825337 -0.564641 0
    outer loop
      vertex 23.4022 -2.53006 19.5
      vertex 23.4257 -2.49571 19.1
      vertex 23.4257 -2.49571 19.5
    endloop
  endfacet
  facet normal 0.825337 -0.564641 0
    outer loop
      vertex 23.4257 -2.49571 19.1
      vertex 23.4022 -2.53006 19.5
      vertex 23.4022 -2.53006 19.1
    endloop
  endfacet
  facet normal 0.763524 -0.645779 0
    outer loop
      vertex 23.3756 -2.56151 19.5
      vertex 23.4022 -2.53006 19.1
      vertex 23.4022 -2.53006 19.5
    endloop
  endfacet
  facet normal 0.763524 -0.645779 0
    outer loop
      vertex 23.4022 -2.53006 19.1
      vertex 23.3756 -2.56151 19.5
      vertex 23.3756 -2.56151 19.1
    endloop
  endfacet
  facet normal 0.692659 -0.721265 0
    outer loop
      vertex 23.3461 -2.58984 19.1
      vertex 23.3756 -2.56151 19.5
      vertex 23.3461 -2.58984 19.5
    endloop
  endfacet
  facet normal 0.692659 -0.721265 0
    outer loop
      vertex 23.3756 -2.56151 19.5
      vertex 23.3461 -2.58984 19.1
      vertex 23.3756 -2.56151 19.1
    endloop
  endfacet
  facet normal 0.613414 -0.789761 0
    outer loop
      vertex 23.3139 -2.61485 19.1
      vertex 23.3461 -2.58984 19.5
      vertex 23.3139 -2.61485 19.5
    endloop
  endfacet
  facet normal 0.613414 -0.789761 0
    outer loop
      vertex 23.3461 -2.58984 19.5
      vertex 23.3139 -2.61485 19.1
      vertex 23.3461 -2.58984 19.1
    endloop
  endfacet
  facet normal 0.527502 -0.849554 0
    outer loop
      vertex 23.279 -2.63652 19.1
      vertex 23.3139 -2.61485 19.5
      vertex 23.279 -2.63652 19.5
    endloop
  endfacet
  facet normal 0.527502 -0.849554 0
    outer loop
      vertex 23.3139 -2.61485 19.5
      vertex 23.279 -2.63652 19.1
      vertex 23.3139 -2.61485 19.1
    endloop
  endfacet
  facet normal 0.438395 -0.898782 0
    outer loop
      vertex 23.2414 -2.65486 19.1
      vertex 23.279 -2.63652 19.5
      vertex 23.2414 -2.65486 19.5
    endloop
  endfacet
  facet normal 0.438395 -0.898782 0
    outer loop
      vertex 23.279 -2.63652 19.5
      vertex 23.2414 -2.65486 19.1
      vertex 23.279 -2.63652 19.1
    endloop
  endfacet
  facet normal 0.348829 -0.937186 0
    outer loop
      vertex 23.2011 -2.66986 19.1
      vertex 23.2414 -2.65486 19.5
      vertex 23.2011 -2.66986 19.5
    endloop
  endfacet
  facet normal 0.348829 -0.937186 0
    outer loop
      vertex 23.2414 -2.65486 19.5
      vertex 23.2011 -2.66986 19.1
      vertex 23.2414 -2.65486 19.1
    endloop
  endfacet
  facet normal 0.261921 -0.965089 0
    outer loop
      vertex 23.1581 -2.68153 19.1
      vertex 23.2011 -2.66986 19.5
      vertex 23.1581 -2.68153 19.5
    endloop
  endfacet
  facet normal 0.261921 -0.965089 0
    outer loop
      vertex 23.2011 -2.66986 19.5
      vertex 23.1581 -2.68153 19.1
      vertex 23.2011 -2.66986 19.1
    endloop
  endfacet
  facet normal 0.17991 -0.983683 0
    outer loop
      vertex 23.1125 -2.68987 19.1
      vertex 23.1581 -2.68153 19.5
      vertex 23.1125 -2.68987 19.5
    endloop
  endfacet
  facet normal 0.17991 -0.983683 0
    outer loop
      vertex 23.1581 -2.68153 19.5
      vertex 23.1125 -2.68987 19.1
      vertex 23.1581 -2.68153 19.1
    endloop
  endfacet
  facet normal 0.102352 -0.994748 0
    outer loop
      vertex 23.0641 -2.69485 19.1
      vertex 23.1125 -2.68987 19.5
      vertex 23.0641 -2.69485 19.5
    endloop
  endfacet
  facet normal 0.102352 -0.994748 0
    outer loop
      vertex 23.1125 -2.68987 19.5
      vertex 23.0641 -2.69485 19.1
      vertex 23.1125 -2.68987 19.1
    endloop
  endfacet
  facet normal 0.0329233 -0.999458 0
    outer loop
      vertex 23.0131 -2.69653 19.1
      vertex 23.0641 -2.69485 19.5
      vertex 23.0131 -2.69653 19.5
    endloop
  endfacet
  facet normal 0.0329233 -0.999458 0
    outer loop
      vertex 23.0641 -2.69485 19.5
      vertex 23.0131 -2.69653 19.1
      vertex 23.0641 -2.69485 19.1
    endloop
  endfacet
  facet normal -0.0321765 -0.999482 0
    outer loop
      vertex 22.9634 -2.69493 19.1
      vertex 23.0131 -2.69653 19.5
      vertex 22.9634 -2.69493 19.5
    endloop
  endfacet
  facet normal -0.0321765 -0.999482 -0
    outer loop
      vertex 23.0131 -2.69653 19.5
      vertex 22.9634 -2.69493 19.1
      vertex 23.0131 -2.69653 19.1
    endloop
  endfacet
  facet normal -0.101184 -0.994868 0
    outer loop
      vertex 22.9165 -2.69016 19.1
      vertex 22.9634 -2.69493 19.5
      vertex 22.9165 -2.69016 19.5
    endloop
  endfacet
  facet normal -0.101184 -0.994868 -0
    outer loop
      vertex 22.9634 -2.69493 19.5
      vertex 22.9165 -2.69016 19.1
      vertex 22.9634 -2.69493 19.1
    endloop
  endfacet
  facet normal -0.177455 -0.984129 0
    outer loop
      vertex 22.8723 -2.68219 19.1
      vertex 22.9165 -2.69016 19.5
      vertex 22.8723 -2.68219 19.5
    endloop
  endfacet
  facet normal -0.177455 -0.984129 -0
    outer loop
      vertex 22.9165 -2.69016 19.5
      vertex 22.8723 -2.68219 19.1
      vertex 22.9165 -2.69016 19.1
    endloop
  endfacet
  facet normal -0.260057 -0.965593 0
    outer loop
      vertex 22.8309 -2.67104 19.1
      vertex 22.8723 -2.68219 19.5
      vertex 22.8309 -2.67104 19.5
    endloop
  endfacet
  facet normal -0.260057 -0.965593 -0
    outer loop
      vertex 22.8723 -2.68219 19.5
      vertex 22.8309 -2.67104 19.1
      vertex 22.8723 -2.68219 19.1
    endloop
  endfacet
  facet normal -0.346881 -0.937909 0
    outer loop
      vertex 22.7921 -2.65669 19.1
      vertex 22.8309 -2.67104 19.5
      vertex 22.7921 -2.65669 19.5
    endloop
  endfacet
  facet normal -0.346881 -0.937909 -0
    outer loop
      vertex 22.8309 -2.67104 19.5
      vertex 22.7921 -2.65669 19.1
      vertex 22.8309 -2.67104 19.1
    endloop
  endfacet
  facet normal -0.438379 -0.89879 0
    outer loop
      vertex 22.7562 -2.63918 19.1
      vertex 22.7921 -2.65669 19.5
      vertex 22.7562 -2.63918 19.5
    endloop
  endfacet
  facet normal -0.438379 -0.89879 -0
    outer loop
      vertex 22.7921 -2.65669 19.5
      vertex 22.7562 -2.63918 19.1
      vertex 22.7921 -2.65669 19.1
    endloop
  endfacet
  facet normal -0.529631 -0.848228 0
    outer loop
      vertex 22.723 -2.61845 19.1
      vertex 22.7562 -2.63918 19.5
      vertex 22.723 -2.61845 19.5
    endloop
  endfacet
  facet normal -0.529631 -0.848228 -0
    outer loop
      vertex 22.7562 -2.63918 19.5
      vertex 22.723 -2.61845 19.1
      vertex 22.7562 -2.63918 19.1
    endloop
  endfacet
  facet normal -0.616635 -0.787249 0
    outer loop
      vertex 22.6925 -2.59456 19.1
      vertex 22.723 -2.61845 19.5
      vertex 22.6925 -2.59456 19.5
    endloop
  endfacet
  facet normal -0.616635 -0.787249 -0
    outer loop
      vertex 22.723 -2.61845 19.5
      vertex 22.6925 -2.59456 19.1
      vertex 22.723 -2.61845 19.1
    endloop
  endfacet
  facet normal -0.699191 -0.714935 0
    outer loop
      vertex 22.6648 -2.56747 19.1
      vertex 22.6925 -2.59456 19.5
      vertex 22.6648 -2.56747 19.5
    endloop
  endfacet
  facet normal -0.699191 -0.714935 -0
    outer loop
      vertex 22.6925 -2.59456 19.5
      vertex 22.6648 -2.56747 19.1
      vertex 22.6925 -2.59456 19.1
    endloop
  endfacet
  facet normal -0.771044 -0.636782 0
    outer loop
      vertex 22.6648 -2.56747 19.1
      vertex 22.6399 -2.53732 19.5
      vertex 22.6399 -2.53732 19.1
    endloop
  endfacet
  facet normal -0.771044 -0.636782 0
    outer loop
      vertex 22.6399 -2.53732 19.5
      vertex 22.6648 -2.56747 19.1
      vertex 22.6648 -2.56747 19.5
    endloop
  endfacet
  facet normal -0.832978 -0.553306 0
    outer loop
      vertex 22.6399 -2.53732 19.1
      vertex 22.6179 -2.5042 19.5
      vertex 22.6179 -2.5042 19.1
    endloop
  endfacet
  facet normal -0.832978 -0.553306 0
    outer loop
      vertex 22.6179 -2.5042 19.5
      vertex 22.6399 -2.53732 19.1
      vertex 22.6399 -2.53732 19.5
    endloop
  endfacet
  facet normal -0.884971 -0.465645 0
    outer loop
      vertex 22.6179 -2.5042 19.1
      vertex 22.5989 -2.46809 19.5
      vertex 22.5989 -2.46809 19.1
    endloop
  endfacet
  facet normal -0.884971 -0.465645 0
    outer loop
      vertex 22.5989 -2.46809 19.5
      vertex 22.6179 -2.5042 19.1
      vertex 22.6179 -2.5042 19.5
    endloop
  endfacet
  facet normal -0.924472 -0.38125 0
    outer loop
      vertex 22.5989 -2.46809 19.1
      vertex 22.5828 -2.42905 19.5
      vertex 22.5828 -2.42905 19.1
    endloop
  endfacet
  facet normal -0.924472 -0.38125 0
    outer loop
      vertex 22.5828 -2.42905 19.5
      vertex 22.5989 -2.46809 19.1
      vertex 22.5989 -2.46809 19.5
    endloop
  endfacet
  facet normal -0.954055 -0.299632 0
    outer loop
      vertex 22.5828 -2.42905 19.1
      vertex 22.5696 -2.38702 19.5
      vertex 22.5696 -2.38702 19.1
    endloop
  endfacet
  facet normal -0.954055 -0.299632 0
    outer loop
      vertex 22.5696 -2.38702 19.5
      vertex 22.5828 -2.42905 19.1
      vertex 22.5828 -2.42905 19.5
    endloop
  endfacet
  facet normal -0.97478 -0.223166 0
    outer loop
      vertex 22.5696 -2.38702 19.1
      vertex 22.5593 -2.34203 19.5
      vertex 22.5593 -2.34203 19.1
    endloop
  endfacet
  facet normal -0.97478 -0.223166 0
    outer loop
      vertex 22.5593 -2.34203 19.5
      vertex 22.5696 -2.38702 19.1
      vertex 22.5696 -2.38702 19.5
    endloop
  endfacet
  facet normal -0.988609 -0.150508 0
    outer loop
      vertex 22.5593 -2.34203 19.1
      vertex 22.552 -2.29408 19.5
      vertex 22.552 -2.29408 19.1
    endloop
  endfacet
  facet normal -0.988609 -0.150508 0
    outer loop
      vertex 22.552 -2.29408 19.5
      vertex 22.5593 -2.34203 19.1
      vertex 22.5593 -2.34203 19.5
    endloop
  endfacet
  facet normal -0.996287 -0.0860893 0
    outer loop
      vertex 22.552 -2.29408 19.1
      vertex 22.5476 -2.24316 19.5
      vertex 22.5476 -2.24316 19.1
    endloop
  endfacet
  facet normal -0.996287 -0.0860893 0
    outer loop
      vertex 22.5476 -2.24316 19.5
      vertex 22.552 -2.29408 19.1
      vertex 22.552 -2.29408 19.5
    endloop
  endfacet
  facet normal -0.999663 -0.0259701 0
    outer loop
      vertex 22.5476 -2.24316 19.1
      vertex 22.5462 -2.18927 19.5
      vertex 22.5462 -2.18927 19.1
    endloop
  endfacet
  facet normal -0.999663 -0.0259701 0
    outer loop
      vertex 22.5462 -2.18927 19.5
      vertex 22.5476 -2.24316 19.1
      vertex 22.5476 -2.24316 19.5
    endloop
  endfacet
  facet normal -1 0 0
    outer loop
      vertex 22.5462 -2.18927 19.1
      vertex 22.5462 -0.909271 19.5
      vertex 22.5462 -0.909271 19.1
    endloop
  endfacet
  facet normal -1 -0 0
    outer loop
      vertex 22.5462 -0.909271 19.5
      vertex 22.5462 -2.18927 19.1
      vertex 22.5462 -2.18927 19.5
    endloop
  endfacet
  facet normal 0 -1 0
    outer loop
      vertex 22.1061 -0.909271 19.1
      vertex 22.5462 -0.909271 19.5
      vertex 22.1061 -0.909271 19.5
    endloop
  endfacet
  facet normal 0 -1 -0
    outer loop
      vertex 22.5462 -0.909271 19.5
      vertex 22.1061 -0.909271 19.1
      vertex 22.5462 -0.909271 19.1
    endloop
  endfacet
  facet normal 1 -0 0
    outer loop
      vertex 22.1061 -2.2236 19.5
      vertex 22.1061 -0.909271 19.1
      vertex 22.1061 -0.909271 19.5
    endloop
  endfacet
  facet normal 1 0 0
    outer loop
      vertex 22.1061 -0.909271 19.1
      vertex 22.1061 -2.2236 19.5
      vertex 22.1061 -2.2236 19.1
    endloop
  endfacet
  facet normal 0.999461 0.0328192 0
    outer loop
      vertex 22.1089 -2.30887 19.5
      vertex 22.1061 -2.2236 19.1
      vertex 22.1061 -2.2236 19.5
    endloop
  endfacet
  facet normal 0.999461 0.0328192 0
    outer loop
      vertex 22.1061 -2.2236 19.1
      vertex 22.1089 -2.30887 19.5
      vertex 22.1089 -2.30887 19.1
    endloop
  endfacet
  facet normal 0.994509 0.104646 0
    outer loop
      vertex 22.1174 -2.38965 19.5
      vertex 22.1089 -2.30887 19.1
      vertex 22.1089 -2.30887 19.5
    endloop
  endfacet
  facet normal 0.994509 0.104646 0
    outer loop
      vertex 22.1089 -2.30887 19.1
      vertex 22.1174 -2.38965 19.5
      vertex 22.1174 -2.38965 19.1
    endloop
  endfacet
  facet normal 0.982882 0.184234 0
    outer loop
      vertex 22.1317 -2.46594 19.5
      vertex 22.1174 -2.38965 19.1
      vertex 22.1174 -2.38965 19.5
    endloop
  endfacet
  facet normal 0.982882 0.184234 0
    outer loop
      vertex 22.1174 -2.38965 19.1
      vertex 22.1317 -2.46594 19.5
      vertex 22.1317 -2.46594 19.1
    endloop
  endfacet
  facet normal 0.963662 0.267125 0
    outer loop
      vertex 22.1516 -2.53773 19.5
      vertex 22.1317 -2.46594 19.1
      vertex 22.1317 -2.46594 19.5
    endloop
  endfacet
  facet normal 0.963662 0.267125 0
    outer loop
      vertex 22.1317 -2.46594 19.1
      vertex 22.1516 -2.53773 19.5
      vertex 22.1516 -2.53773 19.1
    endloop
  endfacet
  facet normal 0.934664 0.355533 0
    outer loop
      vertex 22.1772 -2.60503 19.5
      vertex 22.1516 -2.53773 19.1
      vertex 22.1516 -2.53773 19.5
    endloop
  endfacet
  facet normal 0.934664 0.355533 0
    outer loop
      vertex 22.1516 -2.53773 19.1
      vertex 22.1772 -2.60503 19.5
      vertex 22.1772 -2.60503 19.1
    endloop
  endfacet
  facet normal 0.894997 0.446073 0
    outer loop
      vertex 22.2085 -2.66783 19.5
      vertex 22.1772 -2.60503 19.1
      vertex 22.1772 -2.60503 19.5
    endloop
  endfacet
  facet normal 0.894997 0.446073 0
    outer loop
      vertex 22.1772 -2.60503 19.1
      vertex 22.2085 -2.66783 19.5
      vertex 22.2085 -2.66783 19.1
    endloop
  endfacet
  facet normal 0.8444 0.535713 0
    outer loop
      vertex 22.2455 -2.72615 19.5
      vertex 22.2085 -2.66783 19.1
      vertex 22.2085 -2.66783 19.5
    endloop
  endfacet
  facet normal 0.8444 0.535713 0
    outer loop
      vertex 22.2085 -2.66783 19.1
      vertex 22.2455 -2.72615 19.5
      vertex 22.2455 -2.72615 19.1
    endloop
  endfacet
  facet normal 0.78339 0.62153 0
    outer loop
      vertex 22.2882 -2.77997 19.5
      vertex 22.2455 -2.72615 19.1
      vertex 22.2455 -2.72615 19.5
    endloop
  endfacet
  facet normal 0.78339 0.62153 0
    outer loop
      vertex 22.2455 -2.72615 19.1
      vertex 22.2882 -2.77997 19.5
      vertex 22.2882 -2.77997 19.1
    endloop
  endfacet
  facet normal 0.714527 0.699608 0
    outer loop
      vertex 22.3365 -2.8293 19.5
      vertex 22.2882 -2.77997 19.1
      vertex 22.2882 -2.77997 19.5
    endloop
  endfacet
  facet normal 0.714527 0.699608 0
    outer loop
      vertex 22.2882 -2.77997 19.1
      vertex 22.3365 -2.8293 19.5
      vertex 22.3365 -2.8293 19.1
    endloop
  endfacet
  facet normal 0.637022 0.770846 -0
    outer loop
      vertex 22.3903 -2.87376 19.1
      vertex 22.3365 -2.8293 19.5
      vertex 22.3903 -2.87376 19.5
    endloop
  endfacet
  facet normal 0.637022 0.770846 0
    outer loop
      vertex 22.3365 -2.8293 19.5
      vertex 22.3903 -2.87376 19.1
      vertex 22.3365 -2.8293 19.1
    endloop
  endfacet
  facet normal 0.554994 0.831854 -0
    outer loop
      vertex 22.4491 -2.91299 19.1
      vertex 22.3903 -2.87376 19.5
      vertex 22.4491 -2.91299 19.5
    endloop
  endfacet
  facet normal 0.554994 0.831854 0
    outer loop
      vertex 22.3903 -2.87376 19.5
      vertex 22.4491 -2.91299 19.1
      vertex 22.3903 -2.87376 19.1
    endloop
  endfacet
  facet normal 0.470876 0.8822 -0
    outer loop
      vertex 22.5128 -2.94699 19.1
      vertex 22.4491 -2.91299 19.5
      vertex 22.5128 -2.94699 19.5
    endloop
  endfacet
  facet normal 0.470876 0.8822 0
    outer loop
      vertex 22.4491 -2.91299 19.5
      vertex 22.5128 -2.94699 19.1
      vertex 22.4491 -2.91299 19.1
    endloop
  endfacet
  facet normal 0.385205 0.922831 -0
    outer loop
      vertex 22.5817 -2.97575 19.1
      vertex 22.5128 -2.94699 19.5
      vertex 22.5817 -2.97575 19.5
    endloop
  endfacet
  facet normal 0.385205 0.922831 0
    outer loop
      vertex 22.5128 -2.94699 19.5
      vertex 22.5817 -2.97575 19.1
      vertex 22.5128 -2.94699 19.1
    endloop
  endfacet
  facet normal 0.304003 0.952671 -0
    outer loop
      vertex 22.6555 -2.9993 19.1
      vertex 22.5817 -2.97575 19.5
      vertex 22.6555 -2.9993 19.5
    endloop
  endfacet
  facet normal 0.304003 0.952671 0
    outer loop
      vertex 22.5817 -2.97575 19.5
      vertex 22.6555 -2.9993 19.1
      vertex 22.5817 -2.97575 19.1
    endloop
  endfacet
  facet normal 0.225824 0.974168 -0
    outer loop
      vertex 22.7344 -3.01759 19.1
      vertex 22.6555 -2.9993 19.5
      vertex 22.7344 -3.01759 19.5
    endloop
  endfacet
  facet normal 0.225824 0.974168 0
    outer loop
      vertex 22.6555 -2.9993 19.5
      vertex 22.7344 -3.01759 19.1
      vertex 22.6555 -2.9993 19.1
    endloop
  endfacet
  facet normal 0.154039 0.988065 -0
    outer loop
      vertex 22.8183 -3.03067 19.1
      vertex 22.7344 -3.01759 19.5
      vertex 22.8183 -3.03067 19.5
    endloop
  endfacet
  facet normal 0.154039 0.988065 0
    outer loop
      vertex 22.7344 -3.01759 19.5
      vertex 22.8183 -3.03067 19.1
      vertex 22.7344 -3.01759 19.1
    endloop
  endfacet
  facet normal 0.0880704 0.996114 -0
    outer loop
      vertex 22.9072 -3.03853 19.1
      vertex 22.8183 -3.03067 19.5
      vertex 22.9072 -3.03853 19.5
    endloop
  endfacet
  facet normal 0.0880704 0.996114 0
    outer loop
      vertex 22.8183 -3.03067 19.5
      vertex 22.9072 -3.03853 19.1
      vertex 22.8183 -3.03067 19.1
    endloop
  endfacet
  facet normal 0.0277553 0.999615 -0
    outer loop
      vertex 23.0012 -3.04114 19.1
      vertex 22.9072 -3.03853 19.5
      vertex 23.0012 -3.04114 19.5
    endloop
  endfacet
  facet normal 0.0277553 0.999615 0
    outer loop
      vertex 22.9072 -3.03853 19.5
      vertex 23.0012 -3.04114 19.1
      vertex 22.9072 -3.03853 19.1
    endloop
  endfacet
  facet normal -0.0280591 0.999606 0
    outer loop
      vertex 23.0981 -3.03842 19.1
      vertex 23.0012 -3.04114 19.5
      vertex 23.0981 -3.03842 19.5
    endloop
  endfacet
  facet normal -0.0280591 0.999606 0
    outer loop
      vertex 23.0012 -3.04114 19.5
      vertex 23.0981 -3.03842 19.1
      vertex 23.0012 -3.04114 19.1
    endloop
  endfacet
  facet normal -0.999959 -0.00909605 0
    outer loop
      vertex 24.6727 -1.77158 19.1
      vertex 24.6724 -1.7386 19.5
      vertex 24.6724 -1.7386 19.1
    endloop
  endfacet
  facet normal -0.999959 -0.00909605 0
    outer loop
      vertex 24.6724 -1.7386 19.5
      vertex 24.6727 -1.77158 19.1
      vertex 24.6727 -1.77158 19.5
    endloop
  endfacet
  facet normal -0.999598 -0.0283574 0
    outer loop
      vertex 24.6724 -1.7386 19.1
      vertex 24.6714 -1.70335 19.5
      vertex 24.6714 -1.70335 19.1
    endloop
  endfacet
  facet normal -0.999598 -0.0283574 0
    outer loop
      vertex 24.6714 -1.70335 19.5
      vertex 24.6724 -1.7386 19.1
      vertex 24.6724 -1.7386 19.5
    endloop
  endfacet
  facet normal -0.998976 -0.0452507 0
    outer loop
      vertex 24.6714 -1.70335 19.1
      vertex 24.6697 -1.66582 19.5
      vertex 24.6697 -1.66582 19.1
    endloop
  endfacet
  facet normal -0.998976 -0.0452507 0
    outer loop
      vertex 24.6697 -1.66582 19.5
      vertex 24.6714 -1.70335 19.1
      vertex 24.6714 -1.70335 19.5
    endloop
  endfacet
  facet normal -0.998337 -0.0576494 0
    outer loop
      vertex 24.6697 -1.66582 19.1
      vertex 24.6674 -1.62599 19.5
      vertex 24.6674 -1.62599 19.1
    endloop
  endfacet
  facet normal -0.998337 -0.0576494 0
    outer loop
      vertex 24.6674 -1.62599 19.5
      vertex 24.6697 -1.66582 19.1
      vertex 24.6697 -1.66582 19.5
    endloop
  endfacet
  facet normal -0.997471 -0.0710787 0
    outer loop
      vertex 24.6674 -1.62599 19.1
      vertex 24.6644 -1.58389 19.5
      vertex 24.6644 -1.58389 19.1
    endloop
  endfacet
  facet normal -0.997471 -0.0710787 0
    outer loop
      vertex 24.6644 -1.58389 19.5
      vertex 24.6674 -1.62599 19.1
      vertex 24.6674 -1.62599 19.5
    endloop
  endfacet
  facet normal -0.996726 -0.0808521 0
    outer loop
      vertex 24.6644 -1.58389 19.1
      vertex 24.6608 -1.53951 19.5
      vertex 24.6608 -1.53951 19.1
    endloop
  endfacet
  facet normal -0.996726 -0.0808521 0
    outer loop
      vertex 24.6608 -1.53951 19.5
      vertex 24.6644 -1.58389 19.1
      vertex 24.6644 -1.58389 19.5
    endloop
  endfacet
  facet normal -0.995784 -0.0917282 0
    outer loop
      vertex 24.6608 -1.53951 19.1
      vertex 24.6565 -1.49283 19.5
      vertex 24.6565 -1.49283 19.1
    endloop
  endfacet
  facet normal -0.995784 -0.0917282 0
    outer loop
      vertex 24.6565 -1.49283 19.5
      vertex 24.6608 -1.53951 19.1
      vertex 24.6608 -1.53951 19.5
    endloop
  endfacet
  facet normal -0.994828 -0.101575 0
    outer loop
      vertex 24.6565 -1.49283 19.1
      vertex 24.6515 -1.44386 19.5
      vertex 24.6515 -1.44386 19.1
    endloop
  endfacet
  facet normal -0.994828 -0.101575 0
    outer loop
      vertex 24.6515 -1.44386 19.5
      vertex 24.6565 -1.49283 19.1
      vertex 24.6565 -1.49283 19.5
    endloop
  endfacet
  facet normal -0.994081 -0.108643 0
    outer loop
      vertex 24.6515 -1.44386 19.1
      vertex 24.6459 -1.39262 19.5
      vertex 24.6459 -1.39262 19.1
    endloop
  endfacet
  facet normal -0.994081 -0.108643 0
    outer loop
      vertex 24.6459 -1.39262 19.5
      vertex 24.6515 -1.44386 19.1
      vertex 24.6515 -1.44386 19.5
    endloop
  endfacet
  facet normal 0.870335 0.49246 0
    outer loop
      vertex 25.5618 -3.01131 19.5
      vertex 24.6459 -1.39262 19.1
      vertex 24.6459 -1.39262 19.5
    endloop
  endfacet
  facet normal 0.870335 0.49246 0
    outer loop
      vertex 24.6459 -1.39262 19.1
      vertex 25.5618 -3.01131 19.5
      vertex 25.5618 -3.01131 19.1
    endloop
  endfacet
  facet normal 0 1 -0
    outer loop
      vertex 26.0781 -3.01131 19.1
      vertex 25.5618 -3.01131 19.5
      vertex 26.0781 -3.01131 19.5
    endloop
  endfacet
  facet normal 0 1 0
    outer loop
      vertex 25.5618 -3.01131 19.5
      vertex 26.0781 -3.01131 19.1
      vertex 25.5618 -3.01131 19.1
    endloop
  endfacet
  facet normal -1 0 0
    outer loop
      vertex 26.0781 -3.01131 19.1
      vertex 26.0781 -0.909271 19.5
      vertex 26.0781 -0.909271 19.1
    endloop
  endfacet
  facet normal -1 -0 0
    outer loop
      vertex 26.0781 -0.909271 19.5
      vertex 26.0781 -3.01131 19.1
      vertex 26.0781 -3.01131 19.5
    endloop
  endfacet
  facet normal 0 -1 0
    outer loop
      vertex 25.6872 -0.909271 19.1
      vertex 26.0781 -0.909271 19.5
      vertex 25.6872 -0.909271 19.5
    endloop
  endfacet
  facet normal 0 -1 -0
    outer loop
      vertex 26.0781 -0.909271 19.5
      vertex 25.6872 -0.909271 19.1
      vertex 26.0781 -0.909271 19.1
    endloop
  endfacet
  facet normal 1 -0 0
    outer loop
      vertex 25.6872 -2.1311 19.5
      vertex 25.6872 -0.909271 19.1
      vertex 25.6872 -0.909271 19.5
    endloop
  endfacet
  facet normal 1 0 0
    outer loop
      vertex 25.6872 -0.909271 19.1
      vertex 25.6872 -2.1311 19.5
      vertex 25.6872 -2.1311 19.1
    endloop
  endfacet
  facet normal 0.999974 0.00720962 0
    outer loop
      vertex 25.6875 -2.17271 19.5
      vertex 25.6872 -2.1311 19.1
      vertex 25.6872 -2.1311 19.5
    endloop
  endfacet
  facet normal 0.999974 0.00720962 0
    outer loop
      vertex 25.6872 -2.1311 19.1
      vertex 25.6875 -2.17271 19.5
      vertex 25.6875 -2.17271 19.1
    endloop
  endfacet
  facet normal 0.999724 0.0234732 0
    outer loop
      vertex 25.6885 -2.2153 19.5
      vertex 25.6875 -2.17271 19.1
      vertex 25.6875 -2.17271 19.5
    endloop
  endfacet
  facet normal 0.999724 0.0234732 0
    outer loop
      vertex 25.6875 -2.17271 19.1
      vertex 25.6885 -2.2153 19.5
      vertex 25.6885 -2.2153 19.1
    endloop
  endfacet
  facet normal 0.999241 0.0389612 0
    outer loop
      vertex 25.6902 -2.2589 19.5
      vertex 25.6885 -2.2153 19.1
      vertex 25.6885 -2.2153 19.5
    endloop
  endfacet
  facet normal 0.999241 0.0389612 0
    outer loop
      vertex 25.6885 -2.2153 19.1
      vertex 25.6902 -2.2589 19.5
      vertex 25.6902 -2.2589 19.1
    endloop
  endfacet
  facet normal 0.998673 0.0515011 0
    outer loop
      vertex 25.6925 -2.3035 19.5
      vertex 25.6902 -2.2589 19.1
      vertex 25.6902 -2.2589 19.5
    endloop
  endfacet
  facet normal 0.998673 0.0515011 0
    outer loop
      vertex 25.6902 -2.2589 19.1
      vertex 25.6925 -2.3035 19.5
      vertex 25.6925 -2.3035 19.1
    endloop
  endfacet
  facet normal 0.997841 0.0656762 0
    outer loop
      vertex 25.6955 -2.34908 19.5
      vertex 25.6925 -2.3035 19.1
      vertex 25.6925 -2.3035 19.5
    endloop
  endfacet
  facet normal 0.997841 0.0656762 0
    outer loop
      vertex 25.6925 -2.3035 19.1
      vertex 25.6955 -2.34908 19.5
      vertex 25.6955 -2.34908 19.1
    endloop
  endfacet
  facet normal 0.997027 0.0770566 0
    outer loop
      vertex 25.6991 -2.39566 19.5
      vertex 25.6955 -2.34908 19.1
      vertex 25.6955 -2.34908 19.5
    endloop
  endfacet
  facet normal 0.997027 0.0770566 0
    outer loop
      vertex 25.6955 -2.34908 19.1
      vertex 25.6991 -2.39566 19.5
      vertex 25.6991 -2.39566 19.1
    endloop
  endfacet
  facet normal 0.995938 0.0900448 0
    outer loop
      vertex 25.7034 -2.44322 19.5
      vertex 25.6991 -2.39566 19.1
      vertex 25.6991 -2.39566 19.5
    endloop
  endfacet
  facet normal 0.995938 0.0900448 0
    outer loop
      vertex 25.6991 -2.39566 19.1
      vertex 25.7034 -2.44322 19.5
      vertex 25.7034 -2.44322 19.1
    endloop
  endfacet
  facet normal 0.994743 0.102403 0
    outer loop
      vertex 25.7084 -2.49179 19.5
      vertex 25.7034 -2.44322 19.1
      vertex 25.7034 -2.44322 19.5
    endloop
  endfacet
  facet normal 0.994743 0.102403 0
    outer loop
      vertex 25.7034 -2.44322 19.1
      vertex 25.7084 -2.49179 19.5
      vertex 25.7084 -2.49179 19.1
    endloop
  endfacet
  facet normal 0.993682 0.112235 0
    outer loop
      vertex 25.714 -2.54137 19.5
      vertex 25.7084 -2.49179 19.1
      vertex 25.7084 -2.49179 19.5
    endloop
  endfacet
  facet normal 0.993682 0.112235 0
    outer loop
      vertex 25.7084 -2.49179 19.1
      vertex 25.714 -2.54137 19.5
      vertex 25.714 -2.54137 19.1
    endloop
  endfacet
  facet normal -0.868983 -0.494843 0
    outer loop
      vertex 25.714 -2.54137 19.1
      vertex 24.7846 -0.909271 19.5
      vertex 24.7846 -0.909271 19.1
    endloop
  endfacet
  facet normal -0.868983 -0.494843 0
    outer loop
      vertex 24.7846 -0.909271 19.5
      vertex 25.714 -2.54137 19.1
      vertex 25.714 -2.54137 19.5
    endloop
  endfacet
  facet normal 0 -1 0
    outer loop
      vertex 24.2818 -0.909271 19.1
      vertex 24.7846 -0.909271 19.5
      vertex 24.2818 -0.909271 19.5
    endloop
  endfacet
  facet normal 0 -1 -0
    outer loop
      vertex 24.7846 -0.909271 19.5
      vertex 24.2818 -0.909271 19.1
      vertex 24.7846 -0.909271 19.1
    endloop
  endfacet
  facet normal 1 -0 0
    outer loop
      vertex 24.2818 -3.01131 19.5
      vertex 24.2818 -0.909271 19.1
      vertex 24.2818 -0.909271 19.5
    endloop
  endfacet
  facet normal 1 0 0
    outer loop
      vertex 24.2818 -0.909271 19.1
      vertex 24.2818 -3.01131 19.5
      vertex 24.2818 -3.01131 19.1
    endloop
  endfacet
  facet normal 0 1 -0
    outer loop
      vertex 24.6727 -3.01131 19.1
      vertex 24.2818 -3.01131 19.5
      vertex 24.6727 -3.01131 19.5
    endloop
  endfacet
  facet normal 0 1 0
    outer loop
      vertex 24.2818 -3.01131 19.5
      vertex 24.6727 -3.01131 19.1
      vertex 24.2818 -3.01131 19.1
    endloop
  endfacet
  facet normal -1 0 0
    outer loop
      vertex 24.6727 -3.01131 19.1
      vertex 24.6727 -1.77158 19.5
      vertex 24.6727 -1.77158 19.1
    endloop
  endfacet
  facet normal -1 -0 0
    outer loop
      vertex 24.6727 -1.77158 19.5
      vertex 24.6727 -3.01131 19.1
      vertex 24.6727 -3.01131 19.5
    endloop
  endfacet
  facet normal 1 -0 0
    outer loop
      vertex 50.5 -16 19.5
      vertex 50.5 5.5 0
      vertex 50.5 5.5 19.5
    endloop
  endfacet
  facet normal 1 0 0
    outer loop
      vertex 50.5 5.5 0
      vertex 50.5 -16 19.5
      vertex 50.5 -16 0
    endloop
  endfacet
  facet normal -0 0 1
    outer loop
      vertex 26.0851 -7.69615 19.5
      vertex 50.5 -16 19.5
      vertex 50.5 5.5 19.5
    endloop
  endfacet
  facet normal 0 0 1
    outer loop
      vertex 50.5 -16 19.5
      vertex 26.0851 -7.69615 19.5
      vertex 26.1 -8 19.5
    endloop
  endfacet
  facet normal 0 0 1
    outer loop
      vertex 26.0781 -3.01131 19.5
      vertex 50.5 5.5 19.5
      vertex 26.0781 -0.909271 19.5
    endloop
  endfacet
  facet normal 0 0 1
    outer loop
      vertex 50.5 5.5 19.5
      vertex 25.6872 -0.909271 19.5
      vertex 26.0781 -0.909271 19.5
    endloop
  endfacet
  facet normal 0 0 1
    outer loop
      vertex 25.6872 -0.909271 19.5
      vertex 24.7846 -0.909271 19.5
      vertex 25.6872 -2.1311 19.5
    endloop
  endfacet
  facet normal 0 0 1
    outer loop
      vertex 50.5 5.5 19.5
      vertex 24.7846 -0.909271 19.5
      vertex 25.6872 -0.909271 19.5
    endloop
  endfacet
  facet normal 0 0 1
    outer loop
      vertex 50.5 5.5 19.5
      vertex 24.2818 -0.909271 19.5
      vertex 24.7846 -0.909271 19.5
    endloop
  endfacet
  facet normal -0 0 1
    outer loop
      vertex 23.9425 -2.20122 19.5
      vertex 24.2818 -3.01131 19.5
      vertex 24.2818 -0.909271 19.5
    endloop
  endfacet
  facet normal 0 0 1
    outer loop
      vertex 23.9425 -2.20122 19.5
      vertex 24.2818 -0.909271 19.5
      vertex 23.9425 -0.909271 19.5
    endloop
  endfacet
  facet normal 0 0 1
    outer loop
      vertex 50.5 5.5 19.5
      vertex 23.9425 -0.909271 19.5
      vertex 24.2818 -0.909271 19.5
    endloop
  endfacet
  facet normal -0 0 1
    outer loop
      vertex -1.5 5.5 19.5
      vertex 23.9425 -0.909271 19.5
      vertex 50.5 5.5 19.5
    endloop
  endfacet
  facet normal -0 0 1
    outer loop
      vertex 22.5462 -0.909271 19.5
      vertex 23.5024 -2.17436 19.5
      vertex 23.5024 -0.909271 19.5
    endloop
  endfacet
  facet normal 0 0 1
    outer loop
      vertex 23.5024 -2.17436 19.5
      vertex 22.5462 -2.18927 19.5
      vertex 23.5009 -2.22894 19.5
    endloop
  endfacet
  facet normal 0 -0 1
    outer loop
      vertex 22.5476 -2.24316 19.5
      vertex 23.5009 -2.22894 19.5
      vertex 22.5462 -2.18927 19.5
    endloop
  endfacet
  facet normal 0 0 1
    outer loop
      vertex 23.5009 -2.22894 19.5
      vertex 22.5476 -2.24316 19.5
      vertex 23.4962 -2.28062 19.5
    endloop
  endfacet
  facet normal 0 -0 1
    outer loop
      vertex 23.0641 -2.69485 19.5
      vertex 23.4962 -2.28062 19.5
      vertex 22.5476 -2.24316 19.5
    endloop
  endfacet
  facet normal 0 0 1
    outer loop
      vertex 23.4962 -2.28062 19.5
      vertex 23.0641 -2.69485 19.5
      vertex 23.4883 -2.32942 19.5
    endloop
  endfacet
  facet normal 0 -0 1
    outer loop
      vertex 23.1125 -2.68987 19.5
      vertex 23.4883 -2.32942 19.5
      vertex 23.0641 -2.69485 19.5
    endloop
  endfacet
  facet normal 0 0 1
    outer loop
      vertex 23.4883 -2.32942 19.5
      vertex 23.1125 -2.68987 19.5
      vertex 23.4774 -2.37534 19.5
    endloop
  endfacet
  facet normal 0 -0 1
    outer loop
      vertex 23.1581 -2.68153 19.5
      vertex 23.4774 -2.37534 19.5
      vertex 23.1125 -2.68987 19.5
    endloop
  endfacet
  facet normal 0 -0 1
    outer loop
      vertex 23.2011 -2.66986 19.5
      vertex 23.4461 -2.45848 19.5
      vertex 23.1581 -2.68153 19.5
    endloop
  endfacet
  facet normal 0 0 1
    outer loop
      vertex 23.4461 -2.45848 19.5
      vertex 23.2011 -2.66986 19.5
      vertex 23.4257 -2.49571 19.5
    endloop
  endfacet
  facet normal 0 0 1
    outer loop
      vertex 23.4257 -2.49571 19.5
      vertex 23.2011 -2.66986 19.5
      vertex 23.4022 -2.53006 19.5
    endloop
  endfacet
  facet normal 0 0 1
    outer loop
      vertex 23.3756 -2.56151 19.5
      vertex 23.2011 -2.66986 19.5
      vertex 23.3461 -2.58984 19.5
    endloop
  endfacet
  facet normal 0 0 1
    outer loop
      vertex 23.3139 -2.61485 19.5
      vertex 23.2011 -2.66986 19.5
      vertex 23.279 -2.63652 19.5
    endloop
  endfacet
  facet normal 0 0 1
    outer loop
      vertex 23.279 -2.63652 19.5
      vertex 23.2011 -2.66986 19.5
      vertex 23.2414 -2.65486 19.5
    endloop
  endfacet
  facet normal 0 0 1
    outer loop
      vertex 23.3461 -2.58984 19.5
      vertex 23.2011 -2.66986 19.5
      vertex 23.3139 -2.61485 19.5
    endloop
  endfacet
  facet normal 0 0 1
    outer loop
      vertex 23.4022 -2.53006 19.5
      vertex 23.2011 -2.66986 19.5
      vertex 23.3756 -2.56151 19.5
    endloop
  endfacet
  facet normal 0 0 1
    outer loop
      vertex 23.4633 -2.41835 19.5
      vertex 23.1581 -2.68153 19.5
      vertex 23.4461 -2.45848 19.5
    endloop
  endfacet
  facet normal 0 0 1
    outer loop
      vertex 23.4774 -2.37534 19.5
      vertex 23.1581 -2.68153 19.5
      vertex 23.4633 -2.41835 19.5
    endloop
  endfacet
  facet normal 0 0 1
    outer loop
      vertex 23.0641 -2.69485 19.5
      vertex 22.5476 -2.24316 19.5
      vertex 23.0131 -2.69653 19.5
    endloop
  endfacet
  facet normal -0 -0 1
    outer loop
      vertex 22.552 -2.29408 19.5
      vertex 23.0131 -2.69653 19.5
      vertex 22.5476 -2.24316 19.5
    endloop
  endfacet
  facet normal 0 0 1
    outer loop
      vertex 23.0131 -2.69653 19.5
      vertex 22.552 -2.29408 19.5
      vertex 22.9634 -2.69493 19.5
    endloop
  endfacet
  facet normal -0 -0 1
    outer loop
      vertex 22.5593 -2.34203 19.5
      vertex 22.9634 -2.69493 19.5
      vertex 22.552 -2.29408 19.5
    endloop
  endfacet
  facet normal 0 0 1
    outer loop
      vertex 22.9634 -2.69493 19.5
      vertex 22.5593 -2.34203 19.5
      vertex 22.9165 -2.69016 19.5
    endloop
  endfacet
  facet normal -0 -0 1
    outer loop
      vertex 22.5696 -2.38702 19.5
      vertex 22.9165 -2.69016 19.5
      vertex 22.5593 -2.34203 19.5
    endloop
  endfacet
  facet normal 0 0 1
    outer loop
      vertex 22.9165 -2.69016 19.5
      vertex 22.5696 -2.38702 19.5
      vertex 22.8723 -2.68219 19.5
    endloop
  endfacet
  facet normal -0 -0 1
    outer loop
      vertex 22.5828 -2.42905 19.5
      vertex 22.8723 -2.68219 19.5
      vertex 22.5696 -2.38702 19.5
    endloop
  endfacet
  facet normal 0 0 1
    outer loop
      vertex 22.8723 -2.68219 19.5
      vertex 22.5828 -2.42905 19.5
      vertex 22.8309 -2.67104 19.5
    endloop
  endfacet
  facet normal -0 -0 1
    outer loop
      vertex 22.5989 -2.46809 19.5
      vertex 22.8309 -2.67104 19.5
      vertex 22.5828 -2.42905 19.5
    endloop
  endfacet
  facet normal 0 0 1
    outer loop
      vertex 22.8309 -2.67104 19.5
      vertex 22.5989 -2.46809 19.5
      vertex 22.7921 -2.65669 19.5
    endloop
  endfacet
  facet normal 0 0 1
    outer loop
      vertex 22.7921 -2.65669 19.5
      vertex 22.5989 -2.46809 19.5
      vertex 22.7562 -2.63918 19.5
    endloop
  endfacet
  facet normal 0 0 1
    outer loop
      vertex 22.7562 -2.63918 19.5
      vertex 22.5989 -2.46809 19.5
      vertex 22.723 -2.61845 19.5
    endloop
  endfacet
  facet normal 0 0 1
    outer loop
      vertex 22.723 -2.61845 19.5
      vertex 22.5989 -2.46809 19.5
      vertex 22.6925 -2.59456 19.5
    endloop
  endfacet
  facet normal 0 0 1
    outer loop
      vertex 22.6648 -2.56747 19.5
      vertex 22.6179 -2.5042 19.5
      vertex 22.6399 -2.53732 19.5
    endloop
  endfacet
  facet normal 0 0 1
    outer loop
      vertex 22.6648 -2.56747 19.5
      vertex 22.5989 -2.46809 19.5
      vertex 22.6179 -2.5042 19.5
    endloop
  endfacet
  facet normal 0 0 1
    outer loop
      vertex 23.5024 -2.17436 19.5
      vertex 22.5462 -0.909271 19.5
      vertex 22.5462 -2.18927 19.5
    endloop
  endfacet
  facet normal 0 0 1
    outer loop
      vertex 23.9425 -0.909271 19.5
      vertex -1.5 5.5 19.5
      vertex 23.5024 -0.909271 19.5
    endloop
  endfacet
  facet normal 0 0 1
    outer loop
      vertex 23.5024 -0.909271 19.5
      vertex -1.5 5.5 19.5
      vertex 22.5462 -0.909271 19.5
    endloop
  endfacet
  facet normal -0 0 1
    outer loop
      vertex 21.8071 -1.53584 19.5
      vertex 22.1061 -2.2236 19.5
      vertex 22.1061 -0.909271 19.5
    endloop
  endfacet
  facet normal 0 0 1
    outer loop
      vertex 22.1061 -2.2236 19.5
      vertex 21.9115 -3.01131 19.5
      vertex 22.1001 -5.03348 19.5
    endloop
  endfacet
  facet normal 0 0 1
    outer loop
      vertex 22.1061 -2.2236 19.5
      vertex 21.8071 -1.53584 19.5
      vertex 21.8055 -1.58417 19.5
    endloop
  endfacet
  facet normal 0 0 1
    outer loop
      vertex 22.1061 -0.909271 19.5
      vertex 21.8045 -1.47029 19.5
      vertex 21.8071 -1.53584 19.5
    endloop
  endfacet
  facet normal 0 0 1
    outer loop
      vertex 22.1061 -0.909271 19.5
      vertex 21.797 -1.4082 19.5
      vertex 21.8045 -1.47029 19.5
    endloop
  endfacet
  facet normal 0 0 1
    outer loop
      vertex 22.1061 -0.909271 19.5
      vertex 21.7843 -1.34961 19.5
      vertex 21.797 -1.4082 19.5
    endloop
  endfacet
  facet normal 0 0 1
    outer loop
      vertex 22.1061 -0.909271 19.5
      vertex 21.7667 -1.29449 19.5
      vertex 21.7843 -1.34961 19.5
    endloop
  endfacet
  facet normal 0 0 1
    outer loop
      vertex 22.1061 -0.909271 19.5
      vertex 21.744 -1.24286 19.5
      vertex 21.7667 -1.29449 19.5
    endloop
  endfacet
  facet normal 0 0 1
    outer loop
      vertex 22.1061 -0.909271 19.5
      vertex 21.7162 -1.1947 19.5
      vertex 21.744 -1.24286 19.5
    endloop
  endfacet
  facet normal 0 0 1
    outer loop
      vertex 22.1061 -0.909271 19.5
      vertex 21.6834 -1.15004 19.5
      vertex 21.7162 -1.1947 19.5
    endloop
  endfacet
  facet normal 0 0 1
    outer loop
      vertex 22.1061 -0.909271 19.5
      vertex 21.6456 -1.10884 19.5
      vertex 21.6834 -1.15004 19.5
    endloop
  endfacet
  facet normal 0 0 1
    outer loop
      vertex 22.1061 -0.909271 19.5
      vertex 21.6026 -1.07114 19.5
      vertex 21.6456 -1.10884 19.5
    endloop
  endfacet
  facet normal 0 0 1
    outer loop
      vertex 22.1061 -0.909271 19.5
      vertex 21.5551 -1.03717 19.5
      vertex 21.6026 -1.07114 19.5
    endloop
  endfacet
  facet normal 0 0 1
    outer loop
      vertex 22.1061 -0.909271 19.5
      vertex 21.5033 -1.00719 19.5
      vertex 21.5551 -1.03717 19.5
    endloop
  endfacet
  facet normal 0 0 1
    outer loop
      vertex 22.5462 -0.909271 19.5
      vertex -1.5 5.5 19.5
      vertex 22.1061 -0.909271 19.5
    endloop
  endfacet
  facet normal 0 0 1
    outer loop
      vertex 22.1061 -0.909271 19.5
      vertex 21.4473 -0.981216 19.5
      vertex 21.5033 -1.00719 19.5
    endloop
  endfacet
  facet normal 0 0 1
    outer loop
      vertex 22.1061 -0.909271 19.5
      vertex 21.3871 -0.959229 19.5
      vertex 21.4473 -0.981216 19.5
    endloop
  endfacet
  facet normal 0 0 1
    outer loop
      vertex 22.1061 -0.909271 19.5
      vertex 21.3226 -0.941238 19.5
      vertex 21.3871 -0.959229 19.5
    endloop
  endfacet
  facet normal 0 0 1
    outer loop
      vertex 22.1061 -0.909271 19.5
      vertex 21.2539 -0.927246 19.5
      vertex 21.3226 -0.941238 19.5
    endloop
  endfacet
  facet normal 0 0 1
    outer loop
      vertex 22.1061 -0.909271 19.5
      vertex 21.1809 -0.917252 19.5
      vertex 21.2539 -0.927246 19.5
    endloop
  endfacet
  facet normal 0 0 1
    outer loop
      vertex 22.1061 -0.909271 19.5
      vertex 21.1037 -0.91127 19.5
      vertex 21.1809 -0.917252 19.5
    endloop
  endfacet
  facet normal 0 -0 1
    outer loop
      vertex 21.0223 -0.909271 19.5
      vertex 22.1061 -0.909271 19.5
      vertex -1.5 5.5 19.5
    endloop
  endfacet
  facet normal 0 0 1
    outer loop
      vertex 22.1061 -0.909271 19.5
      vertex 21.0223 -0.909271 19.5
      vertex 21.1037 -0.91127 19.5
    endloop
  endfacet
  facet normal 0 0 1
    outer loop
      vertex 11.0895 -3.02711 19.5
      vertex 19.972 -3.01131 19.5
      vertex 19.972 -0.909271 19.5
    endloop
  endfacet
  facet normal 0 0 1
    outer loop
      vertex 19.972 -3.01131 19.5
      vertex 11.0895 -3.02711 19.5
      vertex 19.9596 -7.39522 19.5
    endloop
  endfacet
  facet normal -0 0 1
    outer loop
      vertex 10.864 -6.81368 19.5
      vertex 19.9596 -7.39522 19.5
      vertex 11.0895 -3.02711 19.5
    endloop
  endfacet
  facet normal -0 -0 1
    outer loop
      vertex 10.9665 -7.10012 19.5
      vertex 19.9596 -7.39522 19.5
      vertex 10.864 -6.81368 19.5
    endloop
  endfacet
  facet normal 0 -0 1
    outer loop
      vertex 11.0404 -7.39522 19.5
      vertex 19.9596 -7.39522 19.5
      vertex 10.9665 -7.10012 19.5
    endloop
  endfacet
  facet normal 0 0 1
    outer loop
      vertex 19.972 -0.909271 19.5
      vertex 11.0164 -0.925079 19.5
      vertex 11.0895 -3.02711 19.5
    endloop
  endfacet
  facet normal 0 0 1
    outer loop
      vertex 21.0223 -0.909271 19.5
      vertex -1.5 5.5 19.5
      vertex 19.972 -0.909271 19.5
    endloop
  endfacet
  facet normal 0 0 1
    outer loop
      vertex 19.972 -0.909271 19.5
      vertex -1.5 5.5 19.5
      vertex 11.0164 -0.925079 19.5
    endloop
  endfacet
  facet normal 0 0 1
    outer loop
      vertex 11.0164 -0.925079 19.5
      vertex -1.5 5.5 19.5
      vertex 10.5032 -0.925079 19.5
    endloop
  endfacet
  facet normal 0 0 1
    outer loop
      vertex 10.5032 -0.925079 19.5
      vertex -1.5 5.5 19.5
      vertex 9.55583 -0.925079 19.5
    endloop
  endfacet
  facet normal -0 0 1
    outer loop
      vertex 8.86098 -2.68698 19.5
      vertex 9.11572 -3.02711 19.5
      vertex 9.11572 -0.925079 19.5
    endloop
  endfacet
  facet normal 0 0 1
    outer loop
      vertex 9.11572 -3.02711 19.5
      vertex 8.86098 -2.68698 19.5
      vertex 8.86098 -3.02711 19.5
    endloop
  endfacet
  facet normal 0 0 1
    outer loop
      vertex 9.11572 -0.925079 19.5
      vertex 7.73314 -0.925079 19.5
      vertex 8.86098 -2.68698 19.5
    endloop
  endfacet
  facet normal 0 0 1
    outer loop
      vertex 9.55583 -0.925079 19.5
      vertex -1.5 5.5 19.5
      vertex 9.11572 -0.925079 19.5
    endloop
  endfacet
  facet normal 0 0 1
    outer loop
      vertex 9.11572 -0.925079 19.5
      vertex -1.5 5.5 19.5
      vertex 7.73314 -0.925079 19.5
    endloop
  endfacet
  facet normal -0 0 1
    outer loop
      vertex 7.05669 -2.45573 19.5
      vertex 7.29303 -3.02711 19.5
      vertex 7.29303 -0.925079 19.5
    endloop
  endfacet
  facet normal -0 0 1
    outer loop
      vertex 7.02774 -2.52144 19.5
      vertex 7.29303 -3.02711 19.5
      vertex 7.05669 -2.45573 19.5
    endloop
  endfacet
  facet normal 0 0 1
    outer loop
      vertex 7.29303 -0.925079 19.5
      vertex 7.02985 -1.47858 19.5
      vertex 7.05669 -2.45573 19.5
    endloop
  endfacet
  facet normal 0 0 1
    outer loop
      vertex 7.29303 -0.925079 19.5
      vertex 7.00723 -1.41631 19.5
      vertex 7.02985 -1.47858 19.5
    endloop
  endfacet
  facet normal 0 0 1
    outer loop
      vertex 7.29303 -0.925079 19.5
      vertex 6.98122 -1.3575 19.5
      vertex 7.00723 -1.41631 19.5
    endloop
  endfacet
  facet normal 0 0 1
    outer loop
      vertex 7.29303 -0.925079 19.5
      vertex 6.95175 -1.30212 19.5
      vertex 6.98122 -1.3575 19.5
    endloop
  endfacet
  facet normal 0 0 1
    outer loop
      vertex 7.29303 -0.925079 19.5
      vertex 6.91887 -1.25018 19.5
      vertex 6.95175 -1.30212 19.5
    endloop
  endfacet
  facet normal 0 0 1
    outer loop
      vertex 7.29303 -0.925079 19.5
      vertex 6.88257 -1.20171 19.5
      vertex 6.91887 -1.25018 19.5
    endloop
  endfacet
  facet normal 0 0 1
    outer loop
      vertex 7.29303 -0.925079 19.5
      vertex 6.84283 -1.15666 19.5
      vertex 6.88257 -1.20171 19.5
    endloop
  endfacet
  facet normal 0 0 1
    outer loop
      vertex 7.29303 -0.925079 19.5
      vertex 6.79968 -1.11507 19.5
      vertex 6.84283 -1.15666 19.5
    endloop
  endfacet
  facet normal 0 0 1
    outer loop
      vertex 7.29303 -0.925079 19.5
      vertex 6.7531 -1.07692 19.5
      vertex 6.79968 -1.11507 19.5
    endloop
  endfacet
  facet normal 0 0 1
    outer loop
      vertex 7.29303 -0.925079 19.5
      vertex 6.70309 -1.04221 19.5
      vertex 6.7531 -1.07692 19.5
    endloop
  endfacet
  facet normal 0 0 1
    outer loop
      vertex 7.29303 -0.925079 19.5
      vertex 6.64969 -1.01105 19.5
      vertex 6.70309 -1.04221 19.5
    endloop
  endfacet
  facet normal 0 0 1
    outer loop
      vertex 7.73314 -0.925079 19.5
      vertex -1.5 5.5 19.5
      vertex 7.29303 -0.925079 19.5
    endloop
  endfacet
  facet normal -0 -0 1
    outer loop
      vertex 6.25804 -0.901077 19.5
      vertex 7.29303 -0.925079 19.5
      vertex -1.5 5.5 19.5
    endloop
  endfacet
  facet normal 0 0 1
    outer loop
      vertex 7.29303 -0.925079 19.5
      vertex 6.5929 -0.983551 19.5
      vertex 6.64969 -1.01105 19.5
    endloop
  endfacet
  facet normal 0 0 1
    outer loop
      vertex 7.29303 -0.925079 19.5
      vertex 6.5327 -0.959732 19.5
      vertex 6.5929 -0.983551 19.5
    endloop
  endfacet
  facet normal 0 0 1
    outer loop
      vertex 7.29303 -0.925079 19.5
      vertex 6.46912 -0.939575 19.5
      vertex 6.5327 -0.959732 19.5
    endloop
  endfacet
  facet normal 0 0 1
    outer loop
      vertex 7.29303 -0.925079 19.5
      vertex 6.40216 -0.92308 19.5
      vertex 6.46912 -0.939575 19.5
    endloop
  endfacet
  facet normal 0 0 1
    outer loop
      vertex 7.29303 -0.925079 19.5
      vertex 6.3318 -0.910248 19.5
      vertex 6.40216 -0.92308 19.5
    endloop
  endfacet
  facet normal 0 0 1
    outer loop
      vertex 7.29303 -0.925079 19.5
      vertex 6.25804 -0.901077 19.5
      vertex 6.3318 -0.910248 19.5
    endloop
  endfacet
  facet normal 0 0 1
    outer loop
      vertex 6.25804 -0.901077 19.5
      vertex -1.5 5.5 19.5
      vertex 6.18091 -0.895584 19.5
    endloop
  endfacet
  facet normal 0 0 1
    outer loop
      vertex 6.18091 -0.895584 19.5
      vertex -1.5 5.5 19.5
      vertex 6.10039 -0.893753 19.5
    endloop
  endfacet
  facet normal 0 0 1
    outer loop
      vertex 6.10039 -0.893753 19.5
      vertex -1.5 5.5 19.5
      vertex 5.99063 -0.897171 19.5
    endloop
  endfacet
  facet normal 0 0 1
    outer loop
      vertex 5.08981 -2.28506 19.5
      vertex 4.95957 -7.39522 19.5
      vertex 5.03348 -7.10012 19.5
    endloop
  endfacet
  facet normal 0 0 1
    outer loop
      vertex 5.06247 -2.07826 19.5
      vertex -1.5 5.5 19.5
      vertex 4.95957 -7.39522 19.5
    endloop
  endfacet
  facet normal 0 0 1
    outer loop
      vertex -1.5 -16 19.5
      vertex 4.95957 -7.39522 19.5
      vertex -1.5 5.5 19.5
    endloop
  endfacet
  facet normal 0 0 1
    outer loop
      vertex 4.95957 -7.39522 19.5
      vertex -1.5 -16 19.5
      vertex 4.91493 -7.69615 19.5
    endloop
  endfacet
  facet normal 0 0 1
    outer loop
      vertex 5.06236 -1.85432 19.5
      vertex -1.5 5.5 19.5
      vertex 5.05905 -1.9664 19.5
    endloop
  endfacet
  facet normal 0 0 1
    outer loop
      vertex 5.07225 -1.74818 19.5
      vertex -1.5 5.5 19.5
      vertex 5.06236 -1.85432 19.5
    endloop
  endfacet
  facet normal 0 0 1
    outer loop
      vertex 5.08873 -1.64796 19.5
      vertex -1.5 5.5 19.5
      vertex 5.07225 -1.74818 19.5
    endloop
  endfacet
  facet normal 0 0 1
    outer loop
      vertex 5.1118 -1.55368 19.5
      vertex -1.5 5.5 19.5
      vertex 5.08873 -1.64796 19.5
    endloop
  endfacet
  facet normal 0 0 1
    outer loop
      vertex 5.14148 -1.46533 19.5
      vertex -1.5 5.5 19.5
      vertex 5.1118 -1.55368 19.5
    endloop
  endfacet
  facet normal 0 0 1
    outer loop
      vertex 5.17773 -1.38292 19.5
      vertex -1.5 5.5 19.5
      vertex 5.14148 -1.46533 19.5
    endloop
  endfacet
  facet normal 0 0 1
    outer loop
      vertex 5.2206 -1.30643 19.5
      vertex -1.5 5.5 19.5
      vertex 5.17773 -1.38292 19.5
    endloop
  endfacet
  facet normal 0 0 1
    outer loop
      vertex 5.27005 -1.23587 19.5
      vertex -1.5 5.5 19.5
      vertex 5.2206 -1.30643 19.5
    endloop
  endfacet
  facet normal 0 0 1
    outer loop
      vertex 5.3261 -1.17123 19.5
      vertex -1.5 5.5 19.5
      vertex 5.27005 -1.23587 19.5
    endloop
  endfacet
  facet normal 0 0 1
    outer loop
      vertex 5.38841 -1.11299 19.5
      vertex -1.5 5.5 19.5
      vertex 5.3261 -1.17123 19.5
    endloop
  endfacet
  facet normal 0 0 1
    outer loop
      vertex 5.45665 -1.06161 19.5
      vertex -1.5 5.5 19.5
      vertex 5.38841 -1.11299 19.5
    endloop
  endfacet
  facet normal 0 0 1
    outer loop
      vertex 5.53082 -1.01707 19.5
      vertex -1.5 5.5 19.5
      vertex 5.45665 -1.06161 19.5
    endloop
  endfacet
  facet normal 0 0 1
    outer loop
      vertex 5.61092 -0.979385 19.5
      vertex -1.5 5.5 19.5
      vertex 5.53082 -1.01707 19.5
    endloop
  endfacet
  facet normal 0 0 1
    outer loop
      vertex 5.69696 -0.948563 19.5
      vertex -1.5 5.5 19.5
      vertex 5.61092 -0.979385 19.5
    endloop
  endfacet
  facet normal 0 0 1
    outer loop
      vertex 5.78891 -0.924576 19.5
      vertex -1.5 5.5 19.5
      vertex 5.69696 -0.948563 19.5
    endloop
  endfacet
  facet normal 0 0 1
    outer loop
      vertex 5.88681 -0.907455 19.5
      vertex -1.5 5.5 19.5
      vertex 5.78891 -0.924576 19.5
    endloop
  endfacet
  facet normal 0 0 1
    outer loop
      vertex 5.99063 -0.897171 19.5
      vertex -1.5 5.5 19.5
      vertex 5.88681 -0.907455 19.5
    endloop
  endfacet
  facet normal -0 0 1
    outer loop
      vertex 26.0851 -8.30385 19.5
      vertex 50.5 -16 19.5
      vertex 26.1 -8 19.5
    endloop
  endfacet
  facet normal -0 0 1
    outer loop
      vertex 26.0404 -8.60478 19.5
      vertex 50.5 -16 19.5
      vertex 26.0851 -8.30385 19.5
    endloop
  endfacet
  facet normal -0 0 1
    outer loop
      vertex 25.9665 -8.89988 19.5
      vertex 50.5 -16 19.5
      vertex 26.0404 -8.60478 19.5
    endloop
  endfacet
  facet normal -0 0 1
    outer loop
      vertex 25.864 -9.18632 19.5
      vertex 50.5 -16 19.5
      vertex 25.9665 -8.89988 19.5
    endloop
  endfacet
  facet normal -0 0 1
    outer loop
      vertex 25.734 -9.46133 19.5
      vertex 50.5 -16 19.5
      vertex 25.864 -9.18632 19.5
    endloop
  endfacet
  facet normal -0 0 1
    outer loop
      vertex 25.5776 -9.72227 19.5
      vertex 50.5 -16 19.5
      vertex 25.734 -9.46133 19.5
    endloop
  endfacet
  facet normal -0 0 1
    outer loop
      vertex 25.3963 -9.96662 19.5
      vertex 50.5 -16 19.5
      vertex 25.5776 -9.72227 19.5
    endloop
  endfacet
  facet normal -0 0 1
    outer loop
      vertex 25.192 -10.192 19.5
      vertex 50.5 -16 19.5
      vertex 25.3963 -9.96662 19.5
    endloop
  endfacet
  facet normal -0 0 1
    outer loop
      vertex 24.9666 -10.3963 19.5
      vertex 50.5 -16 19.5
      vertex 25.192 -10.192 19.5
    endloop
  endfacet
  facet normal -0 0 1
    outer loop
      vertex 24.7223 -10.5776 19.5
      vertex 50.5 -16 19.5
      vertex 24.9666 -10.3963 19.5
    endloop
  endfacet
  facet normal -0 0 1
    outer loop
      vertex 24.4613 -10.734 19.5
      vertex 50.5 -16 19.5
      vertex 24.7223 -10.5776 19.5
    endloop
  endfacet
  facet normal -0 0 1
    outer loop
      vertex 24.1863 -10.864 19.5
      vertex 50.5 -16 19.5
      vertex 24.4613 -10.734 19.5
    endloop
  endfacet
  facet normal -0 0 1
    outer loop
      vertex 23.8999 -10.9665 19.5
      vertex 50.5 -16 19.5
      vertex 24.1863 -10.864 19.5
    endloop
  endfacet
  facet normal -0 0 1
    outer loop
      vertex 23.6048 -11.0404 19.5
      vertex 50.5 -16 19.5
      vertex 23.8999 -10.9665 19.5
    endloop
  endfacet
  facet normal -0 0 1
    outer loop
      vertex 23.3039 -11.0851 19.5
      vertex 50.5 -16 19.5
      vertex 23.6048 -11.0404 19.5
    endloop
  endfacet
  facet normal -0 0 1
    outer loop
      vertex 23 -11.1 19.5
      vertex 50.5 -16 19.5
      vertex 23.3039 -11.0851 19.5
    endloop
  endfacet
  facet normal 0 0 1
    outer loop
      vertex -1.5 -16 19.5
      vertex 23 -11.1 19.5
      vertex 22.6961 -11.0851 19.5
    endloop
  endfacet
  facet normal 0 0 1
    outer loop
      vertex -1.5 -16 19.5
      vertex 22.6961 -11.0851 19.5
      vertex 22.3952 -11.0404 19.5
    endloop
  endfacet
  facet normal -0 0 1
    outer loop
      vertex 11.1 -8 19.5
      vertex 19.9149 -8.30385 19.5
      vertex 19.9 -8 19.5
    endloop
  endfacet
  facet normal 0 0 1
    outer loop
      vertex 11.0851 -8.30385 19.5
      vertex 19.9149 -8.30385 19.5
      vertex 11.1 -8 19.5
    endloop
  endfacet
  facet normal 0 0 1
    outer loop
      vertex 19.9149 -8.30385 19.5
      vertex 11.0851 -8.30385 19.5
      vertex 19.9596 -8.60478 19.5
    endloop
  endfacet
  facet normal 0 0 1
    outer loop
      vertex 11.0404 -8.60478 19.5
      vertex 19.9596 -8.60478 19.5
      vertex 11.0851 -8.30385 19.5
    endloop
  endfacet
  facet normal 0 0 1
    outer loop
      vertex 19.9596 -8.60478 19.5
      vertex 11.0404 -8.60478 19.5
      vertex 20.0335 -8.89988 19.5
    endloop
  endfacet
  facet normal 0 0 1
    outer loop
      vertex 10.9665 -8.89988 19.5
      vertex 20.0335 -8.89988 19.5
      vertex 11.0404 -8.60478 19.5
    endloop
  endfacet
  facet normal 0 0 1
    outer loop
      vertex 20.0335 -8.89988 19.5
      vertex 10.9665 -8.89988 19.5
      vertex 20.136 -9.18632 19.5
    endloop
  endfacet
  facet normal 0 0 1
    outer loop
      vertex 10.864 -9.18632 19.5
      vertex 20.136 -9.18632 19.5
      vertex 10.9665 -8.89988 19.5
    endloop
  endfacet
  facet normal 0 0 1
    outer loop
      vertex 20.136 -9.18632 19.5
      vertex 10.864 -9.18632 19.5
      vertex 20.266 -9.46133 19.5
    endloop
  endfacet
  facet normal 0 0 1
    outer loop
      vertex 10.734 -9.46133 19.5
      vertex 20.266 -9.46133 19.5
      vertex 10.864 -9.18632 19.5
    endloop
  endfacet
  facet normal 0 0 1
    outer loop
      vertex 20.266 -9.46133 19.5
      vertex 10.734 -9.46133 19.5
      vertex 20.4224 -9.72227 19.5
    endloop
  endfacet
  facet normal 0 0 1
    outer loop
      vertex 10.5776 -9.72227 19.5
      vertex 20.4224 -9.72227 19.5
      vertex 10.734 -9.46133 19.5
    endloop
  endfacet
  facet normal 0 0 1
    outer loop
      vertex 20.4224 -9.72227 19.5
      vertex 10.5776 -9.72227 19.5
      vertex 20.6037 -9.96662 19.5
    endloop
  endfacet
  facet normal 0 0 1
    outer loop
      vertex 10.3963 -9.96662 19.5
      vertex 20.6037 -9.96662 19.5
      vertex 10.5776 -9.72227 19.5
    endloop
  endfacet
  facet normal 0 0 1
    outer loop
      vertex 20.6037 -9.96662 19.5
      vertex 10.3963 -9.96662 19.5
      vertex 20.808 -10.192 19.5
    endloop
  endfacet
  facet normal 0 0 1
    outer loop
      vertex 10.192 -10.192 19.5
      vertex 20.808 -10.192 19.5
      vertex 10.3963 -9.96662 19.5
    endloop
  endfacet
  facet normal 0 0 1
    outer loop
      vertex 20.808 -10.192 19.5
      vertex 10.192 -10.192 19.5
      vertex 21.0334 -10.3963 19.5
    endloop
  endfacet
  facet normal 0 0 1
    outer loop
      vertex 9.96662 -10.3963 19.5
      vertex 21.0334 -10.3963 19.5
      vertex 10.192 -10.192 19.5
    endloop
  endfacet
  facet normal 0 0 1
    outer loop
      vertex 21.0334 -10.3963 19.5
      vertex 9.96662 -10.3963 19.5
      vertex 21.2777 -10.5776 19.5
    endloop
  endfacet
  facet normal 0 0 1
    outer loop
      vertex 9.72227 -10.5776 19.5
      vertex 21.2777 -10.5776 19.5
      vertex 9.96662 -10.3963 19.5
    endloop
  endfacet
  facet normal 0 0 1
    outer loop
      vertex 21.2777 -10.5776 19.5
      vertex 9.72227 -10.5776 19.5
      vertex 21.5387 -10.734 19.5
    endloop
  endfacet
  facet normal 0 0 1
    outer loop
      vertex 9.46133 -10.734 19.5
      vertex 21.5387 -10.734 19.5
      vertex 9.72227 -10.5776 19.5
    endloop
  endfacet
  facet normal 0 0 1
    outer loop
      vertex 21.5387 -10.734 19.5
      vertex 9.46133 -10.734 19.5
      vertex 21.8137 -10.864 19.5
    endloop
  endfacet
  facet normal 0 0 1
    outer loop
      vertex 9.18632 -10.864 19.5
      vertex 21.8137 -10.864 19.5
      vertex 9.46133 -10.734 19.5
    endloop
  endfacet
  facet normal 0 0 1
    outer loop
      vertex 21.8137 -10.864 19.5
      vertex 9.18632 -10.864 19.5
      vertex 22.1001 -10.9665 19.5
    endloop
  endfacet
  facet normal 0 0 1
    outer loop
      vertex 8.89988 -10.9665 19.5
      vertex 22.1001 -10.9665 19.5
      vertex 9.18632 -10.864 19.5
    endloop
  endfacet
  facet normal 0 0 1
    outer loop
      vertex 22.1001 -10.9665 19.5
      vertex 8.89988 -10.9665 19.5
      vertex 22.3952 -11.0404 19.5
    endloop
  endfacet
  facet normal 0 0 1
    outer loop
      vertex -1.5 -16 19.5
      vertex 22.3952 -11.0404 19.5
      vertex 8.89988 -10.9665 19.5
    endloop
  endfacet
  facet normal 0 0 1
    outer loop
      vertex -1.5 -16 19.5
      vertex 8.89988 -10.9665 19.5
      vertex 8.60478 -11.0404 19.5
    endloop
  endfacet
  facet normal 0 0 1
    outer loop
      vertex -1.5 -16 19.5
      vertex 8.60478 -11.0404 19.5
      vertex 8.30385 -11.0851 19.5
    endloop
  endfacet
  facet normal 0 0 1
    outer loop
      vertex -1.5 -16 19.5
      vertex 8.30385 -11.0851 19.5
      vertex 8 -11.1 19.5
    endloop
  endfacet
  facet normal 0 0 1
    outer loop
      vertex -1.5 -16 19.5
      vertex 8 -11.1 19.5
      vertex 7.69615 -11.0851 19.5
    endloop
  endfacet
  facet normal 0 0 1
    outer loop
      vertex 4.91493 -7.69615 19.5
      vertex -1.5 -16 19.5
      vertex 4.9 -8 19.5
    endloop
  endfacet
  facet normal 0 0 1
    outer loop
      vertex 4.9 -8 19.5
      vertex -1.5 -16 19.5
      vertex 4.91493 -8.30385 19.5
    endloop
  endfacet
  facet normal 0 0 1
    outer loop
      vertex 4.91493 -8.30385 19.5
      vertex -1.5 -16 19.5
      vertex 4.95957 -8.60478 19.5
    endloop
  endfacet
  facet normal 0 0 1
    outer loop
      vertex 4.95957 -8.60478 19.5
      vertex -1.5 -16 19.5
      vertex 5.03348 -8.89988 19.5
    endloop
  endfacet
  facet normal 0 0 1
    outer loop
      vertex 23 -11.1 19.5
      vertex -1.5 -16 19.5
      vertex 50.5 -16 19.5
    endloop
  endfacet
  facet normal 0 0 1
    outer loop
      vertex 7.39522 -11.0404 19.5
      vertex -1.5 -16 19.5
      vertex 7.69615 -11.0851 19.5
    endloop
  endfacet
  facet normal 0 0 1
    outer loop
      vertex 7.10012 -10.9665 19.5
      vertex -1.5 -16 19.5
      vertex 7.39522 -11.0404 19.5
    endloop
  endfacet
  facet normal 0 0 1
    outer loop
      vertex 6.81368 -10.864 19.5
      vertex -1.5 -16 19.5
      vertex 7.10012 -10.9665 19.5
    endloop
  endfacet
  facet normal 0 0 1
    outer loop
      vertex 6.53867 -10.734 19.5
      vertex -1.5 -16 19.5
      vertex 6.81368 -10.864 19.5
    endloop
  endfacet
  facet normal 0 0 1
    outer loop
      vertex 6.27773 -10.5776 19.5
      vertex -1.5 -16 19.5
      vertex 6.53867 -10.734 19.5
    endloop
  endfacet
  facet normal 0 0 1
    outer loop
      vertex 6.03338 -10.3963 19.5
      vertex -1.5 -16 19.5
      vertex 6.27773 -10.5776 19.5
    endloop
  endfacet
  facet normal 0 0 1
    outer loop
      vertex 5.80797 -10.192 19.5
      vertex -1.5 -16 19.5
      vertex 6.03338 -10.3963 19.5
    endloop
  endfacet
  facet normal 0 0 1
    outer loop
      vertex 5.60367 -9.96662 19.5
      vertex -1.5 -16 19.5
      vertex 5.80797 -10.192 19.5
    endloop
  endfacet
  facet normal 0 0 1
    outer loop
      vertex 5.42244 -9.72227 19.5
      vertex -1.5 -16 19.5
      vertex 5.60367 -9.96662 19.5
    endloop
  endfacet
  facet normal 0 0 1
    outer loop
      vertex 5.26604 -9.46133 19.5
      vertex -1.5 -16 19.5
      vertex 5.42244 -9.72227 19.5
    endloop
  endfacet
  facet normal 0 0 1
    outer loop
      vertex 5.13597 -9.18632 19.5
      vertex -1.5 -16 19.5
      vertex 5.26604 -9.46133 19.5
    endloop
  endfacet
  facet normal 0 0 1
    outer loop
      vertex 5.03348 -8.89988 19.5
      vertex -1.5 -16 19.5
      vertex 5.13597 -9.18632 19.5
    endloop
  endfacet
  facet normal 0 0 1
    outer loop
      vertex 50.5 5.5 19.5
      vertex 26.0781 -3.01131 19.5
      vertex 26.0851 -7.69615 19.5
    endloop
  endfacet
  facet normal 0 0 1
    outer loop
      vertex 26.0781 -3.01131 19.5
      vertex 26.0404 -7.39522 19.5
      vertex 26.0851 -7.69615 19.5
    endloop
  endfacet
  facet normal 0 0 1
    outer loop
      vertex 26.0781 -3.01131 19.5
      vertex 25.9665 -7.10012 19.5
      vertex 26.0404 -7.39522 19.5
    endloop
  endfacet
  facet normal 0 0 1
    outer loop
      vertex 26.0781 -3.01131 19.5
      vertex 25.864 -6.81368 19.5
      vertex 25.9665 -7.10012 19.5
    endloop
  endfacet
  facet normal 0 0 1
    outer loop
      vertex 26.0781 -3.01131 19.5
      vertex 25.734 -6.53867 19.5
      vertex 25.864 -6.81368 19.5
    endloop
  endfacet
  facet normal 0 0 1
    outer loop
      vertex 26.0781 -3.01131 19.5
      vertex 25.5776 -6.27773 19.5
      vertex 25.734 -6.53867 19.5
    endloop
  endfacet
  facet normal 0 0 1
    outer loop
      vertex 24.9666 -5.60367 19.5
      vertex 26.0781 -3.01131 19.5
      vertex 25.5618 -3.01131 19.5
    endloop
  endfacet
  facet normal 0 0 1
    outer loop
      vertex 26.0781 -3.01131 19.5
      vertex 25.3963 -6.03338 19.5
      vertex 25.5776 -6.27773 19.5
    endloop
  endfacet
  facet normal 0 0 1
    outer loop
      vertex 26.0781 -3.01131 19.5
      vertex 25.192 -5.80797 19.5
      vertex 25.3963 -6.03338 19.5
    endloop
  endfacet
  facet normal 0 0 1
    outer loop
      vertex 26.0781 -3.01131 19.5
      vertex 24.9666 -5.60367 19.5
      vertex 25.192 -5.80797 19.5
    endloop
  endfacet
  facet normal 0 0 1
    outer loop
      vertex 25.5618 -3.01131 19.5
      vertex 24.7223 -5.42244 19.5
      vertex 24.9666 -5.60367 19.5
    endloop
  endfacet
  facet normal 0 0 1
    outer loop
      vertex 24.6727 -3.01131 19.5
      vertex 25.5618 -3.01131 19.5
      vertex 24.6727 -1.77158 19.5
    endloop
  endfacet
  facet normal 0 0 1
    outer loop
      vertex 25.5618 -3.01131 19.5
      vertex 24.6724 -1.7386 19.5
      vertex 24.6727 -1.77158 19.5
    endloop
  endfacet
  facet normal 0 0 1
    outer loop
      vertex 25.5618 -3.01131 19.5
      vertex 24.6714 -1.70335 19.5
      vertex 24.6724 -1.7386 19.5
    endloop
  endfacet
  facet normal 0 0 1
    outer loop
      vertex 25.5618 -3.01131 19.5
      vertex 24.6697 -1.66582 19.5
      vertex 24.6714 -1.70335 19.5
    endloop
  endfacet
  facet normal 0 0 1
    outer loop
      vertex 25.5618 -3.01131 19.5
      vertex 24.6674 -1.62599 19.5
      vertex 24.6697 -1.66582 19.5
    endloop
  endfacet
  facet normal 0 0 1
    outer loop
      vertex 25.5618 -3.01131 19.5
      vertex 24.6644 -1.58389 19.5
      vertex 24.6674 -1.62599 19.5
    endloop
  endfacet
  facet normal 0 0 1
    outer loop
      vertex 25.5618 -3.01131 19.5
      vertex 24.6608 -1.53951 19.5
      vertex 24.6644 -1.58389 19.5
    endloop
  endfacet
  facet normal 0 0 1
    outer loop
      vertex 25.5618 -3.01131 19.5
      vertex 24.6565 -1.49283 19.5
      vertex 24.6608 -1.53951 19.5
    endloop
  endfacet
  facet normal 0 0 1
    outer loop
      vertex 25.5618 -3.01131 19.5
      vertex 24.6515 -1.44386 19.5
      vertex 24.6565 -1.49283 19.5
    endloop
  endfacet
  facet normal -0 -0 1
    outer loop
      vertex 24.6515 -1.44386 19.5
      vertex 25.5618 -3.01131 19.5
      vertex 24.6459 -1.39262 19.5
    endloop
  endfacet
  facet normal 0 0 1
    outer loop
      vertex 25.7084 -2.49179 19.5
      vertex 24.7846 -0.909271 19.5
      vertex 25.714 -2.54137 19.5
    endloop
  endfacet
  facet normal 0 0 1
    outer loop
      vertex 25.7034 -2.44322 19.5
      vertex 24.7846 -0.909271 19.5
      vertex 25.7084 -2.49179 19.5
    endloop
  endfacet
  facet normal 0 0 1
    outer loop
      vertex 25.6991 -2.39566 19.5
      vertex 24.7846 -0.909271 19.5
      vertex 25.7034 -2.44322 19.5
    endloop
  endfacet
  facet normal 0 0 1
    outer loop
      vertex 25.6955 -2.34908 19.5
      vertex 24.7846 -0.909271 19.5
      vertex 25.6991 -2.39566 19.5
    endloop
  endfacet
  facet normal 0 0 1
    outer loop
      vertex 25.6925 -2.3035 19.5
      vertex 24.7846 -0.909271 19.5
      vertex 25.6955 -2.34908 19.5
    endloop
  endfacet
  facet normal 0 0 1
    outer loop
      vertex 25.6902 -2.2589 19.5
      vertex 24.7846 -0.909271 19.5
      vertex 25.6925 -2.3035 19.5
    endloop
  endfacet
  facet normal 0 0 1
    outer loop
      vertex 25.6885 -2.2153 19.5
      vertex 24.7846 -0.909271 19.5
      vertex 25.6902 -2.2589 19.5
    endloop
  endfacet
  facet normal 0 0 1
    outer loop
      vertex 25.6875 -2.17271 19.5
      vertex 24.7846 -0.909271 19.5
      vertex 25.6885 -2.2153 19.5
    endloop
  endfacet
  facet normal 0 0 1
    outer loop
      vertex 24.7846 -0.909271 19.5
      vertex 25.6875 -2.17271 19.5
      vertex 25.6872 -2.1311 19.5
    endloop
  endfacet
  facet normal 0 0 1
    outer loop
      vertex 24.4613 -5.26604 19.5
      vertex 25.5618 -3.01131 19.5
      vertex 24.6727 -3.01131 19.5
    endloop
  endfacet
  facet normal 0 0 1
    outer loop
      vertex 25.5618 -3.01131 19.5
      vertex 24.4613 -5.26604 19.5
      vertex 24.7223 -5.42244 19.5
    endloop
  endfacet
  facet normal 0 0 1
    outer loop
      vertex 24.1863 -5.13597 19.5
      vertex 24.6727 -3.01131 19.5
      vertex 24.2818 -3.01131 19.5
    endloop
  endfacet
  facet normal 0 0 1
    outer loop
      vertex 24.6727 -3.01131 19.5
      vertex 24.1863 -5.13597 19.5
      vertex 24.4613 -5.26604 19.5
    endloop
  endfacet
  facet normal 0 0 1
    outer loop
      vertex 24.2818 -3.01131 19.5
      vertex 23.9425 -2.20122 19.5
      vertex 23.9395 -2.28786 19.5
    endloop
  endfacet
  facet normal 0 0 1
    outer loop
      vertex 24.2818 -3.01131 19.5
      vertex 23.9395 -2.28786 19.5
      vertex 23.9303 -2.37004 19.5
    endloop
  endfacet
  facet normal -0 0 1
    outer loop
      vertex 23.9151 -2.4478 19.5
      vertex 24.2818 -3.01131 19.5
      vertex 23.9303 -2.37004 19.5
    endloop
  endfacet
  facet normal -0 0 1
    outer loop
      vertex 23.8938 -2.52112 19.5
      vertex 24.2818 -3.01131 19.5
      vertex 23.9151 -2.4478 19.5
    endloop
  endfacet
  facet normal -0 0 1
    outer loop
      vertex 23.8663 -2.58998 19.5
      vertex 24.2818 -3.01131 19.5
      vertex 23.8938 -2.52112 19.5
    endloop
  endfacet
  facet normal -0 0 1
    outer loop
      vertex 23.8328 -2.65442 19.5
      vertex 24.2818 -3.01131 19.5
      vertex 23.8663 -2.58998 19.5
    endloop
  endfacet
  facet normal -0 0 1
    outer loop
      vertex 23.7932 -2.71442 19.5
      vertex 24.2818 -3.01131 19.5
      vertex 23.8328 -2.65442 19.5
    endloop
  endfacet
  facet normal -0 0 1
    outer loop
      vertex 23.7475 -2.76997 19.5
      vertex 24.2818 -3.01131 19.5
      vertex 23.7932 -2.71442 19.5
    endloop
  endfacet
  facet normal -0 0 1
    outer loop
      vertex 23.6956 -2.82109 19.5
      vertex 24.2818 -3.01131 19.5
      vertex 23.7475 -2.76997 19.5
    endloop
  endfacet
  facet normal -0 0 1
    outer loop
      vertex 23.6383 -2.86728 19.5
      vertex 24.2818 -3.01131 19.5
      vertex 23.6956 -2.82109 19.5
    endloop
  endfacet
  facet normal 0 0 1
    outer loop
      vertex 24.2818 -3.01131 19.5
      vertex 23.8999 -5.03348 19.5
      vertex 24.1863 -5.13597 19.5
    endloop
  endfacet
  facet normal -0 0 1
    outer loop
      vertex 23.576 -2.90802 19.5
      vertex 24.2818 -3.01131 19.5
      vertex 23.6383 -2.86728 19.5
    endloop
  endfacet
  facet normal -0 0 1
    outer loop
      vertex 23.5087 -2.94334 19.5
      vertex 24.2818 -3.01131 19.5
      vertex 23.576 -2.90802 19.5
    endloop
  endfacet
  facet normal -0 0 1
    outer loop
      vertex 23.4365 -2.97322 19.5
      vertex 24.2818 -3.01131 19.5
      vertex 23.5087 -2.94334 19.5
    endloop
  endfacet
  facet normal 0 0 1
    outer loop
      vertex 24.2818 -3.01131 19.5
      vertex 23.6048 -4.95957 19.5
      vertex 23.8999 -5.03348 19.5
    endloop
  endfacet
  facet normal 0 0 1
    outer loop
      vertex 24.2818 -3.01131 19.5
      vertex 23.4365 -2.97322 19.5
      vertex 23.6048 -4.95957 19.5
    endloop
  endfacet
  facet normal -0 0 1
    outer loop
      vertex 23.3594 -2.99767 19.5
      vertex 23.6048 -4.95957 19.5
      vertex 23.4365 -2.97322 19.5
    endloop
  endfacet
  facet normal 0 0 1
    outer loop
      vertex 23.3594 -2.99767 19.5
      vertex 23.3039 -4.91493 19.5
      vertex 23.6048 -4.95957 19.5
    endloop
  endfacet
  facet normal -0 0 1
    outer loop
      vertex 23.2772 -3.01669 19.5
      vertex 23.3039 -4.91493 19.5
      vertex 23.3594 -2.99767 19.5
    endloop
  endfacet
  facet normal -0 0 1
    outer loop
      vertex 23.1902 -3.03027 19.5
      vertex 23.3039 -4.91493 19.5
      vertex 23.2772 -3.01669 19.5
    endloop
  endfacet
  facet normal -0 0 1
    outer loop
      vertex 23.0981 -3.03842 19.5
      vertex 23.3039 -4.91493 19.5
      vertex 23.1902 -3.03027 19.5
    endloop
  endfacet
  facet normal 0 0 1
    outer loop
      vertex 23 -4.9 19.5
      vertex 23.0981 -3.03842 19.5
      vertex 23.0012 -3.04114 19.5
    endloop
  endfacet
  facet normal 0 0 1
    outer loop
      vertex 23.0981 -3.03842 19.5
      vertex 23 -4.9 19.5
      vertex 23.3039 -4.91493 19.5
    endloop
  endfacet
  facet normal 0 0 1
    outer loop
      vertex 22.9072 -3.03853 19.5
      vertex 23 -4.9 19.5
      vertex 23.0012 -3.04114 19.5
    endloop
  endfacet
  facet normal 0 0 1
    outer loop
      vertex 22.6961 -4.91493 19.5
      vertex 22.9072 -3.03853 19.5
      vertex 22.8183 -3.03067 19.5
    endloop
  endfacet
  facet normal 0 0 1
    outer loop
      vertex 22.6961 -4.91493 19.5
      vertex 22.8183 -3.03067 19.5
      vertex 22.7344 -3.01759 19.5
    endloop
  endfacet
  facet normal 0 0 1
    outer loop
      vertex 22.9072 -3.03853 19.5
      vertex 22.6961 -4.91493 19.5
      vertex 23 -4.9 19.5
    endloop
  endfacet
  facet normal 0 0 1
    outer loop
      vertex 22.6555 -2.9993 19.5
      vertex 22.6961 -4.91493 19.5
      vertex 22.7344 -3.01759 19.5
    endloop
  endfacet
  facet normal 0 0 1
    outer loop
      vertex 22.3952 -4.95957 19.5
      vertex 22.6555 -2.9993 19.5
      vertex 22.5817 -2.97575 19.5
    endloop
  endfacet
  facet normal 0 0 1
    outer loop
      vertex 22.3952 -4.95957 19.5
      vertex 22.5817 -2.97575 19.5
      vertex 22.5128 -2.94699 19.5
    endloop
  endfacet
  facet normal 0 0 1
    outer loop
      vertex 22.1001 -5.03348 19.5
      vertex 22.5128 -2.94699 19.5
      vertex 22.4491 -2.91299 19.5
    endloop
  endfacet
  facet normal 0 0 1
    outer loop
      vertex 22.6555 -2.9993 19.5
      vertex 22.3952 -4.95957 19.5
      vertex 22.6961 -4.91493 19.5
    endloop
  endfacet
  facet normal 0 0 1
    outer loop
      vertex 22.1001 -5.03348 19.5
      vertex 22.4491 -2.91299 19.5
      vertex 22.3903 -2.87376 19.5
    endloop
  endfacet
  facet normal 0 0 1
    outer loop
      vertex 22.1001 -5.03348 19.5
      vertex 22.3903 -2.87376 19.5
      vertex 22.3365 -2.8293 19.5
    endloop
  endfacet
  facet normal 0 0 1
    outer loop
      vertex 22.1001 -5.03348 19.5
      vertex 22.3365 -2.8293 19.5
      vertex 22.2882 -2.77997 19.5
    endloop
  endfacet
  facet normal 0 0 1
    outer loop
      vertex 22.1001 -5.03348 19.5
      vertex 22.2882 -2.77997 19.5
      vertex 22.2455 -2.72615 19.5
    endloop
  endfacet
  facet normal 0 0 1
    outer loop
      vertex 22.1001 -5.03348 19.5
      vertex 22.2455 -2.72615 19.5
      vertex 22.2085 -2.66783 19.5
    endloop
  endfacet
  facet normal 0 0 1
    outer loop
      vertex 22.1001 -5.03348 19.5
      vertex 22.2085 -2.66783 19.5
      vertex 22.1772 -2.60503 19.5
    endloop
  endfacet
  facet normal 0 0 1
    outer loop
      vertex 22.1001 -5.03348 19.5
      vertex 22.1772 -2.60503 19.5
      vertex 22.1516 -2.53773 19.5
    endloop
  endfacet
  facet normal 0 0 1
    outer loop
      vertex 22.1001 -5.03348 19.5
      vertex 22.1516 -2.53773 19.5
      vertex 22.1317 -2.46594 19.5
    endloop
  endfacet
  facet normal 0 0 1
    outer loop
      vertex 22.1001 -5.03348 19.5
      vertex 22.1317 -2.46594 19.5
      vertex 22.1174 -2.38965 19.5
    endloop
  endfacet
  facet normal 0 0 1
    outer loop
      vertex 22.5128 -2.94699 19.5
      vertex 22.1001 -5.03348 19.5
      vertex 22.3952 -4.95957 19.5
    endloop
  endfacet
  facet normal 0 0 1
    outer loop
      vertex 22.1089 -2.30887 19.5
      vertex 22.1001 -5.03348 19.5
      vertex 22.1174 -2.38965 19.5
    endloop
  endfacet
  facet normal 0 0 1
    outer loop
      vertex 22.1001 -5.03348 19.5
      vertex 22.1089 -2.30887 19.5
      vertex 22.1061 -2.2236 19.5
    endloop
  endfacet
  facet normal 0 0 1
    outer loop
      vertex 22.6925 -2.59456 19.5
      vertex 22.5989 -2.46809 19.5
      vertex 22.6648 -2.56747 19.5
    endloop
  endfacet
  facet normal -0 0 1
    outer loop
      vertex 21.4162 -3.01131 19.5
      vertex 22.1001 -5.03348 19.5
      vertex 21.9115 -3.01131 19.5
    endloop
  endfacet
  facet normal 0 0 1
    outer loop
      vertex 22.1001 -5.03348 19.5
      vertex 21.4162 -3.01131 19.5
      vertex 21.8137 -5.13597 19.5
    endloop
  endfacet
  facet normal 0 0 1
    outer loop
      vertex 21.8137 -5.13597 19.5
      vertex 21.4162 -3.01131 19.5
      vertex 21.5387 -5.26604 19.5
    endloop
  endfacet
  facet normal -0 0 1
    outer loop
      vertex 20.4121 -3.01131 19.5
      vertex 21.5387 -5.26604 19.5
      vertex 21.4162 -3.01131 19.5
    endloop
  endfacet
  facet normal 0 0 1
    outer loop
      vertex 21.5387 -5.26604 19.5
      vertex 20.4121 -3.01131 19.5
      vertex 21.2777 -5.42244 19.5
    endloop
  endfacet
  facet normal 0 0 1
    outer loop
      vertex 20.4121 -3.01131 19.5
      vertex 21.4162 -3.01131 19.5
      vertex 20.9283 -2.21315 19.5
    endloop
  endfacet
  facet normal 0 0 1
    outer loop
      vertex 21.2777 -5.42244 19.5
      vertex 20.4121 -3.01131 19.5
      vertex 21.0334 -5.60367 19.5
    endloop
  endfacet
  facet normal -0 0 1
    outer loop
      vertex 19.972 -3.01131 19.5
      vertex 21.0334 -5.60367 19.5
      vertex 20.4121 -3.01131 19.5
    endloop
  endfacet
  facet normal 0 0 1
    outer loop
      vertex 21.0334 -5.60367 19.5
      vertex 19.972 -3.01131 19.5
      vertex 20.808 -5.80797 19.5
    endloop
  endfacet
  facet normal 0 0 1
    outer loop
      vertex 20.4121 -3.01131 19.5
      vertex 20.9283 -2.21315 19.5
      vertex 20.4121 -2.21315 19.5
    endloop
  endfacet
  facet normal 0 0 1
    outer loop
      vertex 20.808 -5.80797 19.5
      vertex 19.972 -3.01131 19.5
      vertex 20.6037 -6.03338 19.5
    endloop
  endfacet
  facet normal 0 0 1
    outer loop
      vertex 20.6037 -6.03338 19.5
      vertex 19.972 -3.01131 19.5
      vertex 20.4224 -6.27773 19.5
    endloop
  endfacet
  facet normal 0 0 1
    outer loop
      vertex 20.4224 -6.27773 19.5
      vertex 19.972 -3.01131 19.5
      vertex 20.266 -6.53867 19.5
    endloop
  endfacet
  facet normal 0 0 1
    outer loop
      vertex 20.266 -6.53867 19.5
      vertex 19.972 -3.01131 19.5
      vertex 20.136 -6.81368 19.5
    endloop
  endfacet
  facet normal 0 0 1
    outer loop
      vertex 20.136 -6.81368 19.5
      vertex 19.972 -3.01131 19.5
      vertex 20.0335 -7.10012 19.5
    endloop
  endfacet
  facet normal 0 0 1
    outer loop
      vertex 20.0335 -7.10012 19.5
      vertex 19.972 -3.01131 19.5
      vertex 19.9596 -7.39522 19.5
    endloop
  endfacet
  facet normal 0 0 1
    outer loop
      vertex 22.1061 -2.2236 19.5
      vertex 21.8055 -1.58417 19.5
      vertex 21.8009 -1.631 19.5
    endloop
  endfacet
  facet normal 0 0 1
    outer loop
      vertex 22.1061 -2.2236 19.5
      vertex 21.8009 -1.631 19.5
      vertex 21.7931 -1.67635 19.5
    endloop
  endfacet
  facet normal -0 0 1
    outer loop
      vertex 21.7823 -1.72018 19.5
      vertex 22.1061 -2.2236 19.5
      vertex 21.7931 -1.67635 19.5
    endloop
  endfacet
  facet normal -0 0 1
    outer loop
      vertex 21.7684 -1.76254 19.5
      vertex 22.1061 -2.2236 19.5
      vertex 21.7823 -1.72018 19.5
    endloop
  endfacet
  facet normal -0 0 1
    outer loop
      vertex 21.7513 -1.80341 19.5
      vertex 22.1061 -2.2236 19.5
      vertex 21.7684 -1.76254 19.5
    endloop
  endfacet
  facet normal -0 0 1
    outer loop
      vertex 21.7312 -1.84277 19.5
      vertex 22.1061 -2.2236 19.5
      vertex 21.7513 -1.80341 19.5
    endloop
  endfacet
  facet normal -0 0 1
    outer loop
      vertex 21.708 -1.88066 19.5
      vertex 22.1061 -2.2236 19.5
      vertex 21.7312 -1.84277 19.5
    endloop
  endfacet
  facet normal -0 0 1
    outer loop
      vertex 21.6817 -1.91704 19.5
      vertex 22.1061 -2.2236 19.5
      vertex 21.708 -1.88066 19.5
    endloop
  endfacet
  facet normal -0 0 1
    outer loop
      vertex 21.6528 -1.95132 19.5
      vertex 22.1061 -2.2236 19.5
      vertex 21.6817 -1.91704 19.5
    endloop
  endfacet
  facet normal -0 0 1
    outer loop
      vertex 21.6217 -1.98289 19.5
      vertex 22.1061 -2.2236 19.5
      vertex 21.6528 -1.95132 19.5
    endloop
  endfacet
  facet normal -0 0 1
    outer loop
      vertex 21.5884 -2.01175 19.5
      vertex 22.1061 -2.2236 19.5
      vertex 21.6217 -1.98289 19.5
    endloop
  endfacet
  facet normal -0 0 1
    outer loop
      vertex 21.5529 -2.03792 19.5
      vertex 22.1061 -2.2236 19.5
      vertex 21.5884 -2.01175 19.5
    endloop
  endfacet
  facet normal -0 0 1
    outer loop
      vertex 21.5153 -2.06137 19.5
      vertex 22.1061 -2.2236 19.5
      vertex 21.5529 -2.03792 19.5
    endloop
  endfacet
  facet normal -0 0 1
    outer loop
      vertex 21.4755 -2.08211 19.5
      vertex 22.1061 -2.2236 19.5
      vertex 21.5153 -2.06137 19.5
    endloop
  endfacet
  facet normal 0 0 1
    outer loop
      vertex 22.1061 -2.2236 19.5
      vertex 21.4755 -2.08211 19.5
      vertex 21.9115 -3.01131 19.5
    endloop
  endfacet
  facet normal -0 0 1
    outer loop
      vertex 21.4335 -2.10016 19.5
      vertex 21.9115 -3.01131 19.5
      vertex 21.4755 -2.08211 19.5
    endloop
  endfacet
  facet normal -0 0 1
    outer loop
      vertex 21.3894 -2.11549 19.5
      vertex 21.9115 -3.01131 19.5
      vertex 21.4335 -2.10016 19.5
    endloop
  endfacet
  facet normal 0 0 1
    outer loop
      vertex 21.9115 -3.01131 19.5
      vertex 21.3894 -2.11549 19.5
      vertex 21.3431 -2.12811 19.5
    endloop
  endfacet
  facet normal 0 0 1
    outer loop
      vertex 19.9 -8 19.5
      vertex 11.0851 -7.69615 19.5
      vertex 11.1 -8 19.5
    endloop
  endfacet
  facet normal 0 0 1
    outer loop
      vertex 19.9149 -7.69615 19.5
      vertex 11.0851 -7.69615 19.5
      vertex 19.9 -8 19.5
    endloop
  endfacet
  facet normal 0 -0 1
    outer loop
      vertex 11.0851 -7.69615 19.5
      vertex 19.9149 -7.69615 19.5
      vertex 11.0404 -7.39522 19.5
    endloop
  endfacet
  facet normal 0 0 1
    outer loop
      vertex 19.9596 -7.39522 19.5
      vertex 11.0404 -7.39522 19.5
      vertex 19.9149 -7.69615 19.5
    endloop
  endfacet
  facet normal 0 0 1
    outer loop
      vertex 11.0895 -3.02711 19.5
      vertex 10.734 -6.53867 19.5
      vertex 10.864 -6.81368 19.5
    endloop
  endfacet
  facet normal 0 0 1
    outer loop
      vertex 11.0895 -3.02711 19.5
      vertex 10.5776 -6.27773 19.5
      vertex 10.734 -6.53867 19.5
    endloop
  endfacet
  facet normal 0 0 1
    outer loop
      vertex 9.96662 -5.60367 19.5
      vertex 11.0895 -3.02711 19.5
      vertex 10.5703 -3.02711 19.5
    endloop
  endfacet
  facet normal 0 0 1
    outer loop
      vertex 11.0895 -3.02711 19.5
      vertex 10.3963 -6.03338 19.5
      vertex 10.5776 -6.27773 19.5
    endloop
  endfacet
  facet normal 0 0 1
    outer loop
      vertex 11.0895 -3.02711 19.5
      vertex 10.192 -5.80797 19.5
      vertex 10.3963 -6.03338 19.5
    endloop
  endfacet
  facet normal 0 0 1
    outer loop
      vertex 11.0895 -3.02711 19.5
      vertex 9.96662 -5.60367 19.5
      vertex 10.192 -5.80797 19.5
    endloop
  endfacet
  facet normal 0 0 1
    outer loop
      vertex 9.55583 -3.02711 19.5
      vertex 10.5703 -3.02711 19.5
      vertex 9.81541 -2.06187 19.5
    endloop
  endfacet
  facet normal 0 0 1
    outer loop
      vertex 9.46133 -5.26604 19.5
      vertex 10.5703 -3.02711 19.5
      vertex 9.55583 -3.02711 19.5
    endloop
  endfacet
  facet normal 0 0 1
    outer loop
      vertex 9.55583 -3.02711 19.5
      vertex 9.81541 -2.06187 19.5
      vertex 9.55583 -2.26028 19.5
    endloop
  endfacet
  facet normal 0 0 1
    outer loop
      vertex 10.5703 -3.02711 19.5
      vertex 9.72227 -5.42244 19.5
      vertex 9.96662 -5.60367 19.5
    endloop
  endfacet
  facet normal 0 0 1
    outer loop
      vertex 10.5703 -3.02711 19.5
      vertex 9.46133 -5.26604 19.5
      vertex 9.72227 -5.42244 19.5
    endloop
  endfacet
  facet normal 0 0 1
    outer loop
      vertex 9.55583 -3.02711 19.5
      vertex 9.18632 -5.13597 19.5
      vertex 9.46133 -5.26604 19.5
    endloop
  endfacet
  facet normal 0 0 1
    outer loop
      vertex 8.89988 -5.03348 19.5
      vertex 9.55583 -3.02711 19.5
      vertex 9.11572 -3.02711 19.5
    endloop
  endfacet
  facet normal 0 0 1
    outer loop
      vertex 9.55583 -3.02711 19.5
      vertex 8.89988 -5.03348 19.5
      vertex 9.18632 -5.13597 19.5
    endloop
  endfacet
  facet normal 0 0 1
    outer loop
      vertex 11.0895 -3.02711 19.5
      vertex 11.0164 -0.925079 19.5
      vertex 10.1183 -1.81422 19.5
    endloop
  endfacet
  facet normal 0 0 1
    outer loop
      vertex 10.5032 -0.925079 19.5
      vertex 9.55583 -0.925079 19.5
      vertex 9.55583 -1.87839 19.5
    endloop
  endfacet
  facet normal 0 0 1
    outer loop
      vertex 9.11572 -3.02711 19.5
      vertex 8.86098 -3.02711 19.5
      vertex 8.89988 -5.03348 19.5
    endloop
  endfacet
  facet normal 0 0 1
    outer loop
      vertex 8.86098 -3.02711 19.5
      vertex 8.60478 -4.95957 19.5
      vertex 8.89988 -5.03348 19.5
    endloop
  endfacet
  facet normal 0 0 1
    outer loop
      vertex 8.86098 -3.02711 19.5
      vertex 8.30385 -4.91493 19.5
      vertex 8.60478 -4.95957 19.5
    endloop
  endfacet
  facet normal 0 0 1
    outer loop
      vertex 8.86098 -3.02711 19.5
      vertex 8 -4.9 19.5
      vertex 8.30385 -4.91493 19.5
    endloop
  endfacet
  facet normal -0 0 1
    outer loop
      vertex 7.29303 -3.02711 19.5
      vertex 8 -4.9 19.5
      vertex 8.86098 -3.02711 19.5
    endloop
  endfacet
  facet normal 0 0 1
    outer loop
      vertex 8 -4.9 19.5
      vertex 7.29303 -3.02711 19.5
      vertex 7.69615 -4.91493 19.5
    endloop
  endfacet
  facet normal 0 0 1
    outer loop
      vertex 7.69615 -4.91493 19.5
      vertex 7.29303 -3.02711 19.5
      vertex 7.39522 -4.95957 19.5
    endloop
  endfacet
  facet normal 0 0 1
    outer loop
      vertex 7.39522 -4.95957 19.5
      vertex 7.29303 -3.02711 19.5
      vertex 7.10012 -5.03348 19.5
    endloop
  endfacet
  facet normal 0 0 1
    outer loop
      vertex 8.86098 -2.68698 19.5
      vertex 7.73314 -0.925079 19.5
      vertex 7.73314 -2.68698 19.5
    endloop
  endfacet
  facet normal -0 0 1
    outer loop
      vertex 6.99594 -2.5833 19.5
      vertex 7.29303 -3.02711 19.5
      vertex 7.02774 -2.52144 19.5
    endloop
  endfacet
  facet normal -0 0 1
    outer loop
      vertex 6.96129 -2.64131 19.5
      vertex 7.29303 -3.02711 19.5
      vertex 6.99594 -2.5833 19.5
    endloop
  endfacet
  facet normal -0 0 1
    outer loop
      vertex 6.92378 -2.69547 19.5
      vertex 7.29303 -3.02711 19.5
      vertex 6.96129 -2.64131 19.5
    endloop
  endfacet
  facet normal -0 0 1
    outer loop
      vertex 6.88342 -2.74577 19.5
      vertex 7.29303 -3.02711 19.5
      vertex 6.92378 -2.69547 19.5
    endloop
  endfacet
  facet normal -0 0 1
    outer loop
      vertex 6.84019 -2.79224 19.5
      vertex 7.29303 -3.02711 19.5
      vertex 6.88342 -2.74577 19.5
    endloop
  endfacet
  facet normal -0 0 1
    outer loop
      vertex 6.79413 -2.83484 19.5
      vertex 7.29303 -3.02711 19.5
      vertex 6.84019 -2.79224 19.5
    endloop
  endfacet
  facet normal -0 0 1
    outer loop
      vertex 6.74519 -2.87361 19.5
      vertex 7.29303 -3.02711 19.5
      vertex 6.79413 -2.83484 19.5
    endloop
  endfacet
  facet normal -0 0 1
    outer loop
      vertex 6.69342 -2.90851 19.5
      vertex 7.29303 -3.02711 19.5
      vertex 6.74519 -2.87361 19.5
    endloop
  endfacet
  facet normal -0 0 1
    outer loop
      vertex 6.63904 -2.93967 19.5
      vertex 7.29303 -3.02711 19.5
      vertex 6.69342 -2.90851 19.5
    endloop
  endfacet
  facet normal -0 0 1
    outer loop
      vertex 6.58232 -2.96716 19.5
      vertex 7.29303 -3.02711 19.5
      vertex 6.63904 -2.93967 19.5
    endloop
  endfacet
  facet normal -0 0 1
    outer loop
      vertex 6.52325 -2.99098 19.5
      vertex 7.29303 -3.02711 19.5
      vertex 6.58232 -2.96716 19.5
    endloop
  endfacet
  facet normal 0 0 1
    outer loop
      vertex 7.29303 -3.02711 19.5
      vertex 6.52325 -2.99098 19.5
      vertex 7.10012 -5.03348 19.5
    endloop
  endfacet
  facet normal -0 0 1
    outer loop
      vertex 6.46187 -3.01114 19.5
      vertex 7.10012 -5.03348 19.5
      vertex 6.52325 -2.99098 19.5
    endloop
  endfacet
  facet normal -0 0 1
    outer loop
      vertex 6.39813 -3.02763 19.5
      vertex 7.10012 -5.03348 19.5
      vertex 6.46187 -3.01114 19.5
    endloop
  endfacet
  facet normal 0 0 1
    outer loop
      vertex 7.10012 -5.03348 19.5
      vertex 6.39813 -3.02763 19.5
      vertex 6.81368 -5.13597 19.5
    endloop
  endfacet
  facet normal -0 0 1
    outer loop
      vertex 6.33205 -3.04045 19.5
      vertex 6.81368 -5.13597 19.5
      vertex 6.39813 -3.02763 19.5
    endloop
  endfacet
  facet normal -0 0 1
    outer loop
      vertex 6.26364 -3.04962 19.5
      vertex 6.81368 -5.13597 19.5
      vertex 6.33205 -3.04045 19.5
    endloop
  endfacet
  facet normal -0 0 1
    outer loop
      vertex 6.19289 -3.05511 19.5
      vertex 6.81368 -5.13597 19.5
      vertex 6.26364 -3.04962 19.5
    endloop
  endfacet
  facet normal 0 0 1
    outer loop
      vertex 6.81368 -5.13597 19.5
      vertex 6.19289 -3.05511 19.5
      vertex 6.53867 -5.26604 19.5
    endloop
  endfacet
  facet normal -0 0 1
    outer loop
      vertex 6.11978 -3.05695 19.5
      vertex 6.53867 -5.26604 19.5
      vertex 6.19289 -3.05511 19.5
    endloop
  endfacet
  facet normal 0 0 1
    outer loop
      vertex 6.00992 -3.05341 19.5
      vertex 6.53867 -5.26604 19.5
      vertex 6.11978 -3.05695 19.5
    endloop
  endfacet
  facet normal 0 0 1
    outer loop
      vertex 5.90573 -3.04277 19.5
      vertex 6.53867 -5.26604 19.5
      vertex 6.00992 -3.05341 19.5
    endloop
  endfacet
  facet normal 0 0 1
    outer loop
      vertex 6.53867 -5.26604 19.5
      vertex 5.90573 -3.04277 19.5
      vertex 6.27773 -5.42244 19.5
    endloop
  endfacet
  facet normal 0 0 1
    outer loop
      vertex 5.80724 -3.02504 19.5
      vertex 6.27773 -5.42244 19.5
      vertex 5.90573 -3.04277 19.5
    endloop
  endfacet
  facet normal 0 0 1
    outer loop
      vertex 5.71445 -3.00021 19.5
      vertex 6.27773 -5.42244 19.5
      vertex 5.80724 -3.02504 19.5
    endloop
  endfacet
  facet normal 0 0 1
    outer loop
      vertex 6.27773 -5.42244 19.5
      vertex 5.71445 -3.00021 19.5
      vertex 6.03338 -5.60367 19.5
    endloop
  endfacet
  facet normal 0 0 1
    outer loop
      vertex 5.62733 -2.96831 19.5
      vertex 6.03338 -5.60367 19.5
      vertex 5.71445 -3.00021 19.5
    endloop
  endfacet
  facet normal 0 0 1
    outer loop
      vertex 5.54591 -2.92931 19.5
      vertex 6.03338 -5.60367 19.5
      vertex 5.62733 -2.96831 19.5
    endloop
  endfacet
  facet normal 0 0 1
    outer loop
      vertex 6.03338 -5.60367 19.5
      vertex 5.54591 -2.92931 19.5
      vertex 5.80797 -5.80797 19.5
    endloop
  endfacet
  facet normal 0 0 1
    outer loop
      vertex 5.47018 -2.88322 19.5
      vertex 5.80797 -5.80797 19.5
      vertex 5.54591 -2.92931 19.5
    endloop
  endfacet
  facet normal 0 0 1
    outer loop
      vertex 5.80797 -5.80797 19.5
      vertex 5.47018 -2.88322 19.5
      vertex 5.60367 -6.03338 19.5
    endloop
  endfacet
  facet normal 0 0 1
    outer loop
      vertex 5.40015 -2.83003 19.5
      vertex 5.60367 -6.03338 19.5
      vertex 5.47018 -2.88322 19.5
    endloop
  endfacet
  facet normal 0 0 1
    outer loop
      vertex 5.3358 -2.76976 19.5
      vertex 5.60367 -6.03338 19.5
      vertex 5.40015 -2.83003 19.5
    endloop
  endfacet
  facet normal 0 0 1
    outer loop
      vertex 5.60367 -6.03338 19.5
      vertex 5.3358 -2.76976 19.5
      vertex 5.42244 -6.27773 19.5
    endloop
  endfacet
  facet normal 0 0 1
    outer loop
      vertex 5.27771 -2.70311 19.5
      vertex 5.42244 -6.27773 19.5
      vertex 5.3358 -2.76976 19.5
    endloop
  endfacet
  facet normal 0 0 1
    outer loop
      vertex 5.22647 -2.63081 19.5
      vertex 5.42244 -6.27773 19.5
      vertex 5.27771 -2.70311 19.5
    endloop
  endfacet
  facet normal 0 0 1
    outer loop
      vertex 5.42244 -6.27773 19.5
      vertex 5.22647 -2.63081 19.5
      vertex 5.26604 -6.53867 19.5
    endloop
  endfacet
  facet normal 0 0 1
    outer loop
      vertex 5.18205 -2.55286 19.5
      vertex 5.26604 -6.53867 19.5
      vertex 5.22647 -2.63081 19.5
    endloop
  endfacet
  facet normal 0 0 1
    outer loop
      vertex 5.13597 -6.81368 19.5
      vertex 5.18205 -2.55286 19.5
      vertex 5.14447 -2.46925 19.5
    endloop
  endfacet
  facet normal 0 0 1
    outer loop
      vertex 5.18205 -2.55286 19.5
      vertex 5.13597 -6.81368 19.5
      vertex 5.26604 -6.53867 19.5
    endloop
  endfacet
  facet normal 0 0 1
    outer loop
      vertex 5.11372 -2.37999 19.5
      vertex 5.13597 -6.81368 19.5
      vertex 5.14447 -2.46925 19.5
    endloop
  endfacet
  facet normal 0 0 1
    outer loop
      vertex 5.03348 -7.10012 19.5
      vertex 5.11372 -2.37999 19.5
      vertex 5.08981 -2.28506 19.5
    endloop
  endfacet
  facet normal 0 0 1
    outer loop
      vertex 4.95957 -7.39522 19.5
      vertex 5.08981 -2.28506 19.5
      vertex 5.07272 -2.18449 19.5
    endloop
  endfacet
  facet normal 0 0 1
    outer loop
      vertex 4.95957 -7.39522 19.5
      vertex 5.07272 -2.18449 19.5
      vertex 5.06247 -2.07826 19.5
    endloop
  endfacet
  facet normal 0 0 1
    outer loop
      vertex -1.5 5.5 19.5
      vertex 5.06247 -2.07826 19.5
      vertex 5.05905 -1.9664 19.5
    endloop
  endfacet
  facet normal 0 0 1
    outer loop
      vertex 5.11372 -2.37999 19.5
      vertex 5.03348 -7.10012 19.5
      vertex 5.13597 -6.81368 19.5
    endloop
  endfacet
  facet normal 0 0 1
    outer loop
      vertex 7.02985 -1.47858 19.5
      vertex 6.67326 -2.31102 19.5
      vertex 7.05669 -2.45573 19.5
    endloop
  endfacet
  facet normal -0 0 1
    outer loop
      vertex 6.64194 -1.58449 19.5
      vertex 6.67326 -2.31102 19.5
      vertex 7.02985 -1.47858 19.5
    endloop
  endfacet
  facet normal -0 0 1
    outer loop
      vertex 5.50217 -1.9664 19.5
      vertex 6.67326 -2.31102 19.5
      vertex 6.64194 -1.58449 19.5
    endloop
  endfacet
  facet normal 0 0 1
    outer loop
      vertex 6.38223 -1.29628 19.5
      vertex 6.64194 -1.58449 19.5
      vertex 6.62984 -1.55014 19.5
    endloop
  endfacet
  facet normal 0 0 1
    outer loop
      vertex 6.38223 -1.29628 19.5
      vertex 6.62984 -1.55014 19.5
      vertex 6.61539 -1.51741 19.5
    endloop
  endfacet
  facet normal 0 0 1
    outer loop
      vertex 6.38223 -1.29628 19.5
      vertex 6.61539 -1.51741 19.5
      vertex 6.5986 -1.48627 19.5
    endloop
  endfacet
  facet normal -0 -0 1
    outer loop
      vertex 5.50412 -2.04483 19.5
      vertex 6.67326 -2.31102 19.5
      vertex 5.50217 -1.9664 19.5
    endloop
  endfacet
  facet normal 0 0 1
    outer loop
      vertex 6.38223 -1.29628 19.5
      vertex 6.5986 -1.48627 19.5
      vertex 6.57947 -1.45674 19.5
    endloop
  endfacet
  facet normal 0 0 1
    outer loop
      vertex 6.38223 -1.29628 19.5
      vertex 6.57947 -1.45674 19.5
      vertex 6.55801 -1.4288 19.5
    endloop
  endfacet
  facet normal -0 -0 1
    outer loop
      vertex 5.51001 -2.11905 19.5
      vertex 6.67326 -2.31102 19.5
      vertex 5.50412 -2.04483 19.5
    endloop
  endfacet
  facet normal 0 0 1
    outer loop
      vertex 6.38223 -1.29628 19.5
      vertex 6.55801 -1.4288 19.5
      vertex 6.53421 -1.40248 19.5
    endloop
  endfacet
  facet normal 0 0 1
    outer loop
      vertex 6.38223 -1.29628 19.5
      vertex 6.53421 -1.40248 19.5
      vertex 6.50806 -1.37775 19.5
    endloop
  endfacet
  facet normal -0 -0 1
    outer loop
      vertex 5.51982 -2.18901 19.5
      vertex 6.67326 -2.31102 19.5
      vertex 5.51001 -2.11905 19.5
    endloop
  endfacet
  facet normal 0 0 1
    outer loop
      vertex 6.44876 -1.33311 19.5
      vertex 6.50806 -1.37775 19.5
      vertex 6.47958 -1.35463 19.5
    endloop
  endfacet
  facet normal 0 0 1
    outer loop
      vertex 6.41612 -1.31354 19.5
      vertex 6.50806 -1.37775 19.5
      vertex 6.44876 -1.33311 19.5
    endloop
  endfacet
  facet normal -0 -0 1
    outer loop
      vertex 5.53354 -2.25475 19.5
      vertex 6.67326 -2.31102 19.5
      vertex 5.51982 -2.18901 19.5
    endloop
  endfacet
  facet normal 0 0 1
    outer loop
      vertex 6.38223 -1.29628 19.5
      vertex 6.50806 -1.37775 19.5
      vertex 6.41612 -1.31354 19.5
    endloop
  endfacet
  facet normal 0 0 1
    outer loop
      vertex 6.64194 -1.58449 19.5
      vertex 6.38223 -1.29628 19.5
      vertex 6.34706 -1.28131 19.5
    endloop
  endfacet
  facet normal 0 0 1
    outer loop
      vertex 6.67326 -2.31102 19.5
      vertex 5.53354 -2.25475 19.5
      vertex 6.63579 -2.39493 19.5
    endloop
  endfacet
  facet normal 0 0 1
    outer loop
      vertex 6.64194 -1.58449 19.5
      vertex 6.34706 -1.28131 19.5
      vertex 6.31061 -1.26865 19.5
    endloop
  endfacet
  facet normal 0 0 1
    outer loop
      vertex 6.64194 -1.58449 19.5
      vertex 6.31061 -1.26865 19.5
      vertex 6.2729 -1.25829 19.5
    endloop
  endfacet
  facet normal 0 -0 1
    outer loop
      vertex 6.11978 -2.71085 19.5
      vertex 6.63579 -2.39493 19.5
      vertex 5.53354 -2.25475 19.5
    endloop
  endfacet
  facet normal 0 0 1
    outer loop
      vertex 6.64194 -1.58449 19.5
      vertex 6.2729 -1.25829 19.5
      vertex 6.23392 -1.25023 19.5
    endloop
  endfacet
  facet normal 0 0 1
    outer loop
      vertex 6.64194 -1.58449 19.5
      vertex 6.23392 -1.25023 19.5
      vertex 6.19366 -1.24448 19.5
    endloop
  endfacet
  facet normal 0 0 1
    outer loop
      vertex 6.63579 -2.39493 19.5
      vertex 6.11978 -2.71085 19.5
      vertex 6.5923 -2.46898 19.5
    endloop
  endfacet
  facet normal 0 0 1
    outer loop
      vertex 6.64194 -1.58449 19.5
      vertex 6.19366 -1.24448 19.5
      vertex 6.15213 -1.24103 19.5
    endloop
  endfacet
  facet normal 0 0 1
    outer loop
      vertex 6.64194 -1.58449 19.5
      vertex 6.15213 -1.24103 19.5
      vertex 6.10934 -1.23987 19.5
    endloop
  endfacet
  facet normal 0 -0 1
    outer loop
      vertex 6.20531 -2.7059 19.5
      vertex 6.5923 -2.46898 19.5
      vertex 6.11978 -2.71085 19.5
    endloop
  endfacet
  facet normal 0 0 1
    outer loop
      vertex 6.64194 -1.58449 19.5
      vertex 6.10934 -1.23987 19.5
      vertex 5.51932 -1.74776 19.5
    endloop
  endfacet
  facet normal 0 0 1
    outer loop
      vertex 6.48732 -2.58745 19.5
      vertex 6.20531 -2.7059 19.5
      vertex 6.42583 -2.63187 19.5
    endloop
  endfacet
  facet normal 0 0 1
    outer loop
      vertex 5.53265 -1.68336 19.5
      vertex 6.10934 -1.23987 19.5
      vertex 6.04482 -1.24216 19.5
    endloop
  endfacet
  facet normal 0 0 1
    outer loop
      vertex 6.42583 -2.63187 19.5
      vertex 6.20531 -2.7059 19.5
      vertex 6.35832 -2.66643 19.5
    endloop
  endfacet
  facet normal 0 0 1
    outer loop
      vertex 5.54982 -1.62318 19.5
      vertex 6.04482 -1.24216 19.5
      vertex 5.98384 -1.24901 19.5
    endloop
  endfacet
  facet normal 0 0 1
    outer loop
      vertex 6.35832 -2.66643 19.5
      vertex 6.20531 -2.7059 19.5
      vertex 6.28482 -2.6911 19.5
    endloop
  endfacet
  facet normal 0 0 1
    outer loop
      vertex 5.57079 -1.56726 19.5
      vertex 5.98384 -1.24901 19.5
      vertex 5.92642 -1.26044 19.5
    endloop
  endfacet
  facet normal 0 0 1
    outer loop
      vertex 6.54282 -2.53314 19.5
      vertex 6.20531 -2.7059 19.5
      vertex 6.48732 -2.58745 19.5
    endloop
  endfacet
  facet normal 0 0 1
    outer loop
      vertex 5.57079 -1.56726 19.5
      vertex 5.92642 -1.26044 19.5
      vertex 5.87256 -1.27641 19.5
    endloop
  endfacet
  facet normal 0 0 1
    outer loop
      vertex 6.5923 -2.46898 19.5
      vertex 6.20531 -2.7059 19.5
      vertex 6.54282 -2.53314 19.5
    endloop
  endfacet
  facet normal 0 0 1
    outer loop
      vertex 5.57079 -1.56726 19.5
      vertex 5.87256 -1.27641 19.5
      vertex 5.82225 -1.29697 19.5
    endloop
  endfacet
  facet normal 0 0 1
    outer loop
      vertex 6.11978 -2.71085 19.5
      vertex 5.53354 -2.25475 19.5
      vertex 6.0549 -2.70848 19.5
    endloop
  endfacet
  facet normal 0 0 1
    outer loop
      vertex 5.57079 -1.56726 19.5
      vertex 5.82225 -1.29697 19.5
      vertex 5.7755 -1.3221 19.5
    endloop
  endfacet
  facet normal -0 -0 1
    outer loop
      vertex 5.55119 -2.31625 19.5
      vertex 6.0549 -2.70848 19.5
      vertex 5.53354 -2.25475 19.5
    endloop
  endfacet
  facet normal 0 0 1
    outer loop
      vertex 5.57079 -1.56726 19.5
      vertex 5.7755 -1.3221 19.5
      vertex 5.7323 -1.35179 19.5
    endloop
  endfacet
  facet normal 0 0 1
    outer loop
      vertex 6.0549 -2.70848 19.5
      vertex 5.55119 -2.31625 19.5
      vertex 5.99348 -2.70142 19.5
    endloop
  endfacet
  facet normal 0 0 1
    outer loop
      vertex 5.57079 -1.56726 19.5
      vertex 5.7323 -1.35179 19.5
      vertex 5.69264 -1.38605 19.5
    endloop
  endfacet
  facet normal -0 -0 1
    outer loop
      vertex 5.57277 -2.37352 19.5
      vertex 5.99348 -2.70142 19.5
      vertex 5.55119 -2.31625 19.5
    endloop
  endfacet
  facet normal 0 0 1
    outer loop
      vertex 5.57079 -1.56726 19.5
      vertex 5.69264 -1.38605 19.5
      vertex 5.65656 -1.42487 19.5
    endloop
  endfacet
  facet normal 0 0 1
    outer loop
      vertex 5.99348 -2.70142 19.5
      vertex 5.57277 -2.37352 19.5
      vertex 5.93555 -2.68962 19.5
    endloop
  endfacet
  facet normal 0 0 1
    outer loop
      vertex 5.57079 -1.56726 19.5
      vertex 5.65656 -1.42487 19.5
      vertex 5.62415 -1.46809 19.5
    endloop
  endfacet
  facet normal -0 -0 1
    outer loop
      vertex 5.59828 -2.42654 19.5
      vertex 5.93555 -2.68962 19.5
      vertex 5.57277 -2.37352 19.5
    endloop
  endfacet
  facet normal 0 0 1
    outer loop
      vertex 5.57079 -1.56726 19.5
      vertex 5.62415 -1.46809 19.5
      vertex 5.59557 -1.51556 19.5
    endloop
  endfacet
  facet normal 0 0 1
    outer loop
      vertex 5.88109 -2.67313 19.5
      vertex 5.59828 -2.42654 19.5
      vertex 5.83012 -2.6519 19.5
    endloop
  endfacet
  facet normal 0 0 1
    outer loop
      vertex 5.98384 -1.24901 19.5
      vertex 5.57079 -1.56726 19.5
      vertex 5.54982 -1.62318 19.5
    endloop
  endfacet
  facet normal 0 0 1
    outer loop
      vertex 5.83012 -2.6519 19.5
      vertex 5.59828 -2.42654 19.5
      vertex 5.78264 -2.62598 19.5
    endloop
  endfacet
  facet normal 0 0 1
    outer loop
      vertex 6.04482 -1.24216 19.5
      vertex 5.54982 -1.62318 19.5
      vertex 5.53265 -1.68336 19.5
    endloop
  endfacet
  facet normal 0 0 1
    outer loop
      vertex 5.78264 -2.62598 19.5
      vertex 5.59828 -2.42654 19.5
      vertex 5.73862 -2.59532 19.5
    endloop
  endfacet
  facet normal 0 0 1
    outer loop
      vertex 6.10934 -1.23987 19.5
      vertex 5.53265 -1.68336 19.5
      vertex 5.51932 -1.74776 19.5
    endloop
  endfacet
  facet normal 0 0 1
    outer loop
      vertex 5.66104 -2.51988 19.5
      vertex 5.59828 -2.42654 19.5
      vertex 5.6277 -2.47533 19.5
    endloop
  endfacet
  facet normal 0 0 1
    outer loop
      vertex 6.64194 -1.58449 19.5
      vertex 5.51932 -1.74776 19.5
      vertex 5.50978 -1.81641 19.5
    endloop
  endfacet
  facet normal 0 0 1
    outer loop
      vertex 5.69809 -2.55997 19.5
      vertex 5.59828 -2.42654 19.5
      vertex 5.66104 -2.51988 19.5
    endloop
  endfacet
  facet normal 0 0 1
    outer loop
      vertex 6.64194 -1.58449 19.5
      vertex 5.50978 -1.81641 19.5
      vertex 5.50407 -1.88928 19.5
    endloop
  endfacet
  facet normal 0 0 1
    outer loop
      vertex 5.73862 -2.59532 19.5
      vertex 5.59828 -2.42654 19.5
      vertex 5.69809 -2.55997 19.5
    endloop
  endfacet
  facet normal 0 0 1
    outer loop
      vertex 6.64194 -1.58449 19.5
      vertex 5.50407 -1.88928 19.5
      vertex 5.50217 -1.9664 19.5
    endloop
  endfacet
  facet normal 0 0 1
    outer loop
      vertex 5.93555 -2.68962 19.5
      vertex 5.59828 -2.42654 19.5
      vertex 5.88109 -2.67313 19.5
    endloop
  endfacet
  facet normal 0 0 1
    outer loop
      vertex 21.1293 -1.26585 19.5
      vertex 21.3628 -1.58641 19.5
      vertex 21.364 -1.55376 19.5
    endloop
  endfacet
  facet normal 0 0 1
    outer loop
      vertex 21.1916 -1.28455 19.5
      vertex 21.364 -1.55376 19.5
      vertex 21.3592 -1.49019 19.5
    endloop
  endfacet
  facet normal 0 -0 1
    outer loop
      vertex 21.1348 -1.85503 19.5
      vertex 21.3628 -1.58641 19.5
      vertex 21.1293 -1.26585 19.5
    endloop
  endfacet
  facet normal 0 0 1
    outer loop
      vertex 21.3628 -1.58641 19.5
      vertex 21.1659 -1.84573 19.5
      vertex 21.3592 -1.6174 19.5
    endloop
  endfacet
  facet normal 0 0 1
    outer loop
      vertex 21.1916 -1.28455 19.5
      vertex 21.3592 -1.49019 19.5
      vertex 21.3448 -1.43411 19.5
    endloop
  endfacet
  facet normal 0 0 1
    outer loop
      vertex 21.364 -1.55376 19.5
      vertex 21.1916 -1.28455 19.5
      vertex 21.1293 -1.26585 19.5
    endloop
  endfacet
  facet normal 0 0 1
    outer loop
      vertex 21.3592 -1.6174 19.5
      vertex 21.1659 -1.84573 19.5
      vertex 21.3533 -1.64674 19.5
    endloop
  endfacet
  facet normal 0 0 1
    outer loop
      vertex 21.2442 -1.31073 19.5
      vertex 21.3448 -1.43411 19.5
      vertex 21.3208 -1.3855 19.5
    endloop
  endfacet
  facet normal 0 -0 1
    outer loop
      vertex 21.1949 -1.8344 19.5
      vertex 21.3533 -1.64674 19.5
      vertex 21.1659 -1.84573 19.5
    endloop
  endfacet
  facet normal 0 0 1
    outer loop
      vertex 21.3533 -1.64674 19.5
      vertex 21.1949 -1.8344 19.5
      vertex 21.3451 -1.67444 19.5
    endloop
  endfacet
  facet normal 0 0 1
    outer loop
      vertex 21.2442 -1.31073 19.5
      vertex 21.3208 -1.3855 19.5
      vertex 21.2873 -1.34438 19.5
    endloop
  endfacet
  facet normal 0 0 1
    outer loop
      vertex 21.3448 -1.43411 19.5
      vertex 21.2442 -1.31073 19.5
      vertex 21.1916 -1.28455 19.5
    endloop
  endfacet
  facet normal 0 0 1
    outer loop
      vertex 21.3451 -1.67444 19.5
      vertex 21.2216 -1.82098 19.5
      vertex 21.3345 -1.70045 19.5
    endloop
  endfacet
  facet normal 0 0 1
    outer loop
      vertex 21.3062 -1.74754 19.5
      vertex 21.2216 -1.82098 19.5
      vertex 21.2885 -1.76859 19.5
    endloop
  endfacet
  facet normal 0 0 1
    outer loop
      vertex 21.2885 -1.76859 19.5
      vertex 21.2461 -1.80553 19.5
      vertex 21.2685 -1.78799 19.5
    endloop
  endfacet
  facet normal 0 0 1
    outer loop
      vertex 21.2885 -1.76859 19.5
      vertex 21.2216 -1.82098 19.5
      vertex 21.2461 -1.80553 19.5
    endloop
  endfacet
  facet normal 0 0 1
    outer loop
      vertex 21.3215 -1.72482 19.5
      vertex 21.2216 -1.82098 19.5
      vertex 21.3062 -1.74754 19.5
    endloop
  endfacet
  facet normal 0 0 1
    outer loop
      vertex 21.3345 -1.70045 19.5
      vertex 21.2216 -1.82098 19.5
      vertex 21.3215 -1.72482 19.5
    endloop
  endfacet
  facet normal 0 -0 1
    outer loop
      vertex 21.2216 -1.82098 19.5
      vertex 21.3451 -1.67444 19.5
      vertex 21.1949 -1.8344 19.5
    endloop
  endfacet
  facet normal 0 0 1
    outer loop
      vertex 21.3628 -1.58641 19.5
      vertex 21.1348 -1.85503 19.5
      vertex 21.1659 -1.84573 19.5
    endloop
  endfacet
  facet normal 0 0 1
    outer loop
      vertex 21.1293 -1.26585 19.5
      vertex 21.1014 -1.86224 19.5
      vertex 21.1348 -1.85503 19.5
    endloop
  endfacet
  facet normal 0 0 1
    outer loop
      vertex 21.0575 -1.25464 19.5
      vertex 21.1014 -1.86224 19.5
      vertex 21.1293 -1.26585 19.5
    endloop
  endfacet
  facet normal 0 0 1
    outer loop
      vertex 21.1014 -1.86224 19.5
      vertex 21.0575 -1.25464 19.5
      vertex 21.0658 -1.8674 19.5
    endloop
  endfacet
  facet normal 0 0 1
    outer loop
      vertex 21.0575 -1.25464 19.5
      vertex 21.028 -1.87048 19.5
      vertex 21.0658 -1.8674 19.5
    endloop
  endfacet
  facet normal 0 0 1
    outer loop
      vertex 21.0575 -1.25464 19.5
      vertex 20.988 -1.87152 19.5
      vertex 21.028 -1.87048 19.5
    endloop
  endfacet
  facet normal 0 0 1
    outer loop
      vertex 20.9761 -1.2509 19.5
      vertex 20.988 -1.87152 19.5
      vertex 21.0575 -1.25464 19.5
    endloop
  endfacet
  facet normal 0 0 1
    outer loop
      vertex 20.4121 -1.87152 19.5
      vertex 20.9761 -1.2509 19.5
      vertex 20.4121 -1.2509 19.5
    endloop
  endfacet
  facet normal 0 0 1
    outer loop
      vertex 20.9761 -1.2509 19.5
      vertex 20.4121 -1.87152 19.5
      vertex 20.988 -1.87152 19.5
    endloop
  endfacet
  facet normal 0 0 -1
    outer loop
      vertex 48.5 -0.5 0
      vertex 50.5 5.5 0
      vertex 50.5 -16 0
    endloop
  endfacet
  facet normal 0 0 -1
    outer loop
      vertex 48.5 -0.5 0
      vertex 50.5 -16 0
      vertex 48.5 -14 0
    endloop
  endfacet
  facet normal 0 0 -1
    outer loop
      vertex 50.5 -16 0
      vertex 0.5 -14 0
      vertex 48.5 -14 0
    endloop
  endfacet
  facet normal -0 0 -1
    outer loop
      vertex 0.5 -14 0
      vertex -1.5 -16 0
      vertex 0.5 -0.5 0
    endloop
  endfacet
  facet normal 0 0 -1
    outer loop
      vertex -1.5 -16 0
      vertex 0.5 -14 0
      vertex 50.5 -16 0
    endloop
  endfacet
  facet normal 0 0 -1
    outer loop
      vertex 48.63 3.93 0
      vertex 50.5 5.5 0
      vertex 48.63 1.15 0
    endloop
  endfacet
  facet normal 0 0 -1
    outer loop
      vertex 22.99 3.93 0
      vertex 50.5 5.5 0
      vertex 48.63 3.93 0
    endloop
  endfacet
  facet normal 0 0 -1
    outer loop
      vertex 21.71 3.93 0
      vertex 22.99 3.93 0
      vertex 21.71 1.15 0
    endloop
  endfacet
  facet normal 0 0 -1
    outer loop
      vertex -1.5 5.5 0
      vertex 22.99 3.93 0
      vertex 21.71 3.93 0
    endloop
  endfacet
  facet normal 0 0 -1
    outer loop
      vertex -1.5 5.5 0
      vertex 21.71 3.93 0
      vertex 1.15 3.93 0
    endloop
  endfacet
  facet normal 0 0 -1
    outer loop
      vertex 22.99 3.93 0
      vertex -1.5 5.5 0
      vertex 50.5 5.5 0
    endloop
  endfacet
  facet normal 0 0 -1
    outer loop
      vertex 1.15 1.15 0
      vertex -1.5 5.5 0
      vertex 1.15 3.93 0
    endloop
  endfacet
  facet normal 0 0 -1
    outer loop
      vertex -1.5 5.5 0
      vertex 0.5 -0.5 0
      vertex -1.5 -16 0
    endloop
  endfacet
  facet normal 0 0 -1
    outer loop
      vertex 50.5 5.5 0
      vertex 48.5 -0.5 0
      vertex 48.63 1.15 0
    endloop
  endfacet
  facet normal 0 0 -1
    outer loop
      vertex 48.5 -0.5 0
      vertex 22.99 1.15 0
      vertex 48.63 1.15 0
    endloop
  endfacet
  facet normal 0 0 -1
    outer loop
      vertex 22.99 1.15 0
      vertex 21.71 1.15 0
      vertex 22.99 3.93 0
    endloop
  endfacet
  facet normal 0 0 -1
    outer loop
      vertex 0.5 -0.5 0
      vertex 22.99 1.15 0
      vertex 48.5 -0.5 0
    endloop
  endfacet
  facet normal -0 0 -1
    outer loop
      vertex 22.99 1.15 0
      vertex 0.5 -0.5 0
      vertex 21.71 1.15 0
    endloop
  endfacet
  facet normal 0 0 -1
    outer loop
      vertex -1.5 5.5 0
      vertex 1.15 1.15 0
      vertex 0.5 -0.5 0
    endloop
  endfacet
  facet normal -0 0 -1
    outer loop
      vertex 21.71 1.15 0
      vertex 0.5 -0.5 0
      vertex 1.15 1.15 0
    endloop
  endfacet
  facet normal -1 0 0
    outer loop
      vertex -1.5 -16 0
      vertex -1.5 5.5 19.5
      vertex -1.5 5.5 0
    endloop
  endfacet
  facet normal -1 -0 0
    outer loop
      vertex -1.5 5.5 19.5
      vertex -1.5 -16 0
      vertex -1.5 -16 19.5
    endloop
  endfacet
  facet normal 0 1 -0
    outer loop
      vertex 50.5 5.5 0
      vertex -1.5 5.5 19.5
      vertex 50.5 5.5 19.5
    endloop
  endfacet
  facet normal 0 1 0
    outer loop
      vertex -1.5 5.5 19.5
      vertex 50.5 5.5 0
      vertex -1.5 5.5 0
    endloop
  endfacet
  facet normal 0 -1 0
    outer loop
      vertex -1.5 -16 0
      vertex 50.5 -16 19.5
      vertex -1.5 -16 19.5
    endloop
  endfacet
  facet normal 0 -1 -0
    outer loop
      vertex 50.5 -16 19.5
      vertex -1.5 -16 0
      vertex 50.5 -16 0
    endloop
  endfacet
  facet normal -1 0 0
    outer loop
      vertex 48.5 -0.5 0
      vertex 48.5 -14 0
      vertex 48.5 -0.5 3
    endloop
  endfacet
  facet normal -1 0 0
    outer loop
      vertex 48.5 -0.5 3
      vertex 48.5 3.5 17
      vertex 48.5 3.5 3
    endloop
  endfacet
  facet normal -1 0 0
    outer loop
      vertex 48.5 -14 17
      vertex 48.5 -0.5 3
      vertex 48.5 -14 0
    endloop
  endfacet
  facet normal -1 0 0
    outer loop
      vertex 48.5 -0.5 3
      vertex 48.5 -14 17
      vertex 48.5 3.5 17
    endloop
  endfacet
  facet normal 0 0 -1
    outer loop
      vertex 26.0851 -7.69615 17
      vertex 48.5 -14 17
      vertex 26.1 -8 17
    endloop
  endfacet
  facet normal 0 0 -1
    outer loop
      vertex 48.5 -14 17
      vertex 26.0851 -8.30385 17
      vertex 26.1 -8 17
    endloop
  endfacet
  facet normal 0 0 -1
    outer loop
      vertex 48.5 -14 17
      vertex 26.0404 -8.60478 17
      vertex 26.0851 -8.30385 17
    endloop
  endfacet
  facet normal 0 0 -1
    outer loop
      vertex 48.5 -14 17
      vertex 25.9665 -8.89988 17
      vertex 26.0404 -8.60478 17
    endloop
  endfacet
  facet normal 0 0 -1
    outer loop
      vertex 48.5 -14 17
      vertex 25.864 -9.18632 17
      vertex 25.9665 -8.89988 17
    endloop
  endfacet
  facet normal 0 0 -1
    outer loop
      vertex 48.5 -14 17
      vertex 25.734 -9.46133 17
      vertex 25.864 -9.18632 17
    endloop
  endfacet
  facet normal 0 0 -1
    outer loop
      vertex 48.5 -14 17
      vertex 25.5776 -9.72227 17
      vertex 25.734 -9.46133 17
    endloop
  endfacet
  facet normal 0 0 -1
    outer loop
      vertex 48.5 -14 17
      vertex 25.3963 -9.96662 17
      vertex 25.5776 -9.72227 17
    endloop
  endfacet
  facet normal 0 0 -1
    outer loop
      vertex 48.5 -14 17
      vertex 25.192 -10.192 17
      vertex 25.3963 -9.96662 17
    endloop
  endfacet
  facet normal 0 0 -1
    outer loop
      vertex 48.5 -14 17
      vertex 24.9666 -10.3963 17
      vertex 25.192 -10.192 17
    endloop
  endfacet
  facet normal 0 0 -1
    outer loop
      vertex 48.5 -14 17
      vertex 24.7223 -10.5776 17
      vertex 24.9666 -10.3963 17
    endloop
  endfacet
  facet normal 0 0 -1
    outer loop
      vertex 48.5 -14 17
      vertex 24.4613 -10.734 17
      vertex 24.7223 -10.5776 17
    endloop
  endfacet
  facet normal 0 0 -1
    outer loop
      vertex 48.5 -14 17
      vertex 24.1863 -10.864 17
      vertex 24.4613 -10.734 17
    endloop
  endfacet
  facet normal 0 0 -1
    outer loop
      vertex 48.5 -14 17
      vertex 23.8999 -10.9665 17
      vertex 24.1863 -10.864 17
    endloop
  endfacet
  facet normal 0 0 -1
    outer loop
      vertex 48.5 -14 17
      vertex 23.6048 -11.0404 17
      vertex 23.8999 -10.9665 17
    endloop
  endfacet
  facet normal 0 0 -1
    outer loop
      vertex 48.5 -14 17
      vertex 23.3039 -11.0851 17
      vertex 23.6048 -11.0404 17
    endloop
  endfacet
  facet normal 0 0 -1
    outer loop
      vertex 48.5 -14 17
      vertex 23 -11.1 17
      vertex 23.3039 -11.0851 17
    endloop
  endfacet
  facet normal 0 0 -1
    outer loop
      vertex 0.5 -14 17
      vertex 23 -11.1 17
      vertex 48.5 -14 17
    endloop
  endfacet
  facet normal 0 0 -1
    outer loop
      vertex 19.9149 -8.30385 17
      vertex 11.1 -8 17
      vertex 19.9 -8 17
    endloop
  endfacet
  facet normal 0 0 -1
    outer loop
      vertex 11.0851 -8.30385 17
      vertex 19.9149 -8.30385 17
      vertex 19.9596 -8.60478 17
    endloop
  endfacet
  facet normal 0 0 -1
    outer loop
      vertex 11.0404 -8.60478 17
      vertex 19.9596 -8.60478 17
      vertex 20.0335 -8.89988 17
    endloop
  endfacet
  facet normal 0 0 -1
    outer loop
      vertex 10.9665 -8.89988 17
      vertex 20.0335 -8.89988 17
      vertex 20.136 -9.18632 17
    endloop
  endfacet
  facet normal 0 0 -1
    outer loop
      vertex 10.864 -9.18632 17
      vertex 20.136 -9.18632 17
      vertex 20.266 -9.46133 17
    endloop
  endfacet
  facet normal 0 0 -1
    outer loop
      vertex 10.734 -9.46133 17
      vertex 20.266 -9.46133 17
      vertex 20.4224 -9.72227 17
    endloop
  endfacet
  facet normal 0 0 -1
    outer loop
      vertex 10.5776 -9.72227 17
      vertex 20.4224 -9.72227 17
      vertex 20.6037 -9.96662 17
    endloop
  endfacet
  facet normal 0 0 -1
    outer loop
      vertex 10.3963 -9.96662 17
      vertex 20.6037 -9.96662 17
      vertex 20.808 -10.192 17
    endloop
  endfacet
  facet normal 0 0 -1
    outer loop
      vertex 10.192 -10.192 17
      vertex 20.808 -10.192 17
      vertex 21.0334 -10.3963 17
    endloop
  endfacet
  facet normal 0 0 -1
    outer loop
      vertex 9.96662 -10.3963 17
      vertex 21.0334 -10.3963 17
      vertex 21.2777 -10.5776 17
    endloop
  endfacet
  facet normal 0 0 -1
    outer loop
      vertex 9.72227 -10.5776 17
      vertex 21.2777 -10.5776 17
      vertex 21.5387 -10.734 17
    endloop
  endfacet
  facet normal 0 0 -1
    outer loop
      vertex 9.46133 -10.734 17
      vertex 21.5387 -10.734 17
      vertex 21.8137 -10.864 17
    endloop
  endfacet
  facet normal 0 0 -1
    outer loop
      vertex 9.18632 -10.864 17
      vertex 21.8137 -10.864 17
      vertex 22.1001 -10.9665 17
    endloop
  endfacet
  facet normal 0 0 -1
    outer loop
      vertex 19.9149 -8.30385 17
      vertex 11.0851 -8.30385 17
      vertex 11.1 -8 17
    endloop
  endfacet
  facet normal 0 0 -1
    outer loop
      vertex 8.89988 -10.9665 17
      vertex 22.1001 -10.9665 17
      vertex 22.3952 -11.0404 17
    endloop
  endfacet
  facet normal 0 0 -1
    outer loop
      vertex 19.9596 -8.60478 17
      vertex 11.0404 -8.60478 17
      vertex 11.0851 -8.30385 17
    endloop
  endfacet
  facet normal 0 0 -1
    outer loop
      vertex 20.0335 -8.89988 17
      vertex 10.9665 -8.89988 17
      vertex 11.0404 -8.60478 17
    endloop
  endfacet
  facet normal 0 0 -1
    outer loop
      vertex 20.136 -9.18632 17
      vertex 10.864 -9.18632 17
      vertex 10.9665 -8.89988 17
    endloop
  endfacet
  facet normal 0 0 -1
    outer loop
      vertex 20.266 -9.46133 17
      vertex 10.734 -9.46133 17
      vertex 10.864 -9.18632 17
    endloop
  endfacet
  facet normal 0 0 -1
    outer loop
      vertex 0.5 -14 17
      vertex 22.3952 -11.0404 17
      vertex 22.6961 -11.0851 17
    endloop
  endfacet
  facet normal 0 0 -1
    outer loop
      vertex 20.4224 -9.72227 17
      vertex 10.5776 -9.72227 17
      vertex 10.734 -9.46133 17
    endloop
  endfacet
  facet normal -0 0 -1
    outer loop
      vertex 23 -11.1 17
      vertex 0.5 -14 17
      vertex 22.6961 -11.0851 17
    endloop
  endfacet
  facet normal 0 0 -1
    outer loop
      vertex 20.6037 -9.96662 17
      vertex 10.3963 -9.96662 17
      vertex 10.5776 -9.72227 17
    endloop
  endfacet
  facet normal 0 0 -1
    outer loop
      vertex 20.808 -10.192 17
      vertex 10.192 -10.192 17
      vertex 10.3963 -9.96662 17
    endloop
  endfacet
  facet normal 0 0 -1
    outer loop
      vertex 21.0334 -10.3963 17
      vertex 9.96662 -10.3963 17
      vertex 10.192 -10.192 17
    endloop
  endfacet
  facet normal 0 0 -1
    outer loop
      vertex 21.2777 -10.5776 17
      vertex 9.72227 -10.5776 17
      vertex 9.96662 -10.3963 17
    endloop
  endfacet
  facet normal 0 0 -1
    outer loop
      vertex 21.5387 -10.734 17
      vertex 9.46133 -10.734 17
      vertex 9.72227 -10.5776 17
    endloop
  endfacet
  facet normal 0 0 -1
    outer loop
      vertex 21.8137 -10.864 17
      vertex 9.18632 -10.864 17
      vertex 9.46133 -10.734 17
    endloop
  endfacet
  facet normal 0 0 -1
    outer loop
      vertex 22.1001 -10.9665 17
      vertex 8.89988 -10.9665 17
      vertex 9.18632 -10.864 17
    endloop
  endfacet
  facet normal -0 0 -1
    outer loop
      vertex 22.3952 -11.0404 17
      vertex 0.5 -14 17
      vertex 8.60478 -11.0404 17
    endloop
  endfacet
  facet normal 0 0 -1
    outer loop
      vertex 22.3952 -11.0404 17
      vertex 8.60478 -11.0404 17
      vertex 8.89988 -10.9665 17
    endloop
  endfacet
  facet normal 0 0 -1
    outer loop
      vertex 8.60478 -11.0404 17
      vertex 0.5 -14 17
      vertex 8.30385 -11.0851 17
    endloop
  endfacet
  facet normal 0 0 -1
    outer loop
      vertex 8.30385 -11.0851 17
      vertex 0.5 -14 17
      vertex 8 -11.1 17
    endloop
  endfacet
  facet normal -0 0 -1
    outer loop
      vertex 4.91493 -8.30385 17
      vertex 0.5 -14 17
      vertex 4.9 -8 17
    endloop
  endfacet
  facet normal -0 0 -1
    outer loop
      vertex 4.95957 -8.60478 17
      vertex 0.5 -14 17
      vertex 4.91493 -8.30385 17
    endloop
  endfacet
  facet normal -0 0 -1
    outer loop
      vertex 5.03348 -8.89988 17
      vertex 0.5 -14 17
      vertex 4.95957 -8.60478 17
    endloop
  endfacet
  facet normal -0 0 -1
    outer loop
      vertex 5.13597 -9.18632 17
      vertex 0.5 -14 17
      vertex 5.03348 -8.89988 17
    endloop
  endfacet
  facet normal -0 0 -1
    outer loop
      vertex 5.26604 -9.46133 17
      vertex 0.5 -14 17
      vertex 5.13597 -9.18632 17
    endloop
  endfacet
  facet normal -0 0 -1
    outer loop
      vertex 5.42244 -9.72227 17
      vertex 0.5 -14 17
      vertex 5.26604 -9.46133 17
    endloop
  endfacet
  facet normal -0 0 -1
    outer loop
      vertex 5.60367 -9.96662 17
      vertex 0.5 -14 17
      vertex 5.42244 -9.72227 17
    endloop
  endfacet
  facet normal -0 0 -1
    outer loop
      vertex 5.80797 -10.192 17
      vertex 0.5 -14 17
      vertex 5.60367 -9.96662 17
    endloop
  endfacet
  facet normal -0 0 -1
    outer loop
      vertex 6.03338 -10.3963 17
      vertex 0.5 -14 17
      vertex 5.80797 -10.192 17
    endloop
  endfacet
  facet normal -0 0 -1
    outer loop
      vertex 6.27773 -10.5776 17
      vertex 0.5 -14 17
      vertex 6.03338 -10.3963 17
    endloop
  endfacet
  facet normal -0 0 -1
    outer loop
      vertex 6.53867 -10.734 17
      vertex 0.5 -14 17
      vertex 6.27773 -10.5776 17
    endloop
  endfacet
  facet normal -0 0 -1
    outer loop
      vertex 6.81368 -10.864 17
      vertex 0.5 -14 17
      vertex 6.53867 -10.734 17
    endloop
  endfacet
  facet normal -0 0 -1
    outer loop
      vertex 7.10012 -10.9665 17
      vertex 0.5 -14 17
      vertex 6.81368 -10.864 17
    endloop
  endfacet
  facet normal -0 0 -1
    outer loop
      vertex 7.39522 -11.0404 17
      vertex 0.5 -14 17
      vertex 7.10012 -10.9665 17
    endloop
  endfacet
  facet normal -0 0 -1
    outer loop
      vertex 7.69615 -11.0851 17
      vertex 0.5 -14 17
      vertex 7.39522 -11.0404 17
    endloop
  endfacet
  facet normal -0 0 -1
    outer loop
      vertex 8 -11.1 17
      vertex 0.5 -14 17
      vertex 7.69615 -11.0851 17
    endloop
  endfacet
  facet normal 0 0 -1
    outer loop
      vertex 26.0404 -7.39522 17
      vertex 48.5 -14 17
      vertex 26.0851 -7.69615 17
    endloop
  endfacet
  facet normal 0 0 -1
    outer loop
      vertex 48.5 -14 17
      vertex 26.0404 -7.39522 17
      vertex 48.5 3.5 17
    endloop
  endfacet
  facet normal 0 0 -1
    outer loop
      vertex 25.9665 -7.10012 17
      vertex 48.5 3.5 17
      vertex 26.0404 -7.39522 17
    endloop
  endfacet
  facet normal 0 0 -1
    outer loop
      vertex 25.864 -6.81368 17
      vertex 48.5 3.5 17
      vertex 25.9665 -7.10012 17
    endloop
  endfacet
  facet normal 0 0 -1
    outer loop
      vertex 25.734 -6.53867 17
      vertex 48.5 3.5 17
      vertex 25.864 -6.81368 17
    endloop
  endfacet
  facet normal 0 0 -1
    outer loop
      vertex 25.5776 -6.27773 17
      vertex 48.5 3.5 17
      vertex 25.734 -6.53867 17
    endloop
  endfacet
  facet normal 0 0 -1
    outer loop
      vertex 25.3963 -6.03338 17
      vertex 48.5 3.5 17
      vertex 25.5776 -6.27773 17
    endloop
  endfacet
  facet normal 0 0 -1
    outer loop
      vertex 25.192 -5.80797 17
      vertex 48.5 3.5 17
      vertex 25.3963 -6.03338 17
    endloop
  endfacet
  facet normal 0 0 -1
    outer loop
      vertex 24.9666 -5.60367 17
      vertex 48.5 3.5 17
      vertex 25.192 -5.80797 17
    endloop
  endfacet
  facet normal 0 0 -1
    outer loop
      vertex 24.7223 -5.42244 17
      vertex 48.5 3.5 17
      vertex 24.9666 -5.60367 17
    endloop
  endfacet
  facet normal 0 0 -1
    outer loop
      vertex 24.4613 -5.26604 17
      vertex 48.5 3.5 17
      vertex 24.7223 -5.42244 17
    endloop
  endfacet
  facet normal 0 0 -1
    outer loop
      vertex 24.1863 -5.13597 17
      vertex 48.5 3.5 17
      vertex 24.4613 -5.26604 17
    endloop
  endfacet
  facet normal 0 0 -1
    outer loop
      vertex 23.8999 -5.03348 17
      vertex 48.5 3.5 17
      vertex 24.1863 -5.13597 17
    endloop
  endfacet
  facet normal 0 0 -1
    outer loop
      vertex 23.6048 -4.95957 17
      vertex 48.5 3.5 17
      vertex 23.8999 -5.03348 17
    endloop
  endfacet
  facet normal 0 0 -1
    outer loop
      vertex 23.3039 -4.91493 17
      vertex 48.5 3.5 17
      vertex 23.6048 -4.95957 17
    endloop
  endfacet
  facet normal 0 0 -1
    outer loop
      vertex 23 -4.9 17
      vertex 48.5 3.5 17
      vertex 23.3039 -4.91493 17
    endloop
  endfacet
  facet normal 0 0 -1
    outer loop
      vertex 0.5 3.5 17
      vertex 23 -4.9 17
      vertex 22.6961 -4.91493 17
    endloop
  endfacet
  facet normal 0 0 -1
    outer loop
      vertex 0.5 3.5 17
      vertex 22.6961 -4.91493 17
      vertex 22.3952 -4.95957 17
    endloop
  endfacet
  facet normal 0 0 -1
    outer loop
      vertex 0.5 3.5 17
      vertex 22.3952 -4.95957 17
      vertex 22.1001 -5.03348 17
    endloop
  endfacet
  facet normal 0 0 -1
    outer loop
      vertex 11.1 -8 17
      vertex 19.9149 -7.69615 17
      vertex 19.9 -8 17
    endloop
  endfacet
  facet normal 0 0 -1
    outer loop
      vertex 11.0851 -7.69615 17
      vertex 19.9149 -7.69615 17
      vertex 11.1 -8 17
    endloop
  endfacet
  facet normal 0 0 -1
    outer loop
      vertex 19.9149 -7.69615 17
      vertex 11.0851 -7.69615 17
      vertex 19.9596 -7.39522 17
    endloop
  endfacet
  facet normal 0 0 -1
    outer loop
      vertex 11.0404 -7.39522 17
      vertex 19.9596 -7.39522 17
      vertex 11.0851 -7.69615 17
    endloop
  endfacet
  facet normal 0 0 -1
    outer loop
      vertex 19.9596 -7.39522 17
      vertex 11.0404 -7.39522 17
      vertex 20.0335 -7.10012 17
    endloop
  endfacet
  facet normal 0 0 -1
    outer loop
      vertex 10.9665 -7.10012 17
      vertex 20.0335 -7.10012 17
      vertex 11.0404 -7.39522 17
    endloop
  endfacet
  facet normal 0 0 -1
    outer loop
      vertex 20.0335 -7.10012 17
      vertex 10.9665 -7.10012 17
      vertex 20.136 -6.81368 17
    endloop
  endfacet
  facet normal 0 0 -1
    outer loop
      vertex 10.864 -6.81368 17
      vertex 20.136 -6.81368 17
      vertex 10.9665 -7.10012 17
    endloop
  endfacet
  facet normal 0 0 -1
    outer loop
      vertex 20.136 -6.81368 17
      vertex 10.864 -6.81368 17
      vertex 20.266 -6.53867 17
    endloop
  endfacet
  facet normal 0 0 -1
    outer loop
      vertex 10.734 -6.53867 17
      vertex 20.266 -6.53867 17
      vertex 10.864 -6.81368 17
    endloop
  endfacet
  facet normal 0 0 -1
    outer loop
      vertex 20.266 -6.53867 17
      vertex 10.734 -6.53867 17
      vertex 20.4224 -6.27773 17
    endloop
  endfacet
  facet normal 0 0 -1
    outer loop
      vertex 10.5776 -6.27773 17
      vertex 20.4224 -6.27773 17
      vertex 10.734 -6.53867 17
    endloop
  endfacet
  facet normal 0 0 -1
    outer loop
      vertex 20.4224 -6.27773 17
      vertex 10.5776 -6.27773 17
      vertex 20.6037 -6.03338 17
    endloop
  endfacet
  facet normal 0 0 -1
    outer loop
      vertex 10.3963 -6.03338 17
      vertex 20.6037 -6.03338 17
      vertex 10.5776 -6.27773 17
    endloop
  endfacet
  facet normal 0 0 -1
    outer loop
      vertex 20.6037 -6.03338 17
      vertex 10.3963 -6.03338 17
      vertex 20.808 -5.80797 17
    endloop
  endfacet
  facet normal 0 0 -1
    outer loop
      vertex 10.192 -5.80797 17
      vertex 20.808 -5.80797 17
      vertex 10.3963 -6.03338 17
    endloop
  endfacet
  facet normal 0 0 -1
    outer loop
      vertex 20.808 -5.80797 17
      vertex 10.192 -5.80797 17
      vertex 21.0334 -5.60367 17
    endloop
  endfacet
  facet normal 0 0 -1
    outer loop
      vertex 9.96662 -5.60367 17
      vertex 21.0334 -5.60367 17
      vertex 10.192 -5.80797 17
    endloop
  endfacet
  facet normal 0 0 -1
    outer loop
      vertex 21.0334 -5.60367 17
      vertex 9.96662 -5.60367 17
      vertex 21.2777 -5.42244 17
    endloop
  endfacet
  facet normal 0 0 -1
    outer loop
      vertex 9.72227 -5.42244 17
      vertex 21.2777 -5.42244 17
      vertex 9.96662 -5.60367 17
    endloop
  endfacet
  facet normal 0 0 -1
    outer loop
      vertex 21.2777 -5.42244 17
      vertex 9.72227 -5.42244 17
      vertex 21.5387 -5.26604 17
    endloop
  endfacet
  facet normal 0 0 -1
    outer loop
      vertex 9.46133 -5.26604 17
      vertex 21.5387 -5.26604 17
      vertex 9.72227 -5.42244 17
    endloop
  endfacet
  facet normal 0 0 -1
    outer loop
      vertex 21.5387 -5.26604 17
      vertex 9.46133 -5.26604 17
      vertex 21.8137 -5.13597 17
    endloop
  endfacet
  facet normal 0 0 -1
    outer loop
      vertex 9.18632 -5.13597 17
      vertex 21.8137 -5.13597 17
      vertex 9.46133 -5.26604 17
    endloop
  endfacet
  facet normal 0 0 -1
    outer loop
      vertex 0.5 3.5 17
      vertex 21.8137 -5.13597 17
      vertex 9.18632 -5.13597 17
    endloop
  endfacet
  facet normal 0 0 -1
    outer loop
      vertex 21.8137 -5.13597 17
      vertex 0.5 3.5 17
      vertex 22.1001 -5.03348 17
    endloop
  endfacet
  facet normal 0 0 -1
    outer loop
      vertex 0.5 3.5 17
      vertex 9.18632 -5.13597 17
      vertex 8.89988 -5.03348 17
    endloop
  endfacet
  facet normal 0 0 -1
    outer loop
      vertex 0.5 3.5 17
      vertex 8.89988 -5.03348 17
      vertex 8.60478 -4.95957 17
    endloop
  endfacet
  facet normal 0 0 -1
    outer loop
      vertex 0.5 3.5 17
      vertex 8.60478 -4.95957 17
      vertex 8.30385 -4.91493 17
    endloop
  endfacet
  facet normal 0 0 -1
    outer loop
      vertex 0.5 3.5 17
      vertex 8.30385 -4.91493 17
      vertex 8 -4.9 17
    endloop
  endfacet
  facet normal 0 0 -1
    outer loop
      vertex 0.5 3.5 17
      vertex 8 -4.9 17
      vertex 7.69615 -4.91493 17
    endloop
  endfacet
  facet normal 0 0 -1
    outer loop
      vertex 0.5 3.5 17
      vertex 7.69615 -4.91493 17
      vertex 7.39522 -4.95957 17
    endloop
  endfacet
  facet normal 0 0 -1
    outer loop
      vertex 0.5 -14 17
      vertex 4.91493 -7.69615 17
      vertex 4.9 -8 17
    endloop
  endfacet
  facet normal 0 0 -1
    outer loop
      vertex 0.5 -14 17
      vertex 4.95957 -7.39522 17
      vertex 4.91493 -7.69615 17
    endloop
  endfacet
  facet normal 0 0 -1
    outer loop
      vertex 0.5 3.5 17
      vertex 4.95957 -7.39522 17
      vertex 0.5 -14 17
    endloop
  endfacet
  facet normal 0 0 -1
    outer loop
      vertex 4.95957 -7.39522 17
      vertex 0.5 3.5 17
      vertex 5.03348 -7.10012 17
    endloop
  endfacet
  facet normal 0 0 -1
    outer loop
      vertex 5.03348 -7.10012 17
      vertex 0.5 3.5 17
      vertex 5.13597 -6.81368 17
    endloop
  endfacet
  facet normal 0 0 -1
    outer loop
      vertex 5.13597 -6.81368 17
      vertex 0.5 3.5 17
      vertex 5.26604 -6.53867 17
    endloop
  endfacet
  facet normal 0 0 -1
    outer loop
      vertex 23 -4.9 17
      vertex 0.5 3.5 17
      vertex 48.5 3.5 17
    endloop
  endfacet
  facet normal 0 0 -1
    outer loop
      vertex 7.10012 -5.03348 17
      vertex 0.5 3.5 17
      vertex 7.39522 -4.95957 17
    endloop
  endfacet
  facet normal 0 0 -1
    outer loop
      vertex 6.81368 -5.13597 17
      vertex 0.5 3.5 17
      vertex 7.10012 -5.03348 17
    endloop
  endfacet
  facet normal 0 0 -1
    outer loop
      vertex 6.53867 -5.26604 17
      vertex 0.5 3.5 17
      vertex 6.81368 -5.13597 17
    endloop
  endfacet
  facet normal 0 0 -1
    outer loop
      vertex 6.27773 -5.42244 17
      vertex 0.5 3.5 17
      vertex 6.53867 -5.26604 17
    endloop
  endfacet
  facet normal 0 0 -1
    outer loop
      vertex 6.03338 -5.60367 17
      vertex 0.5 3.5 17
      vertex 6.27773 -5.42244 17
    endloop
  endfacet
  facet normal 0 0 -1
    outer loop
      vertex 5.80797 -5.80797 17
      vertex 0.5 3.5 17
      vertex 6.03338 -5.60367 17
    endloop
  endfacet
  facet normal 0 0 -1
    outer loop
      vertex 5.60367 -6.03338 17
      vertex 0.5 3.5 17
      vertex 5.80797 -5.80797 17
    endloop
  endfacet
  facet normal 0 0 -1
    outer loop
      vertex 5.42244 -6.27773 17
      vertex 0.5 3.5 17
      vertex 5.60367 -6.03338 17
    endloop
  endfacet
  facet normal 0 0 -1
    outer loop
      vertex 5.26604 -6.53867 17
      vertex 0.5 3.5 17
      vertex 5.42244 -6.27773 17
    endloop
  endfacet
  facet normal 0 0 1
    outer loop
      vertex 47.69 2.09 3
      vertex 48.5 3.5 3
      vertex 47.69 2.99 3
    endloop
  endfacet
  facet normal 0 0 1
    outer loop
      vertex 48.5 3.5 3
      vertex 46.79 2.99 3
      vertex 47.69 2.99 3
    endloop
  endfacet
  facet normal 0 0 1
    outer loop
      vertex 46.79 2.99 3
      vertex 45.15 2.99 3
      vertex 46.79 2.09 3
    endloop
  endfacet
  facet normal 0 0 1
    outer loop
      vertex 48.5 3.5 3
      vertex 45.15 2.99 3
      vertex 46.79 2.99 3
    endloop
  endfacet
  facet normal 0 0 1
    outer loop
      vertex 48.5 3.5 3
      vertex 44.25 2.99 3
      vertex 45.15 2.99 3
    endloop
  endfacet
  facet normal 0 0 1
    outer loop
      vertex 44.25 2.99 3
      vertex 42.61 2.99 3
      vertex 44.25 2.09 3
    endloop
  endfacet
  facet normal 0 0 1
    outer loop
      vertex 48.5 3.5 3
      vertex 42.61 2.99 3
      vertex 44.25 2.99 3
    endloop
  endfacet
  facet normal 0 0 1
    outer loop
      vertex 48.5 3.5 3
      vertex 41.71 2.99 3
      vertex 42.61 2.99 3
    endloop
  endfacet
  facet normal 0 0 1
    outer loop
      vertex 41.71 2.99 3
      vertex 40.07 2.99 3
      vertex 41.71 2.09 3
    endloop
  endfacet
  facet normal 0 0 1
    outer loop
      vertex 48.5 3.5 3
      vertex 40.07 2.99 3
      vertex 41.71 2.99 3
    endloop
  endfacet
  facet normal 0 0 1
    outer loop
      vertex 48.5 3.5 3
      vertex 39.17 2.99 3
      vertex 40.07 2.99 3
    endloop
  endfacet
  facet normal 0 0 1
    outer loop
      vertex 39.17 2.99 3
      vertex 37.53 2.99 3
      vertex 39.17 2.09 3
    endloop
  endfacet
  facet normal 0 0 1
    outer loop
      vertex 48.5 3.5 3
      vertex 37.53 2.99 3
      vertex 39.17 2.99 3
    endloop
  endfacet
  facet normal 0 0 1
    outer loop
      vertex 48.5 3.5 3
      vertex 36.63 2.99 3
      vertex 37.53 2.99 3
    endloop
  endfacet
  facet normal 0 0 1
    outer loop
      vertex 36.63 2.99 3
      vertex 34.99 2.99 3
      vertex 36.63 2.09 3
    endloop
  endfacet
  facet normal 0 0 1
    outer loop
      vertex 48.5 3.5 3
      vertex 34.99 2.99 3
      vertex 36.63 2.99 3
    endloop
  endfacet
  facet normal 0 0 1
    outer loop
      vertex 48.5 3.5 3
      vertex 34.09 2.99 3
      vertex 34.99 2.99 3
    endloop
  endfacet
  facet normal 0 0 1
    outer loop
      vertex 34.09 2.99 3
      vertex 32.45 2.99 3
      vertex 34.09 2.09 3
    endloop
  endfacet
  facet normal 0 0 1
    outer loop
      vertex 48.5 3.5 3
      vertex 32.45 2.99 3
      vertex 34.09 2.99 3
    endloop
  endfacet
  facet normal 0 0 1
    outer loop
      vertex 48.5 3.5 3
      vertex 31.55 2.99 3
      vertex 32.45 2.99 3
    endloop
  endfacet
  facet normal 0 0 1
    outer loop
      vertex 31.55 2.99 3
      vertex 29.91 2.99 3
      vertex 31.55 2.09 3
    endloop
  endfacet
  facet normal 0 0 1
    outer loop
      vertex 48.5 3.5 3
      vertex 29.91 2.99 3
      vertex 31.55 2.99 3
    endloop
  endfacet
  facet normal 0 0 1
    outer loop
      vertex 48.5 3.5 3
      vertex 29.01 2.99 3
      vertex 29.91 2.99 3
    endloop
  endfacet
  facet normal 0 0 1
    outer loop
      vertex 29.01 2.99 3
      vertex 27.37 2.99 3
      vertex 29.01 2.09 3
    endloop
  endfacet
  facet normal 0 0 1
    outer loop
      vertex 48.5 3.5 3
      vertex 27.37 2.99 3
      vertex 29.01 2.99 3
    endloop
  endfacet
  facet normal 0 0 1
    outer loop
      vertex 48.5 3.5 3
      vertex 26.47 2.99 3
      vertex 27.37 2.99 3
    endloop
  endfacet
  facet normal 0 0 1
    outer loop
      vertex 26.47 2.99 3
      vertex 24.83 2.99 3
      vertex 26.47 2.09 3
    endloop
  endfacet
  facet normal 0 0 1
    outer loop
      vertex 48.5 3.5 3
      vertex 24.83 2.99 3
      vertex 26.47 2.99 3
    endloop
  endfacet
  facet normal 0 0 1
    outer loop
      vertex 48.5 3.5 3
      vertex 23.93 2.99 3
      vertex 24.83 2.99 3
    endloop
  endfacet
  facet normal 0 0 1
    outer loop
      vertex 23.93 2.99 3
      vertex 20.77 2.99 3
      vertex 23.93 2.09 3
    endloop
  endfacet
  facet normal 0 0 1
    outer loop
      vertex 48.5 3.5 3
      vertex 20.77 2.99 3
      vertex 23.93 2.99 3
    endloop
  endfacet
  facet normal 0 0 1
    outer loop
      vertex 48.5 3.5 3
      vertex 19.87 2.99 3
      vertex 20.77 2.99 3
    endloop
  endfacet
  facet normal 0 0 1
    outer loop
      vertex 19.87 2.99 3
      vertex 18.23 2.99 3
      vertex 19.87 2.09 3
    endloop
  endfacet
  facet normal -0 0 1
    outer loop
      vertex 0.5 3.5 3
      vertex 19.87 2.99 3
      vertex 48.5 3.5 3
    endloop
  endfacet
  facet normal 0 0 1
    outer loop
      vertex 19.87 2.99 3
      vertex 0.5 3.5 3
      vertex 18.23 2.99 3
    endloop
  endfacet
  facet normal 0 0 1
    outer loop
      vertex 17.33 2.99 3
      vertex 15.69 2.99 3
      vertex 17.33 2.09 3
    endloop
  endfacet
  facet normal 0 0 1
    outer loop
      vertex 18.23 2.99 3
      vertex 0.5 3.5 3
      vertex 17.33 2.99 3
    endloop
  endfacet
  facet normal 0 0 1
    outer loop
      vertex 17.33 2.99 3
      vertex 0.5 3.5 3
      vertex 15.69 2.99 3
    endloop
  endfacet
  facet normal 0 0 1
    outer loop
      vertex 14.79 2.99 3
      vertex 13.15 2.99 3
      vertex 14.79 2.09 3
    endloop
  endfacet
  facet normal 0 0 1
    outer loop
      vertex 15.69 2.99 3
      vertex 0.5 3.5 3
      vertex 14.79 2.99 3
    endloop
  endfacet
  facet normal 0 0 1
    outer loop
      vertex 14.79 2.99 3
      vertex 0.5 3.5 3
      vertex 13.15 2.99 3
    endloop
  endfacet
  facet normal 0 0 1
    outer loop
      vertex 12.25 2.99 3
      vertex 10.61 2.99 3
      vertex 12.25 2.09 3
    endloop
  endfacet
  facet normal 0 0 1
    outer loop
      vertex 13.15 2.99 3
      vertex 0.5 3.5 3
      vertex 12.25 2.99 3
    endloop
  endfacet
  facet normal 0 0 1
    outer loop
      vertex 12.25 2.99 3
      vertex 0.5 3.5 3
      vertex 10.61 2.99 3
    endloop
  endfacet
  facet normal 0 0 1
    outer loop
      vertex 9.71 2.99 3
      vertex 8.07 2.99 3
      vertex 9.71 2.09 3
    endloop
  endfacet
  facet normal 0 0 1
    outer loop
      vertex 10.61 2.99 3
      vertex 0.5 3.5 3
      vertex 9.71 2.99 3
    endloop
  endfacet
  facet normal 0 0 1
    outer loop
      vertex 9.71 2.99 3
      vertex 0.5 3.5 3
      vertex 8.07 2.99 3
    endloop
  endfacet
  facet normal 0 0 1
    outer loop
      vertex 7.17 2.99 3
      vertex 5.53 2.99 3
      vertex 7.17 2.09 3
    endloop
  endfacet
  facet normal 0 0 1
    outer loop
      vertex 8.07 2.99 3
      vertex 0.5 3.5 3
      vertex 7.17 2.99 3
    endloop
  endfacet
  facet normal 0 0 1
    outer loop
      vertex 7.17 2.99 3
      vertex 0.5 3.5 3
      vertex 5.53 2.99 3
    endloop
  endfacet
  facet normal 0 0 1
    outer loop
      vertex 4.63 2.99 3
      vertex 2.99 2.99 3
      vertex 4.63 2.09 3
    endloop
  endfacet
  facet normal 0 0 1
    outer loop
      vertex 5.53 2.99 3
      vertex 0.5 3.5 3
      vertex 4.63 2.99 3
    endloop
  endfacet
  facet normal 0 0 1
    outer loop
      vertex 4.63 2.99 3
      vertex 0.5 3.5 3
      vertex 2.99 2.99 3
    endloop
  endfacet
  facet normal 0 0 1
    outer loop
      vertex 2.09 2.99 3
      vertex 0.5 3.5 3
      vertex 2.09 2.09 3
    endloop
  endfacet
  facet normal 0 0 1
    outer loop
      vertex 2.99 2.99 3
      vertex 0.5 3.5 3
      vertex 2.09 2.99 3
    endloop
  endfacet
  facet normal 0 0 1
    outer loop
      vertex 48.5 3.5 3
      vertex 47.69 2.09 3
      vertex 48.5 -0.5 3
    endloop
  endfacet
  facet normal -0 0 1
    outer loop
      vertex 46.79 2.09 3
      vertex 48.5 -0.5 3
      vertex 47.69 2.09 3
    endloop
  endfacet
  facet normal 0 0 1
    outer loop
      vertex 45.15 2.09 3
      vertex 46.79 2.09 3
      vertex 45.15 2.99 3
    endloop
  endfacet
  facet normal 0 0 1
    outer loop
      vertex 46.79 2.09 3
      vertex 45.15 2.09 3
      vertex 48.5 -0.5 3
    endloop
  endfacet
  facet normal -0 0 1
    outer loop
      vertex 44.25 2.09 3
      vertex 48.5 -0.5 3
      vertex 45.15 2.09 3
    endloop
  endfacet
  facet normal 0 0 1
    outer loop
      vertex 42.61 2.09 3
      vertex 44.25 2.09 3
      vertex 42.61 2.99 3
    endloop
  endfacet
  facet normal 0 0 1
    outer loop
      vertex 44.25 2.09 3
      vertex 42.61 2.09 3
      vertex 48.5 -0.5 3
    endloop
  endfacet
  facet normal -0 0 1
    outer loop
      vertex 41.71 2.09 3
      vertex 48.5 -0.5 3
      vertex 42.61 2.09 3
    endloop
  endfacet
  facet normal 0 0 1
    outer loop
      vertex 40.07 2.09 3
      vertex 41.71 2.09 3
      vertex 40.07 2.99 3
    endloop
  endfacet
  facet normal -0 0 1
    outer loop
      vertex 40.07 2.09 3
      vertex 48.5 -0.5 3
      vertex 41.71 2.09 3
    endloop
  endfacet
  facet normal -0 0 1
    outer loop
      vertex 39.17 2.09 3
      vertex 48.5 -0.5 3
      vertex 40.07 2.09 3
    endloop
  endfacet
  facet normal 0 0 1
    outer loop
      vertex 37.53 2.09 3
      vertex 39.17 2.09 3
      vertex 37.53 2.99 3
    endloop
  endfacet
  facet normal -0 0 1
    outer loop
      vertex 37.53 2.09 3
      vertex 48.5 -0.5 3
      vertex 39.17 2.09 3
    endloop
  endfacet
  facet normal -0 0 1
    outer loop
      vertex 36.63 2.09 3
      vertex 48.5 -0.5 3
      vertex 37.53 2.09 3
    endloop
  endfacet
  facet normal 0 0 1
    outer loop
      vertex 34.99 2.09 3
      vertex 36.63 2.09 3
      vertex 34.99 2.99 3
    endloop
  endfacet
  facet normal -0 0 1
    outer loop
      vertex 34.99 2.09 3
      vertex 48.5 -0.5 3
      vertex 36.63 2.09 3
    endloop
  endfacet
  facet normal -0 0 1
    outer loop
      vertex 34.09 2.09 3
      vertex 48.5 -0.5 3
      vertex 34.99 2.09 3
    endloop
  endfacet
  facet normal 0 0 1
    outer loop
      vertex 32.45 2.09 3
      vertex 34.09 2.09 3
      vertex 32.45 2.99 3
    endloop
  endfacet
  facet normal -0 0 1
    outer loop
      vertex 32.45 2.09 3
      vertex 48.5 -0.5 3
      vertex 34.09 2.09 3
    endloop
  endfacet
  facet normal -0 0 1
    outer loop
      vertex 31.55 2.09 3
      vertex 48.5 -0.5 3
      vertex 32.45 2.09 3
    endloop
  endfacet
  facet normal 0 0 1
    outer loop
      vertex 29.91 2.09 3
      vertex 31.55 2.09 3
      vertex 29.91 2.99 3
    endloop
  endfacet
  facet normal -0 0 1
    outer loop
      vertex 29.91 2.09 3
      vertex 48.5 -0.5 3
      vertex 31.55 2.09 3
    endloop
  endfacet
  facet normal -0 0 1
    outer loop
      vertex 29.01 2.09 3
      vertex 48.5 -0.5 3
      vertex 29.91 2.09 3
    endloop
  endfacet
  facet normal 0 0 1
    outer loop
      vertex 27.37 2.09 3
      vertex 29.01 2.09 3
      vertex 27.37 2.99 3
    endloop
  endfacet
  facet normal -0 0 1
    outer loop
      vertex 27.37 2.09 3
      vertex 48.5 -0.5 3
      vertex 29.01 2.09 3
    endloop
  endfacet
  facet normal -0 0 1
    outer loop
      vertex 26.47 2.09 3
      vertex 48.5 -0.5 3
      vertex 27.37 2.09 3
    endloop
  endfacet
  facet normal 0 0 1
    outer loop
      vertex 24.83 2.09 3
      vertex 26.47 2.09 3
      vertex 24.83 2.99 3
    endloop
  endfacet
  facet normal -0 0 1
    outer loop
      vertex 24.83 2.09 3
      vertex 48.5 -0.5 3
      vertex 26.47 2.09 3
    endloop
  endfacet
  facet normal -0 0 1
    outer loop
      vertex 23.93 2.09 3
      vertex 48.5 -0.5 3
      vertex 24.83 2.09 3
    endloop
  endfacet
  facet normal 0 0 1
    outer loop
      vertex 20.77 2.09 3
      vertex 23.93 2.09 3
      vertex 20.77 2.99 3
    endloop
  endfacet
  facet normal 0 0 1
    outer loop
      vertex 0.5 -0.5 3
      vertex 23.93 2.09 3
      vertex 20.77 2.09 3
    endloop
  endfacet
  facet normal 0 0 1
    outer loop
      vertex 0.5 -0.5 3
      vertex 20.77 2.09 3
      vertex 19.87 2.09 3
    endloop
  endfacet
  facet normal 0 0 1
    outer loop
      vertex 18.23 2.09 3
      vertex 19.87 2.09 3
      vertex 18.23 2.99 3
    endloop
  endfacet
  facet normal 0 0 1
    outer loop
      vertex 0.5 -0.5 3
      vertex 19.87 2.09 3
      vertex 18.23 2.09 3
    endloop
  endfacet
  facet normal 0 0 1
    outer loop
      vertex 0.5 -0.5 3
      vertex 18.23 2.09 3
      vertex 17.33 2.09 3
    endloop
  endfacet
  facet normal 0 0 1
    outer loop
      vertex 15.69 2.09 3
      vertex 17.33 2.09 3
      vertex 15.69 2.99 3
    endloop
  endfacet
  facet normal 0 0 1
    outer loop
      vertex 0.5 -0.5 3
      vertex 17.33 2.09 3
      vertex 15.69 2.09 3
    endloop
  endfacet
  facet normal 0 0 1
    outer loop
      vertex 0.5 -0.5 3
      vertex 15.69 2.09 3
      vertex 14.79 2.09 3
    endloop
  endfacet
  facet normal 0 0 1
    outer loop
      vertex 13.15 2.09 3
      vertex 14.79 2.09 3
      vertex 13.15 2.99 3
    endloop
  endfacet
  facet normal 0 0 1
    outer loop
      vertex 0.5 -0.5 3
      vertex 14.79 2.09 3
      vertex 13.15 2.09 3
    endloop
  endfacet
  facet normal 0 0 1
    outer loop
      vertex 0.5 -0.5 3
      vertex 13.15 2.09 3
      vertex 12.25 2.09 3
    endloop
  endfacet
  facet normal 0 0 1
    outer loop
      vertex 10.61 2.09 3
      vertex 12.25 2.09 3
      vertex 10.61 2.99 3
    endloop
  endfacet
  facet normal 0 0 1
    outer loop
      vertex 0.5 -0.5 3
      vertex 12.25 2.09 3
      vertex 10.61 2.09 3
    endloop
  endfacet
  facet normal 0 0 1
    outer loop
      vertex 0.5 -0.5 3
      vertex 10.61 2.09 3
      vertex 9.71 2.09 3
    endloop
  endfacet
  facet normal 0 0 1
    outer loop
      vertex 8.07 2.09 3
      vertex 9.71 2.09 3
      vertex 8.07 2.99 3
    endloop
  endfacet
  facet normal 0 0 1
    outer loop
      vertex 0.5 -0.5 3
      vertex 9.71 2.09 3
      vertex 8.07 2.09 3
    endloop
  endfacet
  facet normal 0 0 1
    outer loop
      vertex 0.5 -0.5 3
      vertex 8.07 2.09 3
      vertex 7.17 2.09 3
    endloop
  endfacet
  facet normal 0 0 1
    outer loop
      vertex 5.53 2.09 3
      vertex 7.17 2.09 3
      vertex 5.53 2.99 3
    endloop
  endfacet
  facet normal 0 0 1
    outer loop
      vertex 0.5 -0.5 3
      vertex 7.17 2.09 3
      vertex 5.53 2.09 3
    endloop
  endfacet
  facet normal 0 0 1
    outer loop
      vertex 0.5 -0.5 3
      vertex 5.53 2.09 3
      vertex 4.63 2.09 3
    endloop
  endfacet
  facet normal 0 0 1
    outer loop
      vertex 2.99 2.09 3
      vertex 4.63 2.09 3
      vertex 2.99 2.99 3
    endloop
  endfacet
  facet normal 0 0 1
    outer loop
      vertex 0.5 -0.5 3
      vertex 4.63 2.09 3
      vertex 2.99 2.09 3
    endloop
  endfacet
  facet normal 0 0 1
    outer loop
      vertex 0.5 -0.5 3
      vertex 2.99 2.09 3
      vertex 2.09 2.09 3
    endloop
  endfacet
  facet normal 0 0 1
    outer loop
      vertex 23.93 2.09 3
      vertex 0.5 -0.5 3
      vertex 48.5 -0.5 3
    endloop
  endfacet
  facet normal 0 0 1
    outer loop
      vertex 0.5 -0.5 3
      vertex 2.09 2.09 3
      vertex 0.5 3.5 3
    endloop
  endfacet
  facet normal 1 0 0
    outer loop
      vertex 0.5 3.5 17
      vertex 0.5 -0.5 3
      vertex 0.5 3.5 3
    endloop
  endfacet
  facet normal 1 -0 0
    outer loop
      vertex 0.5 -14 17
      vertex 0.5 -0.5 3
      vertex 0.5 3.5 17
    endloop
  endfacet
  facet normal 1 0 0
    outer loop
      vertex 0.5 -14 0
      vertex 0.5 -0.5 3
      vertex 0.5 -14 17
    endloop
  endfacet
  facet normal 1 0 0
    outer loop
      vertex 0.5 -0.5 3
      vertex 0.5 -14 0
      vertex 0.5 -0.5 0
    endloop
  endfacet
  facet normal 0 -1 0
    outer loop
      vertex 0.5 3.5 3
      vertex 48.5 3.5 17
      vertex 0.5 3.5 17
    endloop
  endfacet
  facet normal 0 -1 -0
    outer loop
      vertex 48.5 3.5 17
      vertex 0.5 3.5 3
      vertex 48.5 3.5 3
    endloop
  endfacet
  facet normal 0 1 -0
    outer loop
      vertex 48.5 -14 0
      vertex 0.5 -14 17
      vertex 48.5 -14 17
    endloop
  endfacet
  facet normal 0 1 0
    outer loop
      vertex 0.5 -14 17
      vertex 48.5 -14 0
      vertex 0.5 -14 0
    endloop
  endfacet
  facet normal 0 -1 0
    outer loop
      vertex 0.5 -0.5 0
      vertex 48.5 -0.5 3
      vertex 0.5 -0.5 3
    endloop
  endfacet
  facet normal 0 -1 -0
    outer loop
      vertex 48.5 -0.5 3
      vertex 0.5 -0.5 0
      vertex 48.5 -0.5 0
    endloop
  endfacet
endsolid OpenSCAD_Model
